customer_id,age,country,booking_date,room_type,booking_channel,lead_time,adr(average daily rate),is_cancelled,total_revenue,booking_month,customer_risk_category,total_guests,stay_duration
2,69,India,04-06-2023,Deluxe,Agent,31,2227.41,1,13364.46,June,Low Risk,2,15
5,60,UAE,27-08-2023,Deluxe,Online,106,14890.68,1,119125.44,August,High Risk,2,11
6,25,India,17-05-2023,Deluxe,Corporate,127,4040.18,1,12120.54,May,High Risk,4,20
7,38,UK,05-12-2023,Deluxe,Corporate,79,7691.99,0,53843.93,December,Medium Risk,4,10
14,53,UK,23-05-2023,Deluxe,Agent,86,14333.6,0,157669.6,May,Medium Risk,4,4
18,39,UAE,09-09-2023,Deluxe,Corporate,106,10546.09,1,137099.17,September,High Risk,2,14
19,19,UK,25-11-2023,Deluxe,Agent,106,8345.65,1,33382.6,November,High Risk,2,6
28,39,UAE,08-10-2023,Deluxe,Corporate,54,9946.04,1,99460.4,October,Medium Risk,3,19
30,42,India,15-08-2023,Deluxe,Online,143,12640.78,1,25281.56,August,High Risk,3,3
31,66,India,07-05-2023,Deluxe,Online,57,2468.7,1,24687,May,Medium Risk,2,8
38,68,UAE,18-11-2023,Deluxe,Corporate,51,8107.18,0,16214.36,November,Medium Risk,2,7
40,69,USA,09-12-2023,Deluxe,Corporate,101,10966.18,1,65797.08,December,High Risk,4,18
52,67,UAE,28-06-2023,Deluxe,Online,71,9601.61,1,76812.88,June,Medium Risk,4,2
57,45,Germany,30-05-2023,Deluxe,Online,119,5981.94,1,77765.22,May,High Risk,2,12
58,64,USA,25-09-2023,Deluxe,Corporate,166,8094.22,1,56659.54,September,High Risk,4,10
59,24,USA,23-11-2023,Deluxe,Online,113,10885.79,1,87086.32,November,High Risk,3,5
64,31,USA,05-03-2023,Deluxe,Agent,80,5461.3,0,70996.9,March,Medium Risk,3,16
65,34,India,26-10-2023,Deluxe,Agent,122,7175.96,1,43055.76,October,High Risk,4,1
68,57,India,25-04-2023,Deluxe,Online,16,12934.97,1,181089.58,April,Low Risk,4,2
69,21,UAE,22-10-2023,Deluxe,Corporate,102,7725.34,1,100429.42,October,High Risk,2,11
70,19,UAE,01-01-2023,Deluxe,Agent,106,10323.81,1,92914.29,January,High Risk,4,12
71,23,India,10-02-2023,Deluxe,Online,119,4076.64,1,8153.28,February,High Risk,2,15
72,59,UK,22-06-2023,Deluxe,Agent,111,4382.97,1,26297.82,June,High Risk,3,8
82,48,USA,31-05-2023,Deluxe,Agent,18,11189.06,0,11189.06,May,Low Risk,4,10
85,25,Germany,09-12-2023,Deluxe,Agent,34,11845.59,0,165838.26,December,Low Risk,4,12
89,38,USA,06-03-2023,Deluxe,Corporate,8,8399.18,0,58794.26,March,Low Risk,2,6
92,35,UK,19-02-2023,Deluxe,Online,92,14651.4,0,58605.6,February,Medium Risk,4,9
98,58,USA,08-12-2023,Deluxe,Agent,34,12594.14,0,100753.12,December,Low Risk,3,16
100,32,India,29-09-2023,Deluxe,Online,110,3040.54,1,21283.78,September,High Risk,2,5
101,62,USA,10-05-2023,Deluxe,Online,42,14877.3,1,74386.5,May,Low Risk,3,15
102,18,USA,26-09-2023,Deluxe,Corporate,44,13723.25,0,178402.25,September,Low Risk,3,4
107,18,UAE,13-08-2023,Deluxe,Corporate,134,13783.36,1,41350.08,August,High Risk,2,8
112,68,UK,17-02-2023,Deluxe,Online,8,14012,0,56048,February,Low Risk,3,11
113,34,UAE,18-01-2023,Deluxe,Agent,147,10210.63,1,71474.41,January,High Risk,2,14
115,52,Germany,06-12-2023,Deluxe,Agent,49,9286.18,0,92861.8,December,Low Risk,2,15
119,59,USA,12-12-2023,Deluxe,Online,65,5815.68,1,34894.08,December,Medium Risk,2,14
123,24,Germany,05-05-2023,Deluxe,Agent,35,3484.07,0,31356.63,May,Low Risk,3,19
125,25,USA,23-06-2023,Deluxe,Online,67,12825.8,1,153909.6,June,Medium Risk,2,17
126,29,India,30-06-2023,Deluxe,Corporate,0,3067.41,0,27606.69,June,Low Risk,4,18
127,51,UK,14-08-2023,Deluxe,Corporate,47,4542.3,0,40880.7,August,Low Risk,3,8
129,65,USA,13-06-2023,Deluxe,Agent,151,5739.41,1,17218.23,June,High Risk,3,20
130,40,UK,12-03-2023,Deluxe,Online,176,11381.59,1,136579.08,March,High Risk,4,4
135,57,UK,01-06-2023,Deluxe,Agent,113,12071.55,1,120715.5,June,High Risk,2,18
142,64,Germany,06-01-2023,Deluxe,Online,104,7224.98,1,101149.72,January,High Risk,3,13
143,31,India,30-11-2023,Deluxe,Corporate,176,10347.15,1,144860.1,November,High Risk,3,6
146,22,India,26-04-2023,Deluxe,Agent,17,8825.32,1,61777.24,April,Low Risk,2,14
151,26,Germany,19-03-2023,Deluxe,Corporate,173,11785.79,1,70714.74,March,High Risk,2,9
152,32,Germany,24-02-2023,Deluxe,Agent,57,8338.13,1,25014.39,February,Medium Risk,2,5
153,32,USA,31-10-2023,Deluxe,Agent,84,10113.12,0,50565.6,October,Medium Risk,2,14
154,43,UK,16-08-2023,Deluxe,Corporate,151,8124.38,1,105616.94,August,High Risk,2,10
155,59,India,29-03-2023,Deluxe,Corporate,155,12644.89,1,164383.57,March,High Risk,3,11
158,49,UAE,17-10-2023,Deluxe,Corporate,32,5153.86,0,10307.72,October,Low Risk,2,18
159,56,India,13-06-2023,Deluxe,Online,66,3800.85,0,11402.55,June,Medium Risk,3,5
160,66,USA,27-08-2023,Deluxe,Corporate,112,6856.75,1,89137.75,August,High Risk,4,6
163,21,India,01-12-2023,Deluxe,Corporate,38,5215.59,1,15646.77,December,Low Risk,4,2
164,47,UK,18-01-2023,Deluxe,Corporate,174,9796.07,1,19592.14,January,High Risk,3,11
170,60,India,05-12-2023,Deluxe,Agent,134,4492.3,1,13476.9,December,High Risk,3,2
171,46,India,05-09-2023,Deluxe,Corporate,112,7794.4,1,54560.8,September,High Risk,3,2
173,30,UAE,21-11-2023,Deluxe,Corporate,107,14208.62,1,71043.1,November,High Risk,3,3
177,39,UAE,07-12-2023,Deluxe,Corporate,153,11825.29,1,153728.77,December,High Risk,4,2
178,45,Germany,03-05-2023,Deluxe,Online,33,11139.42,0,100254.78,May,Low Risk,4,18
179,19,UAE,27-02-2023,Deluxe,Agent,95,11109.61,0,155534.54,February,Medium Risk,2,8
180,59,UK,05-12-2023,Deluxe,Agent,21,8281.96,0,57973.72,December,Low Risk,4,20
184,45,UAE,05-02-2023,Deluxe,Online,150,4046.02,1,52598.26,February,High Risk,4,8
185,61,UAE,22-08-2023,Deluxe,Online,66,2882.89,0,23063.12,August,Medium Risk,4,16
189,28,USA,12-09-2023,Deluxe,Corporate,164,11297.19,1,45188.76,September,High Risk,4,14
190,45,Germany,11-08-2023,Deluxe,Corporate,98,2818.32,1,36638.16,August,Medium Risk,2,11
195,44,USA,30-04-2023,Deluxe,Corporate,30,4235.94,0,12707.82,April,Low Risk,3,2
197,30,India,13-04-2023,Deluxe,Corporate,170,2631.86,1,31582.32,April,High Risk,4,17
201,23,UAE,07-03-2023,Deluxe,Online,19,6399.41,0,31997.05,March,Low Risk,4,16
206,50,Germany,24-12-2023,Deluxe,Online,139,11077.59,1,11077.59,December,High Risk,3,12
209,61,UAE,17-06-2023,Deluxe,Corporate,65,13000.36,1,13000.36,June,Medium Risk,4,12
210,41,UAE,20-09-2023,Deluxe,Agent,72,10765.68,1,43062.72,September,Medium Risk,3,4
211,32,UK,13-05-2023,Deluxe,Agent,154,8980.01,1,53880.06,May,High Risk,3,11
214,41,USA,25-06-2023,Deluxe,Agent,78,10361.95,0,93257.55,June,Medium Risk,4,1
217,66,India,24-10-2023,Deluxe,Online,12,5158.01,1,46422.09,October,Low Risk,2,9
222,19,Germany,01-02-2023,Deluxe,Online,120,3813.17,1,49571.21,February,High Risk,2,14
223,20,Germany,17-02-2023,Deluxe,Corporate,24,10855.99,0,10855.99,February,Low Risk,3,19
224,66,USA,23-11-2023,Deluxe,Online,153,5953.65,1,29768.25,November,High Risk,3,4
228,66,UAE,19-04-2023,Deluxe,Agent,172,10451.41,1,135868.33,April,High Risk,2,14
238,19,UAE,28-07-2023,Deluxe,Corporate,0,11443.08,1,148760.04,July,Low Risk,2,17
241,49,India,15-09-2023,Deluxe,Corporate,10,3096.26,1,6192.52,September,Low Risk,3,1
245,28,UAE,20-06-2023,Deluxe,Online,171,9689.71,1,67827.97,June,High Risk,2,15
247,55,Germany,23-10-2023,Deluxe,Online,119,8872.03,1,106464.36,October,High Risk,4,16
251,51,USA,26-08-2023,Deluxe,Agent,130,14513.72,1,145137.2,August,High Risk,2,11
253,39,India,04-03-2023,Deluxe,Corporate,22,9096.87,1,81871.83,March,Low Risk,3,9
254,28,UK,12-09-2023,Deluxe,Corporate,114,4924.12,1,68937.68,September,High Risk,4,5
256,33,Germany,29-01-2023,Deluxe,Agent,144,8354.26,1,41771.3,January,High Risk,2,11
262,20,UAE,28-10-2023,Deluxe,Corporate,101,4938.42,1,54322.62,October,High Risk,3,8
263,37,India,31-03-2023,Deluxe,Agent,138,9454.82,1,18909.64,March,High Risk,3,10
265,36,USA,30-05-2023,Deluxe,Agent,89,4510.41,0,58635.33,May,Medium Risk,2,17
267,20,India,18-05-2023,Deluxe,Agent,138,6496.09,1,90945.26,May,High Risk,2,14
272,69,UAE,28-12-2023,Deluxe,Corporate,86,8363.91,0,25091.73,December,Medium Risk,3,16
274,50,USA,31-03-2023,Deluxe,Corporate,62,9366.17,1,103027.87,March,Medium Risk,4,2
277,35,USA,02-03-2023,Deluxe,Corporate,120,7862.78,1,31451.12,March,High Risk,4,5
278,57,India,30-12-2023,Deluxe,Corporate,101,6460.73,1,32303.65,December,High Risk,4,13
285,48,Germany,18-03-2023,Deluxe,Corporate,15,7494.56,1,67451.04,March,Low Risk,4,15
287,59,UK,22-04-2023,Deluxe,Agent,118,10164.76,1,10164.76,April,High Risk,4,20
289,24,Germany,01-07-2023,Deluxe,Corporate,131,12073.48,1,156955.24,July,High Risk,4,15
292,65,UK,13-10-2023,Deluxe,Agent,141,13417.8,1,26835.6,October,High Risk,4,18
293,69,Germany,15-04-2023,Deluxe,Agent,93,13209.6,0,184934.4,April,Medium Risk,3,19
297,65,Germany,30-07-2023,Deluxe,Online,127,10019.96,1,100199.6,July,High Risk,2,19
298,29,USA,31-01-2023,Deluxe,Online,10,14335.25,1,57341,January,Low Risk,2,3
301,49,India,02-06-2023,Deluxe,Agent,23,8841.48,0,97256.28,June,Low Risk,2,7
302,26,UK,15-07-2023,Deluxe,Corporate,167,14719.3,1,147193,July,High Risk,2,7
304,52,USA,19-06-2023,Deluxe,Corporate,41,4113.07,0,49356.84,June,Low Risk,3,18
305,36,USA,23-12-2023,Deluxe,Corporate,20,12601.38,1,25202.76,December,Low Risk,4,20
308,20,India,20-08-2023,Deluxe,Corporate,80,2116.9,0,25402.8,August,Medium Risk,2,10
310,41,UK,25-12-2023,Deluxe,Online,123,5139.36,1,41114.88,December,High Risk,2,9
312,41,UAE,01-02-2023,Deluxe,Corporate,61,5262.09,1,42096.72,February,Medium Risk,2,20
315,66,UAE,17-07-2023,Deluxe,Corporate,141,6554.13,1,19662.39,July,High Risk,4,20
321,52,UAE,07-03-2023,Deluxe,Agent,95,10480.51,0,104805.1,March,Medium Risk,2,4
323,42,Germany,23-03-2023,Deluxe,Corporate,18,6204.83,1,49638.64,March,Low Risk,2,11
325,42,UK,24-11-2023,Deluxe,Online,84,2237.8,0,8951.2,November,Medium Risk,2,6
331,52,UK,29-07-2023,Deluxe,Agent,90,14613.97,0,14613.97,July,Medium Risk,3,11
332,33,UK,29-09-2023,Deluxe,Corporate,86,13531.44,0,148845.84,September,Medium Risk,4,13
335,50,UAE,06-06-2023,Deluxe,Corporate,97,8296.89,0,33187.56,June,Medium Risk,2,17
339,38,Germany,22-01-2023,Deluxe,Agent,53,3517.9,0,31661.1,January,Medium Risk,3,15
340,65,UK,24-03-2023,Deluxe,Agent,58,5256.63,0,57822.93,March,Medium Risk,3,15
347,65,UAE,28-10-2023,Deluxe,Online,68,2392.23,0,28706.76,October,Medium Risk,4,3
351,39,UAE,23-05-2023,Deluxe,Online,151,13653.15,1,54612.6,May,High Risk,3,13
352,63,Germany,07-07-2023,Deluxe,Agent,143,9759.43,1,78075.44,July,High Risk,2,9
357,68,Germany,23-01-2023,Deluxe,Corporate,120,10266.04,1,51330.2,January,High Risk,3,14
358,25,Germany,21-12-2023,Deluxe,Online,115,11504.58,1,57522.9,December,High Risk,3,17
359,44,UAE,06-02-2023,Deluxe,Agent,134,2844.77,1,31292.47,February,High Risk,4,16
363,47,Germany,09-11-2023,Deluxe,Agent,3,7939.5,1,103213.5,November,Low Risk,2,15
365,45,USA,08-10-2023,Deluxe,Online,31,2709.98,0,2709.98,October,Low Risk,4,8
367,50,India,06-02-2023,Deluxe,Online,101,7709.77,1,15419.54,February,High Risk,2,6
372,52,UAE,28-08-2023,Deluxe,Online,171,8400.1,1,33600.4,August,High Risk,2,3
377,47,Germany,21-11-2023,Deluxe,Corporate,35,2121.26,0,12727.56,November,Low Risk,4,6
379,63,UAE,07-06-2023,Deluxe,Corporate,23,4065.11,0,44716.21,June,Low Risk,2,1
380,23,USA,31-10-2023,Deluxe,Online,118,6007.72,1,60077.2,October,High Risk,4,3
381,52,UK,22-04-2023,Deluxe,Agent,130,3458.23,1,10374.69,April,High Risk,4,16
386,66,UK,14-10-2023,Deluxe,Online,86,12595.15,0,62975.75,October,Medium Risk,2,12
388,48,UAE,08-10-2023,Deluxe,Corporate,96,6590.95,0,59318.55,October,Medium Risk,2,16
390,50,Germany,08-01-2023,Deluxe,Corporate,153,2466.31,1,27129.41,January,High Risk,4,7
391,69,USA,12-07-2023,Deluxe,Corporate,1,3472.42,0,24306.94,July,Low Risk,3,12
393,49,Germany,07-01-2023,Deluxe,Corporate,39,12217.71,0,97741.68,January,Low Risk,2,10
394,40,Germany,16-05-2023,Deluxe,Agent,136,7263.34,1,36316.7,May,High Risk,2,11
399,59,UK,10-02-2023,Deluxe,Agent,131,6544.29,1,32721.45,February,High Risk,3,12
404,41,UK,14-12-2023,Deluxe,Agent,54,9458.91,0,56753.46,December,Medium Risk,2,17
405,67,Germany,13-08-2023,Deluxe,Online,135,11803.22,1,141638.64,August,High Risk,2,5
406,49,USA,27-11-2023,Deluxe,Agent,72,6171.83,1,67890.13,November,Medium Risk,3,13
407,64,India,19-11-2023,Deluxe,Agent,97,11776.11,0,117761.1,November,Medium Risk,3,20
409,40,UK,26-04-2023,Deluxe,Online,113,3355.64,1,20133.84,April,High Risk,2,19
412,59,USA,14-06-2023,Deluxe,Agent,39,3533.4,0,24733.8,June,Low Risk,4,5
415,34,USA,13-02-2023,Deluxe,Agent,38,2825.64,0,33907.68,February,Low Risk,4,12
418,26,Germany,26-04-2023,Deluxe,Corporate,51,5570.76,1,27853.8,April,Medium Risk,2,11
421,56,India,02-04-2023,Deluxe,Online,146,9446.33,1,113355.96,April,High Risk,3,4
427,42,USA,07-12-2023,Deluxe,Online,169,9439.28,1,66074.96,December,High Risk,2,17
432,62,Germany,27-11-2023,Deluxe,Agent,96,2472.83,0,29673.96,November,Medium Risk,4,6
433,37,Germany,24-07-2023,Deluxe,Agent,21,8501.57,1,17003.14,July,Low Risk,3,3
440,68,UK,22-05-2023,Deluxe,Agent,117,3654.87,1,47513.31,May,High Risk,3,17
441,40,India,11-09-2023,Deluxe,Online,143,8479.01,1,76311.09,September,High Risk,2,6
443,45,UAE,12-09-2023,Deluxe,Corporate,9,12966.87,0,77801.22,September,Low Risk,3,6
447,40,India,11-04-2023,Deluxe,Online,119,11489.9,1,103409.1,April,High Risk,3,20
452,39,UAE,08-03-2023,Deluxe,Agent,161,11550.07,1,57750.35,March,High Risk,3,7
454,69,UAE,12-08-2023,Deluxe,Online,109,14330.88,1,28661.76,August,High Risk,2,8
455,59,Germany,01-01-2023,Deluxe,Agent,0,3779.33,0,7558.66,January,Low Risk,2,7
457,32,Germany,19-04-2023,Deluxe,Online,51,13340.42,0,53361.68,April,Medium Risk,2,16
461,25,India,18-05-2023,Deluxe,Online,46,12121.95,1,157585.35,May,Low Risk,4,19
463,61,India,19-09-2023,Deluxe,Online,82,5634.16,1,67609.92,September,Medium Risk,3,12
464,22,Germany,04-08-2023,Deluxe,Agent,18,7288.33,0,7288.33,August,Low Risk,4,13
473,52,UAE,10-08-2023,Deluxe,Agent,172,9482.09,1,85338.81,August,High Risk,4,10
475,69,USA,29-07-2023,Deluxe,Corporate,136,14948.21,1,104637.47,July,High Risk,3,13
476,33,India,12-03-2023,Deluxe,Agent,150,9541.24,1,66788.68,March,High Risk,2,1
479,59,India,19-09-2023,Deluxe,Agent,155,11108.89,1,77762.23,September,High Risk,3,1
486,54,UK,15-11-2023,Deluxe,Agent,56,13037.63,1,39112.89,November,Medium Risk,3,16
487,43,India,01-10-2023,Deluxe,Online,65,4638.61,0,4638.61,October,Medium Risk,3,6
488,40,UK,29-11-2023,Deluxe,Online,131,2794.56,1,8383.68,November,High Risk,4,4
492,18,Germany,27-04-2023,Deluxe,Corporate,128,8840.58,1,114927.54,April,High Risk,4,6
496,65,Germany,12-08-2023,Deluxe,Agent,69,14567.86,0,14567.86,August,Medium Risk,2,1
499,62,UK,15-12-2023,Deluxe,Corporate,102,3746.82,1,33721.38,December,High Risk,4,6
506,20,UAE,02-04-2023,Deluxe,Corporate,19,3318.94,0,9956.82,April,Low Risk,2,3
507,29,UAE,24-09-2023,Deluxe,Agent,77,12342.76,0,148113.12,September,Medium Risk,4,17
510,68,UK,08-01-2023,Deluxe,Corporate,71,6364.68,1,50917.44,January,Medium Risk,4,5
511,54,USA,17-11-2023,Deluxe,Agent,171,11409.58,1,68457.48,November,High Risk,3,5
519,47,Germany,14-03-2023,Deluxe,Online,79,3535.91,0,21215.46,March,Medium Risk,3,11
520,63,USA,28-02-2023,Deluxe,Corporate,8,11687.91,0,11687.91,February,Low Risk,4,9
524,33,USA,17-02-2023,Deluxe,Corporate,140,8350.67,1,25052.01,February,High Risk,2,11
525,43,India,06-10-2023,Deluxe,Agent,128,12210.14,1,170941.96,October,High Risk,4,19
528,38,USA,07-11-2023,Deluxe,Online,151,4788.89,1,28733.34,November,High Risk,2,6
532,47,USA,16-04-2023,Deluxe,Online,67,5132.5,1,35927.5,April,Medium Risk,2,16
533,54,USA,08-04-2023,Deluxe,Corporate,53,10486.23,0,104862.3,April,Medium Risk,3,6
534,40,UK,25-09-2023,Deluxe,Online,10,12501.64,1,137518.04,September,Low Risk,3,4
535,27,UAE,01-03-2023,Deluxe,Online,150,11911.25,1,83378.75,March,High Risk,3,15
536,22,UAE,04-11-2023,Deluxe,Agent,128,9883.35,1,98833.5,November,High Risk,2,4
544,18,India,29-11-2023,Deluxe,Corporate,60,14347.68,0,28695.36,November,Medium Risk,3,6
548,33,UK,15-09-2023,Deluxe,Corporate,24,8955.65,0,62689.55,September,Low Risk,2,16
550,33,UK,11-11-2023,Deluxe,Agent,175,7821.25,1,101676.25,November,High Risk,3,1
553,45,UAE,15-10-2023,Deluxe,Online,40,14413.45,1,129721.05,October,Low Risk,4,6
560,52,USA,26-03-2023,Deluxe,Corporate,56,5122.51,0,15367.53,March,Medium Risk,4,6
564,60,UAE,26-09-2023,Deluxe,Agent,176,5909.7,1,70916.4,September,High Risk,2,12
569,50,Germany,14-12-2023,Deluxe,Corporate,40,10150.59,0,111656.49,December,Low Risk,2,7
570,57,UK,22-05-2023,Deluxe,Corporate,104,13170.63,1,118535.67,May,High Risk,2,8
571,27,India,25-05-2023,Deluxe,Online,6,4223.97,1,25343.82,May,Low Risk,4,9
578,63,Germany,02-08-2023,Deluxe,Agent,45,13922.53,1,194915.42,August,Low Risk,2,3
579,19,Germany,18-05-2023,Deluxe,Online,164,3759.42,1,33834.78,May,High Risk,3,5
580,68,UAE,19-07-2023,Deluxe,Corporate,42,6864.12,1,61777.08,July,Low Risk,2,11
581,67,UAE,07-01-2023,Deluxe,Corporate,46,7877.41,0,70896.69,January,Low Risk,4,8
588,43,UK,20-07-2023,Deluxe,Corporate,132,11522.48,1,34567.44,July,High Risk,3,17
594,24,India,12-02-2023,Deluxe,Corporate,105,8294.99,1,116129.86,February,High Risk,2,19
599,46,UK,06-08-2023,Deluxe,Corporate,47,10710.13,0,96391.17,August,Low Risk,3,16
602,38,India,15-08-2023,Deluxe,Agent,29,10860.72,0,43442.88,August,Low Risk,4,3
607,41,UK,02-12-2023,Deluxe,Agent,50,11062.81,0,11062.81,December,Low Risk,3,16
610,52,USA,24-03-2023,Deluxe,Online,177,3646.01,1,47398.13,March,High Risk,2,6
611,65,UK,31-01-2023,Deluxe,Online,157,6341.37,1,38048.22,January,High Risk,2,20
617,41,UK,20-11-2023,Deluxe,Corporate,11,4269.8,0,17079.2,November,Low Risk,3,15
618,40,India,10-09-2023,Deluxe,Corporate,142,10451.1,1,52255.5,September,High Risk,2,6
621,29,USA,24-06-2023,Deluxe,Agent,117,2044.07,1,4088.14,June,High Risk,4,2
622,66,USA,13-07-2023,Deluxe,Corporate,60,13469.99,1,80819.94,July,Medium Risk,3,17
625,42,UK,03-08-2023,Deluxe,Online,8,6079.69,0,72956.28,August,Low Risk,4,10
627,58,USA,07-09-2023,Deluxe,Agent,6,11487.54,0,45950.16,September,Low Risk,2,2
630,66,India,16-03-2023,Deluxe,Agent,78,14997.52,1,209965.28,March,Medium Risk,3,6
632,65,Germany,21-07-2023,Deluxe,Corporate,105,9633.88,1,19267.76,July,High Risk,2,7
633,42,UK,22-05-2023,Deluxe,Online,82,11021.14,1,33063.42,May,Medium Risk,3,4
635,30,UAE,18-07-2023,Deluxe,Corporate,88,12541,1,87787,July,Medium Risk,2,9
637,66,UAE,12-11-2023,Deluxe,Agent,174,11965.7,1,131622.7,November,High Risk,2,5
639,29,India,28-06-2023,Deluxe,Corporate,151,6842.78,1,54742.24,June,High Risk,2,6
640,58,USA,02-10-2023,Deluxe,Agent,49,12197.31,0,60986.55,October,Low Risk,3,3
642,29,USA,23-11-2023,Deluxe,Agent,42,10174.44,0,61046.64,November,Low Risk,4,10
643,26,UK,23-07-2023,Deluxe,Agent,164,11283.89,1,124122.79,July,High Risk,4,15
654,29,USA,24-11-2023,Deluxe,Online,164,14554.14,1,43662.42,November,High Risk,4,14
656,69,Germany,17-03-2023,Deluxe,Agent,39,8282.18,0,16564.36,March,Low Risk,4,15
665,31,UAE,03-03-2023,Deluxe,Agent,15,10235.31,0,40941.24,March,Low Risk,4,9
666,48,Germany,20-01-2023,Deluxe,Online,138,3833.59,1,26835.13,January,High Risk,3,4
667,22,UAE,29-08-2023,Deluxe,Online,20,14840.58,1,118724.64,August,Low Risk,3,20
668,52,Germany,22-07-2023,Deluxe,Corporate,136,2920.08,1,37961.04,July,High Risk,3,3
674,64,USA,28-10-2023,Deluxe,Corporate,50,14956.06,1,209384.84,October,Low Risk,3,13
675,29,India,24-09-2023,Deluxe,Online,79,14661.97,1,131957.73,September,Medium Risk,2,7
680,55,UK,22-04-2023,Deluxe,Agent,169,11132.76,1,11132.76,April,High Risk,4,10
685,59,USA,18-09-2023,Deluxe,Agent,35,11711.07,0,152243.91,September,Low Risk,4,13
689,19,UK,07-09-2023,Deluxe,Agent,64,5638.59,1,33831.54,September,Medium Risk,4,14
692,54,India,02-06-2023,Deluxe,Agent,170,11189.7,1,134276.4,June,High Risk,4,6
698,18,India,22-08-2023,Deluxe,Agent,20,13525.77,0,108206.16,August,Low Risk,2,2
699,39,USA,23-01-2023,Deluxe,Agent,87,4389.34,0,13168.02,January,Medium Risk,2,19
700,69,India,04-04-2023,Deluxe,Agent,12,11277.45,1,22554.9,April,Low Risk,4,12
701,34,UAE,02-09-2023,Deluxe,Corporate,169,13825.09,1,13825.09,September,High Risk,3,16
710,61,Germany,10-03-2023,Deluxe,Corporate,94,8806.05,0,35224.2,March,Medium Risk,3,15
712,44,UAE,06-04-2023,Deluxe,Corporate,99,13642.52,0,54570.08,April,Medium Risk,3,13
717,20,Germany,26-06-2023,Deluxe,Corporate,20,8494.62,1,101935.44,June,Low Risk,3,19
721,45,UK,04-10-2023,Deluxe,Agent,46,13231.68,0,39695.04,October,Low Risk,2,7
722,37,USA,18-05-2023,Deluxe,Corporate,53,6651.29,0,79815.48,May,Medium Risk,3,14
724,25,Germany,12-05-2023,Deluxe,Corporate,127,8885.73,1,79971.57,May,High Risk,4,12
726,56,USA,03-05-2023,Deluxe,Corporate,93,6602.59,0,59423.31,May,Medium Risk,2,18
734,55,Germany,17-05-2023,Deluxe,Agent,8,7108.94,1,35544.7,May,Low Risk,4,8
736,61,USA,25-02-2023,Deluxe,Corporate,119,14829.31,1,133463.79,February,High Risk,3,4
749,37,India,01-07-2023,Deluxe,Online,69,3356.42,0,30207.78,July,Medium Risk,3,1
750,35,UAE,07-08-2023,Deluxe,Online,99,6153.38,1,30766.9,August,Medium Risk,3,1
751,64,Germany,05-10-2023,Deluxe,Online,130,10543.43,1,84347.44,October,High Risk,2,5
756,48,Germany,31-12-2023,Deluxe,Online,104,8697.87,1,52187.22,December,High Risk,4,5
757,18,UK,13-07-2023,Deluxe,Corporate,99,4956.02,1,29736.12,July,Medium Risk,4,1
761,28,Germany,11-04-2023,Deluxe,Online,117,10465.71,1,31397.13,April,High Risk,4,3
763,27,India,20-07-2023,Deluxe,Agent,60,6188.31,0,6188.31,July,Medium Risk,3,5
764,49,India,15-11-2023,Deluxe,Online,169,12257.33,1,73543.98,November,High Risk,4,14
765,33,USA,18-07-2023,Deluxe,Corporate,6,12254.75,1,12254.75,July,Low Risk,4,11
769,41,USA,28-01-2023,Deluxe,Corporate,174,5572.16,1,39005.12,January,High Risk,3,15
771,25,India,17-01-2023,Deluxe,Online,127,4109.98,1,24659.88,January,High Risk,3,16
778,45,UAE,19-07-2023,Deluxe,Online,76,6074.06,0,30370.3,July,Medium Risk,2,14
781,53,India,16-10-2023,Deluxe,Agent,56,9107.68,0,45538.4,October,Medium Risk,4,17
782,44,UK,28-11-2023,Deluxe,Online,10,2998.7,0,17992.2,November,Low Risk,2,12
787,30,UK,26-10-2023,Deluxe,Agent,179,11361.21,1,22722.42,October,High Risk,2,3
789,65,USA,28-02-2023,Deluxe,Corporate,119,13992.68,1,27985.36,February,High Risk,3,7
797,22,Germany,20-06-2023,Deluxe,Online,26,11948.59,0,35845.77,June,Low Risk,4,7
799,42,UAE,26-10-2023,Deluxe,Agent,122,10450.12,1,94051.08,October,High Risk,2,1
800,19,USA,20-07-2023,Deluxe,Online,155,7901.91,1,47411.46,July,High Risk,2,14
802,47,USA,29-09-2023,Deluxe,Corporate,160,3626.35,1,3626.35,September,High Risk,2,17
805,22,UK,31-01-2023,Deluxe,Corporate,177,11759.34,1,164630.76,January,High Risk,2,20
809,49,UAE,11-11-2023,Deluxe,Online,40,4604.22,0,23021.1,November,Low Risk,3,20
812,28,India,20-09-2023,Deluxe,Agent,149,4437.17,1,48808.87,September,High Risk,3,6
813,38,USA,20-10-2023,Deluxe,Agent,33,5481.13,0,54811.3,October,Low Risk,2,7
815,42,USA,16-01-2023,Deluxe,Online,50,9427.45,0,84847.05,January,Low Risk,4,4
817,44,India,26-04-2023,Deluxe,Online,136,5086.15,1,25430.75,April,High Risk,3,16
818,66,UK,28-04-2023,Deluxe,Online,124,3744.91,1,26214.37,April,High Risk,2,16
819,30,USA,27-09-2023,Deluxe,Corporate,142,7926.05,1,95112.6,September,High Risk,4,19
824,18,USA,21-05-2023,Deluxe,Online,27,11568.2,0,46272.8,May,Low Risk,2,11
827,23,Germany,28-01-2023,Deluxe,Corporate,99,12506.93,1,125069.3,January,Medium Risk,4,19
829,34,India,19-02-2023,Deluxe,Online,32,3839.75,0,23038.5,February,Low Risk,3,7
831,48,UK,20-11-2023,Deluxe,Agent,89,5038.44,0,70538.16,November,Medium Risk,4,10
834,20,USA,20-05-2023,Deluxe,Online,110,11701.96,1,58509.8,May,High Risk,4,9
835,40,India,16-01-2023,Deluxe,Online,66,2550.47,0,30605.64,January,Medium Risk,4,7
839,27,India,03-03-2023,Deluxe,Online,44,8162.98,0,106118.74,March,Low Risk,2,3
848,62,UK,20-12-2023,Deluxe,Corporate,173,6926.71,1,62340.39,December,High Risk,3,2
849,30,India,02-01-2023,Deluxe,Agent,51,10891.17,0,76238.19,January,Medium Risk,3,16
851,18,Germany,29-04-2023,Deluxe,Corporate,73,6604.12,0,33020.6,April,Medium Risk,2,3
856,45,USA,14-07-2023,Deluxe,Corporate,120,2446.9,1,2446.9,July,High Risk,4,4
857,48,UAE,06-07-2023,Deluxe,Online,12,4516.59,1,49682.49,July,Low Risk,3,12
858,25,Germany,03-01-2023,Deluxe,Agent,63,6365.83,0,25463.32,January,Medium Risk,4,17
859,56,India,03-07-2023,Deluxe,Online,4,14637.58,0,131738.22,July,Low Risk,3,14
864,29,UK,13-05-2023,Deluxe,Agent,31,9223.65,0,64565.55,May,Low Risk,4,12
868,47,Germany,31-12-2023,Deluxe,Corporate,27,11850.42,0,165905.88,December,Low Risk,4,5
873,40,Germany,30-10-2023,Deluxe,Agent,15,6436.74,0,90114.36,October,Low Risk,2,4
874,32,India,17-02-2023,Deluxe,Corporate,140,8957.32,1,8957.32,February,High Risk,2,11
876,38,Germany,01-05-2023,Deluxe,Online,58,5755.63,1,23022.52,May,Medium Risk,2,7
881,56,USA,01-07-2023,Deluxe,Agent,42,2399.18,1,14395.08,July,Low Risk,2,3
882,55,USA,05-01-2023,Deluxe,Online,154,5382.95,1,26914.75,January,High Risk,2,3
884,55,USA,23-12-2023,Deluxe,Online,164,9036.78,1,27110.34,December,High Risk,3,16
886,51,Germany,19-08-2023,Deluxe,Online,2,11643.93,0,58219.65,August,Low Risk,4,2
887,35,UK,24-10-2023,Deluxe,Corporate,75,13938.55,0,181201.15,October,Medium Risk,3,17
889,32,UK,28-07-2023,Deluxe,Corporate,19,13787.92,1,165455.04,July,Low Risk,3,8
893,69,UAE,25-08-2023,Deluxe,Corporate,141,3181.36,1,15906.8,August,High Risk,2,4
899,59,Germany,15-08-2023,Deluxe,Agent,5,14095.26,0,14095.26,August,Low Risk,2,6
904,21,UK,07-06-2023,Deluxe,Agent,12,9971.9,0,69803.3,June,Low Risk,4,7
906,34,UAE,24-02-2023,Deluxe,Online,9,2444.24,1,24442.4,February,Low Risk,4,5
920,68,UAE,07-04-2023,Deluxe,Agent,170,5674.41,1,79441.74,April,High Risk,3,6
922,40,India,25-01-2023,Deluxe,Corporate,34,2645.6,1,34392.8,January,Low Risk,4,1
924,48,USA,02-09-2023,Deluxe,Agent,60,2907.21,1,29072.1,September,Medium Risk,4,19
925,28,USA,17-09-2023,Deluxe,Corporate,46,5819.86,0,75658.18,September,Low Risk,2,20
926,33,Germany,04-01-2023,Deluxe,Corporate,101,14354.74,1,100483.18,January,High Risk,4,2
930,21,UK,12-12-2023,Deluxe,Agent,145,9522.92,1,114275.04,December,High Risk,4,12
931,42,India,08-08-2023,Deluxe,Agent,52,7054.86,1,7054.86,August,Medium Risk,2,3
940,36,USA,30-11-2023,Deluxe,Agent,15,4907.87,1,9815.74,November,Low Risk,3,11
941,38,India,13-01-2023,Deluxe,Online,65,13302.32,1,93116.24,January,Medium Risk,4,1
950,22,India,01-03-2023,Deluxe,Agent,159,6548.13,1,26192.52,March,High Risk,2,13
953,43,UK,01-01-2023,Deluxe,Corporate,87,2319.24,0,13915.44,January,Medium Risk,2,14
955,51,UAE,07-11-2023,Deluxe,Online,61,13911.53,1,180849.89,November,Medium Risk,4,10
956,66,UAE,17-06-2023,Deluxe,Online,36,2930.41,0,35164.92,June,Low Risk,3,9
960,44,UK,25-06-2023,Deluxe,Agent,81,2009.46,1,22104.06,June,Medium Risk,4,2
966,47,USA,01-12-2023,Deluxe,Online,129,4186.66,1,29306.62,December,High Risk,2,20
972,18,India,07-04-2023,Deluxe,Agent,107,13303.27,1,66516.35,April,High Risk,2,6
977,32,UAE,04-07-2023,Deluxe,Agent,175,9239.76,1,9239.76,July,High Risk,4,16
981,43,UAE,03-09-2023,Deluxe,Online,2,13132.47,0,144457.17,September,Low Risk,3,18
983,40,India,20-10-2023,Deluxe,Agent,163,2714.33,1,5428.66,October,High Risk,2,2
984,31,India,08-01-2023,Deluxe,Corporate,131,6561.34,1,91858.76,January,High Risk,3,1
985,41,USA,19-03-2023,Deluxe,Agent,8,7552.59,0,98183.67,March,Low Risk,3,13
989,31,India,02-08-2023,Deluxe,Corporate,43,4973.11,1,59677.32,August,Low Risk,2,2
990,68,Germany,04-04-2023,Deluxe,Corporate,107,10548.72,1,21097.44,April,High Risk,4,11
999,35,UK,07-06-2023,Deluxe,Agent,152,12496.33,1,174948.62,June,High Risk,3,12
1000,55,USA,26-05-2023,Deluxe,Agent,120,5094.21,1,25471.05,May,High Risk,4,7
1004,42,India,05-11-2023,Deluxe,Agent,42,8374.02,0,8374.02,November,Low Risk,2,2
1007,27,India,04-01-2023,Deluxe,Online,102,4338.65,1,43386.5,January,High Risk,4,16
1009,34,UK,28-09-2023,Deluxe,Corporate,165,8194.44,1,40972.2,September,High Risk,2,8
1018,42,India,16-07-2023,Deluxe,Agent,8,8258.71,0,41293.55,July,Low Risk,2,13
1022,58,USA,24-07-2023,Deluxe,Corporate,68,11593.73,1,162312.22,July,Medium Risk,4,18
1024,35,Germany,04-04-2023,Deluxe,Online,34,7787.17,0,31148.68,April,Low Risk,2,6
1027,64,UAE,09-12-2023,Deluxe,Agent,39,4624.82,0,50873.02,December,Low Risk,4,18
1028,39,UK,21-01-2023,Deluxe,Online,141,3181.25,1,38175,January,High Risk,2,19
1030,64,UAE,26-03-2023,Deluxe,Online,115,8312.9,1,99754.8,March,High Risk,3,8
1032,57,UAE,21-04-2023,Deluxe,Agent,52,12684.5,0,139529.5,April,Medium Risk,3,12
1037,58,Germany,20-05-2023,Deluxe,Corporate,120,8623.79,1,77614.11,May,High Risk,3,9
1042,51,India,19-09-2023,Deluxe,Online,44,2113.9,1,10569.5,September,Low Risk,4,5
1043,62,UAE,03-08-2023,Deluxe,Corporate,21,11840.72,1,35522.16,August,Low Risk,3,10
1045,54,India,17-08-2023,Deluxe,Online,121,4978.32,1,49783.2,August,High Risk,4,7
1046,50,USA,10-06-2023,Deluxe,Corporate,51,2049.4,0,14345.8,June,Medium Risk,4,6
1048,38,UAE,29-05-2023,Deluxe,Agent,67,3741.48,1,33673.32,May,Medium Risk,3,2
1050,23,Germany,12-07-2023,Deluxe,Corporate,2,6757.56,1,27030.24,July,Low Risk,2,5
1052,21,UK,21-04-2023,Deluxe,Corporate,119,9784.54,1,48922.7,April,High Risk,2,3
1054,28,USA,09-08-2023,Deluxe,Agent,8,8678.4,0,104140.8,August,Low Risk,2,10
1055,47,UAE,05-03-2023,Deluxe,Agent,178,14647.86,1,29295.72,March,High Risk,4,4
1056,48,Germany,06-05-2023,Deluxe,Corporate,15,4480.03,0,53760.36,May,Low Risk,3,9
1060,68,Germany,24-08-2023,Deluxe,Corporate,30,3529.99,1,45889.87,August,Low Risk,2,1
1062,57,UK,02-06-2023,Deluxe,Agent,130,11425.76,1,45703.04,June,High Risk,3,17
1063,54,India,27-08-2023,Deluxe,Corporate,20,6441.54,0,32207.7,August,Low Risk,2,15
1065,41,India,31-05-2023,Deluxe,Corporate,27,12982.33,0,129823.3,May,Low Risk,2,2
1066,48,UK,27-03-2023,Deluxe,Agent,132,14058.56,1,98409.92,March,High Risk,4,6
1067,23,UAE,21-01-2023,Deluxe,Corporate,70,9831.54,1,108146.94,January,Medium Risk,3,11
1072,21,UK,25-11-2023,Deluxe,Online,115,5598.44,1,11196.88,November,High Risk,3,16
1077,55,UK,13-03-2023,Deluxe,Online,96,8619.12,1,8619.12,March,Medium Risk,3,1
1080,32,India,26-12-2023,Deluxe,Corporate,95,13184.56,1,92291.92,December,Medium Risk,3,18
1081,28,USA,28-01-2023,Deluxe,Agent,111,5687.19,1,28435.95,January,High Risk,2,13
1082,25,India,26-10-2023,Deluxe,Agent,119,6135.18,1,79757.34,October,High Risk,3,7
1083,43,USA,07-04-2023,Deluxe,Corporate,86,3817.11,0,11451.33,April,Medium Risk,2,3
1086,61,USA,15-06-2023,Deluxe,Corporate,133,7357.22,1,7357.22,June,High Risk,2,7
1090,21,USA,18-10-2023,Deluxe,Online,31,4364.7,0,8729.4,October,Low Risk,2,20
1091,36,USA,23-07-2023,Deluxe,Corporate,63,2733.07,0,2733.07,July,Medium Risk,4,6
1092,37,UK,21-07-2023,Deluxe,Online,153,6527.12,1,58744.08,July,High Risk,3,20
1094,37,UK,07-10-2023,Deluxe,Agent,138,5896.36,1,41274.52,October,High Risk,4,11
1095,66,India,05-10-2023,Deluxe,Corporate,127,12888.78,1,64443.9,October,High Risk,2,6
1097,64,UAE,13-01-2023,Deluxe,Corporate,176,4512.4,1,31586.8,January,High Risk,2,16
1103,28,India,08-03-2023,Deluxe,Agent,114,5873.22,1,64605.42,March,High Risk,3,5
1106,60,India,02-08-2023,Deluxe,Online,169,5134.02,1,10268.04,August,High Risk,3,3
1109,23,UAE,25-04-2023,Deluxe,Corporate,170,14464.94,1,43394.82,April,High Risk,3,13
1110,67,USA,02-10-2023,Deluxe,Online,127,14741.97,1,103193.79,October,High Risk,2,10
1113,40,Germany,16-08-2023,Deluxe,Corporate,18,7889.18,1,86780.98,August,Low Risk,2,6
1114,27,UK,30-04-2023,Deluxe,Agent,160,7710.48,1,7710.48,April,High Risk,4,18
1120,37,India,23-01-2023,Deluxe,Online,50,13468.03,1,121212.27,January,Low Risk,2,20
1122,54,UAE,10-02-2023,Deluxe,Online,122,4506.48,1,13519.44,February,High Risk,3,20
1125,26,UAE,25-02-2023,Deluxe,Corporate,156,9094.29,1,127320.06,February,High Risk,4,20
1127,32,Germany,26-05-2023,Deluxe,Corporate,31,6350.97,1,31754.85,May,Low Risk,2,20
1135,61,UAE,15-10-2023,Deluxe,Agent,41,7849.77,0,31399.08,October,Low Risk,2,4
1137,31,India,23-08-2023,Deluxe,Corporate,102,8383.25,1,33533,August,High Risk,4,6
1139,26,USA,22-09-2023,Deluxe,Corporate,10,5663.25,1,11326.5,September,Low Risk,2,2
1140,51,Germany,10-03-2023,Deluxe,Corporate,54,5699.53,0,34197.18,March,Medium Risk,3,4
1142,52,Germany,21-12-2023,Deluxe,Corporate,113,7096.11,1,56768.88,December,High Risk,2,3
1143,52,UK,07-08-2023,Deluxe,Corporate,24,2951.56,0,26564.04,August,Low Risk,3,16
1145,57,UK,15-03-2023,Deluxe,Corporate,86,9152.98,0,9152.98,March,Medium Risk,3,2
1148,25,Germany,03-05-2023,Deluxe,Online,164,14652.37,1,87914.22,May,High Risk,3,20
1154,52,UAE,15-09-2023,Deluxe,Online,81,12631.88,1,126318.8,September,Medium Risk,4,13
1160,43,USA,27-03-2023,Deluxe,Corporate,106,7896.91,1,39484.55,March,High Risk,3,8
1164,59,USA,07-03-2023,Deluxe,Agent,110,7481.29,1,14962.58,March,High Risk,4,13
1165,42,UK,14-09-2023,Deluxe,Agent,120,7425.22,1,29700.88,September,High Risk,2,2
1177,32,UK,17-04-2023,Deluxe,Agent,49,11260.03,0,45040.12,April,Low Risk,2,13
1178,50,UK,08-03-2023,Deluxe,Corporate,53,8794.84,0,8794.84,March,Medium Risk,4,5
1180,34,Germany,11-07-2023,Deluxe,Agent,42,6585.58,1,13171.16,July,Low Risk,2,5
1181,50,UAE,02-01-2023,Deluxe,Corporate,63,2618.96,0,23570.64,January,Medium Risk,4,5
1182,64,USA,14-09-2023,Deluxe,Online,29,10708.25,1,85666,September,Low Risk,4,9
1184,31,UK,24-12-2023,Deluxe,Online,165,11598.72,1,127585.92,December,High Risk,4,16
1190,23,India,10-12-2023,Deluxe,Corporate,133,6908.93,1,89816.09,December,High Risk,2,19
1192,20,Germany,22-06-2023,Deluxe,Corporate,120,14480.9,1,202732.6,June,High Risk,3,5
1194,68,UK,14-03-2023,Deluxe,Agent,141,5191.07,1,72674.98,March,High Risk,3,19
1195,25,UK,15-07-2023,Deluxe,Agent,139,11931.08,1,107379.72,July,High Risk,3,20
1197,69,India,28-03-2023,Deluxe,Agent,121,2732.54,1,30057.94,March,High Risk,3,18
1200,46,USA,13-02-2023,Deluxe,Corporate,178,6853,1,82236,February,High Risk,3,2
1203,47,UAE,27-09-2023,Deluxe,Corporate,121,5726.92,1,80176.88,September,High Risk,2,8
1205,44,UK,05-02-2023,Deluxe,Agent,74,4693.19,0,32852.33,February,Medium Risk,3,18
1206,53,India,03-02-2023,Deluxe,Agent,91,9808.35,1,137316.9,February,Medium Risk,4,16
1210,54,UAE,21-08-2023,Deluxe,Corporate,85,7661.86,0,38309.3,August,Medium Risk,4,14
1211,44,USA,10-02-2023,Deluxe,Agent,132,9784.92,1,117419.04,February,High Risk,4,11
1221,30,UK,19-11-2023,Deluxe,Agent,89,4539.57,1,45395.7,November,Medium Risk,3,10
1223,64,Germany,25-02-2023,Deluxe,Corporate,66,2971.95,0,20803.65,February,Medium Risk,3,6
1225,62,USA,28-04-2023,Deluxe,Corporate,58,5514.18,1,66170.16,April,Medium Risk,4,4
1227,69,UAE,11-09-2023,Deluxe,Corporate,3,5625.47,1,33752.82,September,Low Risk,2,10
1228,32,USA,01-08-2023,Deluxe,Corporate,15,8388.54,1,100662.48,August,Low Risk,3,4
1239,48,India,04-06-2023,Deluxe,Corporate,142,6508.64,1,32543.2,June,High Risk,3,11
1240,68,UK,19-08-2023,Deluxe,Online,167,2727.63,1,24548.67,August,High Risk,4,7
1246,44,UK,12-10-2023,Deluxe,Online,170,3827.45,1,45929.4,October,High Risk,4,13
1248,37,India,05-06-2023,Deluxe,Online,128,11957.67,1,47830.68,June,High Risk,2,10
1249,28,USA,23-04-2023,Deluxe,Corporate,167,9016.77,1,108201.24,April,High Risk,2,6
1252,55,UK,19-11-2023,Deluxe,Agent,60,6930.92,0,48516.44,November,Medium Risk,4,18
1256,64,UK,01-03-2023,Deluxe,Agent,3,2776.24,0,24986.16,March,Low Risk,4,10
1257,43,USA,23-02-2023,Deluxe,Agent,140,13030.24,1,39090.72,February,High Risk,3,13
1258,63,UK,03-04-2023,Deluxe,Agent,35,14188.12,1,70940.6,April,Low Risk,2,3
1260,29,USA,22-09-2023,Deluxe,Online,84,4319,1,38871,September,Medium Risk,3,1
1262,30,India,29-11-2023,Deluxe,Corporate,89,11439.46,1,114394.6,November,Medium Risk,2,1
1265,42,UK,22-07-2023,Deluxe,Corporate,75,2981.23,1,2981.23,July,Medium Risk,2,9
1266,50,UAE,15-07-2023,Deluxe,Corporate,68,11313.67,1,79195.69,July,Medium Risk,3,20
1268,57,USA,13-09-2023,Deluxe,Online,159,2402.8,1,2402.8,September,High Risk,3,19
1271,61,India,28-12-2023,Deluxe,Corporate,53,8867.11,0,62069.77,December,Medium Risk,2,12
1273,65,UK,25-12-2023,Deluxe,Online,87,12606.82,0,126068.2,December,Medium Risk,4,18
1274,21,UK,13-04-2023,Deluxe,Corporate,140,6122.1,1,36732.6,April,High Risk,3,9
1276,54,India,19-07-2023,Deluxe,Online,12,13789.38,0,41368.14,July,Low Risk,4,17
1277,25,India,09-06-2023,Deluxe,Agent,57,4604.71,0,64465.94,June,Medium Risk,4,8
1279,66,UK,19-12-2023,Deluxe,Online,86,3785.75,0,34071.75,December,Medium Risk,2,20
1280,45,India,16-05-2023,Deluxe,Corporate,174,10810.71,1,32432.13,May,High Risk,4,8
1291,18,India,14-01-2023,Deluxe,Agent,121,9618.5,1,125040.5,January,High Risk,2,7
1295,43,Germany,27-08-2023,Deluxe,Online,6,10216.32,0,61297.92,August,Low Risk,2,10
1296,63,UAE,30-11-2023,Deluxe,Corporate,91,11500.98,1,115009.8,November,Medium Risk,4,7
1299,18,UK,03-07-2023,Deluxe,Agent,73,8318.41,0,108139.33,July,Medium Risk,2,4
1301,57,UAE,12-01-2023,Deluxe,Corporate,57,14102.26,1,183329.38,January,Medium Risk,4,17
1303,38,UK,26-05-2023,Deluxe,Online,97,5906.61,0,17719.83,May,Medium Risk,4,17
1310,58,Germany,10-09-2023,Deluxe,Agent,143,4358.81,1,43588.1,September,High Risk,4,4
1311,52,UK,12-12-2023,Deluxe,Corporate,134,2503.7,1,20029.6,December,High Risk,2,3
1313,42,India,22-05-2023,Deluxe,Corporate,114,12219.58,1,97756.64,May,High Risk,2,1
1320,44,UK,31-12-2023,Deluxe,Online,51,2736.49,1,10945.96,December,Medium Risk,2,4
1321,51,USA,08-06-2023,Deluxe,Online,157,7724.54,1,69520.86,June,High Risk,2,5
1322,44,UK,16-05-2023,Deluxe,Corporate,33,12372.28,0,136095.08,May,Low Risk,2,16
1325,61,USA,14-02-2023,Deluxe,Agent,64,5506.98,1,60576.78,February,Medium Risk,2,2
1331,23,India,19-02-2023,Deluxe,Online,48,6244.75,0,56202.75,February,Low Risk,3,7
1341,38,USA,02-05-2023,Deluxe,Online,52,7523.17,1,7523.17,May,Medium Risk,4,20
1347,66,UAE,27-08-2023,Deluxe,Corporate,121,8932.85,1,17865.7,August,High Risk,2,13
1348,37,Germany,03-08-2023,Deluxe,Corporate,60,11673.94,1,128413.34,August,Medium Risk,2,17
1349,39,India,19-10-2023,Deluxe,Online,154,14151.74,1,70758.7,October,High Risk,3,20
1350,45,India,12-08-2023,Deluxe,Corporate,123,13864.57,1,97051.99,August,High Risk,3,15
1353,24,USA,08-08-2023,Deluxe,Online,29,11043.06,0,44172.24,August,Low Risk,3,10
1354,18,Germany,02-10-2023,Deluxe,Corporate,91,7357.37,0,80931.07,October,Medium Risk,4,10
1355,49,UK,15-05-2023,Deluxe,Online,83,3276.74,1,45874.36,May,Medium Risk,4,17
1356,30,UAE,21-08-2023,Deluxe,Online,14,6966.12,0,20898.36,August,Low Risk,3,5
1357,47,India,07-03-2023,Deluxe,Corporate,142,14900.65,1,134105.85,March,High Risk,3,6
1359,68,India,12-09-2023,Deluxe,Corporate,22,6438.08,0,90133.12,September,Low Risk,3,14
1360,36,India,05-05-2023,Deluxe,Agent,69,11669.59,0,163374.26,May,Medium Risk,3,8
1363,46,India,04-10-2023,Deluxe,Corporate,86,10286.62,1,10286.62,October,Medium Risk,4,20
1367,47,India,21-04-2023,Deluxe,Online,38,9672.48,0,116069.76,April,Low Risk,3,15
1368,33,India,09-11-2023,Deluxe,Agent,103,8131.51,1,24394.53,November,High Risk,2,5
1369,57,India,30-03-2023,Deluxe,Online,49,9802.89,1,49014.45,March,Low Risk,2,16
1370,36,USA,07-06-2023,Deluxe,Online,176,13580.75,1,190130.5,June,High Risk,3,14
1373,31,India,05-02-2023,Deluxe,Corporate,167,7831.94,1,70487.46,February,High Risk,3,10
1375,64,UAE,28-04-2023,Deluxe,Online,81,12673.48,1,50693.92,April,Medium Risk,2,17
1376,67,UK,24-11-2023,Deluxe,Agent,62,5015.29,0,35107.03,November,Medium Risk,3,17
1378,45,USA,09-03-2023,Deluxe,Corporate,111,14020.25,1,42060.75,March,High Risk,3,10
1379,66,USA,25-12-2023,Deluxe,Corporate,153,4096.31,1,40963.1,December,High Risk,4,20
1380,67,India,08-06-2023,Deluxe,Agent,95,2060.38,0,2060.38,June,Medium Risk,2,1
1384,21,Germany,14-03-2023,Deluxe,Corporate,87,3781.97,0,49165.61,March,Medium Risk,4,1
1385,18,India,29-04-2023,Deluxe,Agent,67,6164.42,0,67808.62,April,Medium Risk,4,8
1386,25,India,07-12-2023,Deluxe,Corporate,59,12006.15,1,12006.15,December,Medium Risk,3,16
1389,20,UAE,11-12-2023,Deluxe,Online,48,14139.95,1,14139.95,December,Low Risk,3,10
1390,49,USA,17-03-2023,Deluxe,Agent,165,5104.64,1,5104.64,March,High Risk,4,17
1396,50,India,22-05-2023,Deluxe,Online,63,9340.07,0,9340.07,May,Medium Risk,4,12
1399,49,USA,11-08-2023,Deluxe,Agent,49,13126.73,0,78760.38,August,Low Risk,2,5
1401,24,UK,23-09-2023,Deluxe,Agent,130,6713.21,1,67132.1,September,High Risk,2,20
1405,20,India,03-03-2023,Deluxe,Agent,137,7740.72,1,100629.36,March,High Risk,4,9
1408,25,India,09-01-2023,Deluxe,Corporate,29,12443.37,0,49773.48,January,Low Risk,2,14
1409,64,India,12-03-2023,Deluxe,Corporate,24,9008.49,0,36033.96,March,Low Risk,4,16
1414,45,USA,06-12-2023,Deluxe,Online,93,8734.08,0,61138.56,December,Medium Risk,3,18
1415,64,Germany,19-03-2023,Deluxe,Corporate,125,3515.95,1,49223.3,March,High Risk,3,7
1416,25,USA,02-08-2023,Deluxe,Agent,98,11203.35,0,100830.15,August,Medium Risk,3,3
1417,51,UK,16-01-2023,Deluxe,Corporate,87,12596.46,1,176350.44,January,Medium Risk,3,6
1419,49,India,18-10-2023,Deluxe,Corporate,116,9564.25,1,28692.75,October,High Risk,3,6
1424,60,Germany,20-08-2023,Deluxe,Online,73,9321.89,1,121184.57,August,Medium Risk,3,3
1429,38,UAE,29-11-2023,Deluxe,Online,2,3612.09,0,28896.72,November,Low Risk,2,18
1431,48,UK,11-03-2023,Deluxe,Online,174,6504.49,1,13008.98,March,High Risk,3,13
1432,65,UAE,16-01-2023,Deluxe,Corporate,79,14931.41,1,44794.23,January,Medium Risk,4,6
1433,35,UAE,10-03-2023,Deluxe,Online,68,10239.44,1,20478.88,March,Medium Risk,4,16
1435,27,Germany,22-06-2023,Deluxe,Corporate,41,5240.44,0,10480.88,June,Low Risk,4,13
1436,24,UK,19-09-2023,Deluxe,Corporate,117,3939.15,1,39391.5,September,High Risk,4,10
1440,36,UK,16-06-2023,Deluxe,Corporate,34,9972.64,1,59835.84,June,Low Risk,3,5
1442,36,UK,18-09-2023,Deluxe,Corporate,171,12803.69,1,25607.38,September,High Risk,3,12
1444,46,India,12-12-2023,Deluxe,Online,54,8277.76,0,115888.64,December,Medium Risk,2,11
1448,64,USA,16-01-2023,Deluxe,Online,128,4011.78,1,20058.9,January,High Risk,3,4
1453,19,India,13-08-2023,Deluxe,Corporate,154,8600.9,1,77408.1,August,High Risk,2,9
1456,29,USA,23-06-2023,Deluxe,Agent,136,12177.2,1,48708.8,June,High Risk,4,8
1457,37,UAE,20-12-2023,Deluxe,Online,68,9852.1,0,39408.4,December,Medium Risk,2,17
1458,22,India,20-12-2023,Deluxe,Agent,58,10677.67,0,32033.01,December,Medium Risk,3,17
1460,55,UAE,23-05-2023,Deluxe,Agent,107,9288.03,1,46440.15,May,High Risk,3,16
1461,47,UK,11-11-2023,Deluxe,Agent,112,8612.1,1,60284.7,November,High Risk,3,1
1464,61,India,22-12-2023,Deluxe,Corporate,23,10300.46,0,144206.44,December,Low Risk,3,9
1465,52,Germany,16-02-2023,Deluxe,Agent,71,12248.18,0,110233.62,February,Medium Risk,2,16
1470,34,Germany,02-12-2023,Deluxe,Online,13,3935.57,0,7871.14,December,Low Risk,4,11
1471,27,UK,04-03-2023,Deluxe,Online,4,8071.28,0,24213.84,March,Low Risk,4,10
1472,47,USA,08-10-2023,Deluxe,Online,126,2844.37,1,5688.74,October,High Risk,2,8
1473,63,USA,13-02-2023,Deluxe,Online,16,9490.7,0,18981.4,February,Low Risk,3,8
1477,67,Germany,20-06-2023,Deluxe,Agent,171,13931.05,1,139310.5,June,High Risk,2,17
1479,34,India,02-10-2023,Deluxe,Online,92,13035.35,1,104282.8,October,Medium Risk,4,18
1480,31,UK,24-12-2023,Deluxe,Online,176,5864.53,1,76238.89,December,High Risk,3,19
1485,42,UK,08-04-2023,Deluxe,Agent,178,5751.83,1,17255.49,April,High Risk,4,18
1486,56,Germany,01-06-2023,Deluxe,Corporate,121,8295.8,1,74662.2,June,High Risk,2,4
1489,60,USA,05-06-2023,Deluxe,Online,120,4952.32,1,9904.64,June,High Risk,2,7
1490,63,USA,19-02-2023,Deluxe,Agent,145,12484.41,1,74906.46,February,High Risk,3,12
1492,43,UK,10-01-2023,Deluxe,Corporate,19,13614.83,1,190607.62,January,Low Risk,3,16
1499,23,UK,05-07-2023,Deluxe,Online,61,8577.09,1,111502.17,July,Medium Risk,3,11
1501,38,India,09-05-2023,Deluxe,Online,45,5627.91,1,50651.19,May,Low Risk,4,2
1502,59,UK,14-11-2023,Deluxe,Agent,142,3644.33,1,3644.33,November,High Risk,2,1
1504,58,UK,06-09-2023,Deluxe,Online,171,6227.93,1,31139.65,September,High Risk,3,16
1505,55,India,25-11-2023,Deluxe,Online,22,5242.72,0,41941.76,November,Low Risk,4,1
1510,55,Germany,06-03-2023,Deluxe,Corporate,49,12662.47,0,37987.41,March,Low Risk,4,14
1515,38,UK,19-10-2023,Deluxe,Corporate,68,5751.11,1,40257.77,October,Medium Risk,4,1
1516,44,USA,12-10-2023,Deluxe,Agent,152,3890.86,1,54472.04,October,High Risk,3,19
1519,44,USA,21-11-2023,Deluxe,Online,112,6833.05,1,61497.45,November,High Risk,4,1
1520,57,UAE,21-04-2023,Deluxe,Corporate,55,8483.44,0,101801.28,April,Medium Risk,4,18
1531,63,UK,06-06-2023,Deluxe,Agent,76,2168.27,0,28187.51,June,Medium Risk,4,20
1532,19,Germany,13-08-2023,Deluxe,Online,8,10588.76,0,52943.8,August,Low Risk,4,7
1536,53,Germany,29-12-2023,Deluxe,Agent,130,4150.02,1,53950.26,December,High Risk,4,7
1538,43,USA,12-05-2023,Deluxe,Online,32,5016.86,0,5016.86,May,Low Risk,4,10
1542,57,UK,10-06-2023,Deluxe,Agent,61,10573.05,1,116303.55,June,Medium Risk,3,6
1543,28,Germany,30-11-2023,Deluxe,Agent,78,6799.51,1,67995.1,November,Medium Risk,2,5
1545,66,India,08-10-2023,Deluxe,Corporate,75,7983.56,0,15967.12,October,Medium Risk,4,10
1546,56,UAE,07-01-2023,Deluxe,Online,49,3414.92,0,34149.2,January,Low Risk,4,13
1548,52,USA,05-02-2023,Deluxe,Agent,174,13330.95,1,93316.65,February,High Risk,2,20
1554,50,USA,18-01-2023,Deluxe,Agent,178,5563.07,1,33378.42,January,High Risk,3,19
1555,53,UK,29-08-2023,Deluxe,Agent,51,14276.73,0,128490.57,August,Medium Risk,3,13
1557,37,India,08-08-2023,Deluxe,Agent,47,10515.08,1,115665.88,August,Low Risk,2,13
1559,52,UK,20-05-2023,Deluxe,Online,160,5162.22,1,25811.1,May,High Risk,2,17
1563,62,India,02-02-2023,Deluxe,Corporate,21,7646.77,1,99408.01,February,Low Risk,2,19
1566,26,Germany,06-01-2023,Deluxe,Agent,32,6518.06,0,58662.54,January,Low Risk,4,7
1567,43,Germany,13-07-2023,Deluxe,Agent,108,8597.87,1,103174.44,July,High Risk,2,8
1571,57,India,04-08-2023,Deluxe,Agent,124,5315.83,1,58474.13,August,High Risk,2,18
1573,18,UK,30-12-2023,Deluxe,Agent,38,5815.98,0,58159.8,December,Low Risk,4,14
1578,42,UAE,12-06-2023,Deluxe,Corporate,24,5986.49,0,41905.43,June,Low Risk,2,16
1580,52,Germany,05-09-2023,Deluxe,Corporate,142,13519.35,1,13519.35,September,High Risk,2,2
1582,67,Germany,18-07-2023,Deluxe,Corporate,25,13865.01,1,194110.14,July,Low Risk,2,12
1585,61,USA,27-05-2023,Deluxe,Corporate,84,8069.4,1,40347,May,Medium Risk,4,20
1586,68,UK,07-03-2023,Deluxe,Online,21,7802.96,0,93635.52,March,Low Risk,3,2
1591,36,UK,16-04-2023,Deluxe,Online,141,5775.32,1,57753.2,April,High Risk,3,14
1594,66,Germany,22-11-2023,Deluxe,Online,64,10728.88,0,139475.44,November,Medium Risk,4,8
1596,27,India,07-04-2023,Deluxe,Corporate,12,11516.71,0,138200.52,April,Low Risk,2,13
1598,64,India,29-04-2023,Deluxe,Agent,115,13560.91,1,176291.83,April,High Risk,3,11
1601,41,India,26-02-2023,Deluxe,Corporate,108,11738.08,1,58690.4,February,High Risk,3,17
1602,36,Germany,01-12-2023,Deluxe,Corporate,144,12902.03,1,51608.12,December,High Risk,4,12
1609,33,Germany,27-09-2023,Deluxe,Corporate,15,9435.88,0,37743.52,September,Low Risk,4,19
1611,25,India,22-11-2023,Deluxe,Corporate,95,7207.11,1,7207.11,November,Medium Risk,3,13
1615,29,USA,14-04-2023,Deluxe,Online,116,3685.47,1,7370.94,April,High Risk,2,7
1616,32,India,29-01-2023,Deluxe,Corporate,53,5980.2,0,65782.2,January,Medium Risk,4,15
1619,62,UK,31-10-2023,Deluxe,Corporate,159,8745.68,1,113693.84,October,High Risk,2,10
1620,43,USA,16-12-2023,Deluxe,Online,175,5126.21,1,20504.84,December,High Risk,2,2
1621,64,UAE,01-12-2023,Deluxe,Corporate,165,5517.54,1,5517.54,December,High Risk,4,13
1622,49,USA,27-04-2023,Deluxe,Corporate,42,8295.25,0,99543,April,Low Risk,4,14
1623,27,India,26-07-2023,Deluxe,Corporate,3,7128.45,0,92669.85,July,Low Risk,4,8
1624,33,UAE,04-07-2023,Deluxe,Corporate,4,6107.18,0,54964.62,July,Low Risk,2,4
1633,32,Germany,22-07-2023,Deluxe,Corporate,104,11233.9,1,22467.8,July,High Risk,4,11
1635,26,Germany,01-04-2023,Deluxe,Corporate,104,3481.19,1,27849.52,April,High Risk,3,12
1636,68,Germany,28-11-2023,Deluxe,Agent,26,14909.56,1,44728.68,November,Low Risk,3,20
1638,25,USA,26-12-2023,Deluxe,Corporate,158,6740.97,1,94373.58,December,High Risk,4,3
1642,35,India,06-06-2023,Deluxe,Online,27,9241.26,0,46206.3,June,Low Risk,4,15
1643,48,UAE,22-02-2023,Deluxe,Corporate,70,4652.01,0,37216.08,February,Medium Risk,2,14
1644,47,Germany,23-10-2023,Deluxe,Online,116,9443.65,1,37774.6,October,High Risk,2,7
1651,34,Germany,06-04-2023,Deluxe,Online,131,7690.39,1,15380.78,April,High Risk,3,9
1656,61,UAE,19-11-2023,Deluxe,Online,12,12272.41,0,122724.1,November,Low Risk,2,15
1663,43,USA,04-09-2023,Deluxe,Agent,134,2125.06,1,8500.24,September,High Risk,3,4
1665,61,UAE,05-07-2023,Deluxe,Corporate,108,2892.16,1,40490.24,July,High Risk,3,8
1666,56,USA,23-05-2023,Deluxe,Online,144,8700.09,1,95700.99,May,High Risk,3,6
1668,66,India,08-05-2023,Deluxe,Agent,59,3788.64,0,3788.64,May,Medium Risk,3,13
1670,46,India,27-01-2023,Deluxe,Agent,165,7049.03,1,91637.39,January,High Risk,2,9
1673,30,UK,21-07-2023,Deluxe,Agent,179,13073,1,65365,July,High Risk,2,19
1677,62,UK,04-04-2023,Deluxe,Corporate,125,2877.7,1,14388.5,April,High Risk,2,3
1681,52,USA,24-02-2023,Deluxe,Agent,127,13638.94,1,27277.88,February,High Risk,2,9
1682,59,India,05-02-2023,Deluxe,Agent,155,10537.46,1,136986.98,February,High Risk,3,14
1684,47,India,11-02-2023,Deluxe,Corporate,17,13909.53,1,13909.53,February,Low Risk,2,8
1685,30,Germany,19-02-2023,Deluxe,Agent,140,13296.38,1,186149.32,February,High Risk,2,18
1686,30,USA,22-04-2023,Deluxe,Corporate,160,2487.63,1,12438.15,April,High Risk,4,19
1687,35,Germany,26-05-2023,Deluxe,Corporate,142,5643.22,1,67718.64,May,High Risk,4,17
1688,49,UK,18-08-2023,Deluxe,Corporate,165,6871.67,1,82460.04,August,High Risk,2,19
1689,49,India,30-07-2023,Deluxe,Online,5,11097.69,0,66586.14,July,Low Risk,2,17
1690,52,UK,02-11-2023,Deluxe,Corporate,44,10432.33,1,135620.29,November,Low Risk,4,6
1693,69,UAE,26-04-2023,Deluxe,Online,77,4023.16,0,40231.6,April,Medium Risk,2,13
1694,46,USA,14-08-2023,Deluxe,Agent,47,7933.63,1,7933.63,August,Low Risk,4,6
1704,56,India,29-11-2023,Deluxe,Agent,1,8498.05,0,110474.65,November,Low Risk,4,1
1709,66,India,29-09-2023,Deluxe,Corporate,1,5938.91,0,83144.74,September,Low Risk,3,19
1710,20,UAE,24-05-2023,Deluxe,Online,120,10382.48,1,134972.24,May,High Risk,4,1
1715,21,USA,26-02-2023,Deluxe,Online,43,3484.08,0,31356.72,February,Low Risk,2,12
1717,54,India,23-06-2023,Deluxe,Online,72,2538.7,0,30464.4,June,Medium Risk,3,19
1718,42,Germany,26-08-2023,Deluxe,Agent,105,13635.18,1,163622.16,August,High Risk,2,5
1721,63,India,17-02-2023,Deluxe,Corporate,4,14009.54,0,196133.56,February,Low Risk,3,18
1723,26,Germany,18-06-2023,Deluxe,Corporate,68,7061.69,0,21185.07,June,Medium Risk,2,12
1728,29,India,06-12-2023,Deluxe,Agent,94,12217.16,0,73302.96,December,Medium Risk,2,4
1735,41,UK,25-05-2023,Deluxe,Corporate,64,2989.91,1,35878.92,May,Medium Risk,2,3
1742,21,UAE,11-08-2023,Deluxe,Agent,27,5381.75,0,16145.25,August,Low Risk,2,1
1745,46,UK,03-10-2023,Deluxe,Corporate,48,14119.03,1,127071.27,October,Low Risk,4,20
1748,63,UK,14-04-2023,Deluxe,Corporate,12,13081.5,0,39244.5,April,Low Risk,2,12
1751,51,India,23-01-2023,Deluxe,Online,14,5145.41,1,15436.23,January,Low Risk,2,20
1757,22,Germany,17-12-2023,Deluxe,Online,59,3830.47,1,30643.76,December,Medium Risk,4,18
1760,40,UK,29-09-2023,Deluxe,Corporate,63,10090.72,0,60544.32,September,Medium Risk,3,5
1765,66,Germany,07-02-2023,Deluxe,Corporate,90,8894.05,0,124516.7,February,Medium Risk,2,12
1768,67,India,15-03-2023,Deluxe,Online,78,3901.07,1,42911.77,March,Medium Risk,2,14
1770,34,India,03-11-2023,Deluxe,Corporate,101,13099.2,1,13099.2,November,High Risk,3,12
1775,55,India,12-01-2023,Deluxe,Online,79,12707.04,1,50828.16,January,Medium Risk,2,20
1776,30,USA,19-02-2023,Deluxe,Online,64,4125.44,1,33003.52,February,Medium Risk,3,11
1777,64,Germany,09-11-2023,Deluxe,Corporate,15,13632.11,0,177217.43,November,Low Risk,2,20
1779,26,USA,29-04-2023,Deluxe,Agent,96,14645.06,1,14645.06,April,Medium Risk,4,6
1785,58,India,17-05-2023,Deluxe,Agent,125,8735.42,1,113560.46,May,High Risk,4,7
1787,45,UK,30-04-2023,Deluxe,Agent,89,3735.59,0,48562.67,April,Medium Risk,2,7
1791,42,UAE,31-08-2023,Deluxe,Corporate,103,7307.26,1,102301.64,August,High Risk,2,10
1795,26,Germany,03-03-2023,Deluxe,Corporate,44,14374.94,0,143749.4,March,Low Risk,2,1
1796,32,UK,29-04-2023,Deluxe,Online,172,8069.39,1,96832.68,April,High Risk,2,8
1797,57,India,31-12-2023,Deluxe,Online,145,5923.6,1,5923.6,December,High Risk,4,10
1800,28,UAE,17-12-2023,Deluxe,Agent,175,5732.33,1,28661.65,December,High Risk,4,8
1804,55,India,25-08-2023,Deluxe,Online,109,6216.32,1,43514.24,August,High Risk,4,16
1813,30,UK,03-04-2023,Deluxe,Online,131,9769.63,1,97696.3,April,High Risk,2,14
1814,45,UAE,20-08-2023,Deluxe,Agent,0,13638.44,0,13638.44,August,Low Risk,4,1
1819,57,Germany,25-11-2023,Deluxe,Online,20,12413.03,0,99304.24,November,Low Risk,3,12
1820,62,UK,28-04-2023,Deluxe,Online,72,7057.43,1,28229.72,April,Medium Risk,3,9
1821,49,USA,29-03-2023,Deluxe,Corporate,56,4682.06,0,56184.72,March,Medium Risk,2,4
1822,46,Germany,30-03-2023,Deluxe,Online,167,7086.81,1,7086.81,March,High Risk,3,16
1823,68,Germany,24-02-2023,Deluxe,Corporate,61,4778.6,0,52564.6,February,Medium Risk,4,18
1828,44,India,23-04-2023,Deluxe,Online,151,6486.9,1,84329.7,April,High Risk,4,15
1833,41,UAE,05-08-2023,Deluxe,Online,171,4354.29,1,47897.19,August,High Risk,4,16
1836,57,UAE,17-04-2023,Deluxe,Corporate,47,3585.43,0,21512.58,April,Low Risk,2,15
1838,50,USA,21-08-2023,Deluxe,Agent,154,6545.97,1,58913.73,August,High Risk,3,15
1839,65,Germany,07-07-2023,Deluxe,Agent,29,6635.66,1,72992.26,July,Low Risk,2,16
1844,42,India,25-05-2023,Deluxe,Agent,146,4179.38,1,20896.9,May,High Risk,4,18
1846,53,UAE,05-11-2023,Deluxe,Agent,67,2440.33,0,31724.29,November,Medium Risk,3,4
1847,44,UAE,24-04-2023,Deluxe,Agent,161,2953.15,1,29531.5,April,High Risk,2,9
1848,55,Germany,04-03-2023,Deluxe,Agent,117,10424.67,1,10424.67,March,High Risk,2,10
1849,24,Germany,02-10-2023,Deluxe,Online,123,7284.11,1,65556.99,October,High Risk,3,4
1850,22,Germany,04-05-2023,Deluxe,Agent,116,4996.51,1,24982.55,May,High Risk,3,14
1851,60,India,27-03-2023,Deluxe,Online,6,2035.83,0,2035.83,March,Low Risk,3,14
1855,40,India,30-12-2023,Deluxe,Corporate,135,14638.91,1,204944.74,December,High Risk,4,7
1856,59,India,20-07-2023,Deluxe,Corporate,149,6560.94,1,39365.64,July,High Risk,3,15
1857,27,India,03-10-2023,Deluxe,Agent,25,5939.78,0,11879.56,October,Low Risk,4,2
1860,47,USA,10-05-2023,Deluxe,Agent,80,5545.91,0,11091.82,May,Medium Risk,4,8
1862,48,Germany,05-03-2023,Deluxe,Agent,163,5394.92,1,53949.2,March,High Risk,4,2
1863,35,Germany,20-09-2023,Deluxe,Online,40,9871.07,0,9871.07,September,Low Risk,2,10
1864,53,Germany,30-04-2023,Deluxe,Agent,110,2486.81,1,22381.29,April,High Risk,3,19
1869,29,USA,20-04-2023,Deluxe,Online,168,6301.99,1,88227.86,April,High Risk,4,8
1871,19,India,31-07-2023,Deluxe,Agent,156,10135.33,1,91217.97,July,High Risk,3,7
1872,49,Germany,28-01-2023,Deluxe,Online,121,9804.44,1,58826.64,January,High Risk,4,19
1873,30,Germany,28-03-2023,Deluxe,Agent,11,6371.36,0,50970.88,March,Low Risk,4,20
1875,44,India,06-06-2023,Deluxe,Agent,161,13354.83,1,93483.81,June,High Risk,4,17
1876,66,UK,22-09-2023,Deluxe,Agent,74,9071.54,1,81643.86,September,Medium Risk,2,10
1878,34,UAE,22-01-2023,Deluxe,Online,114,9061.87,1,117804.31,January,High Risk,3,2
1879,57,UK,13-09-2023,Deluxe,Corporate,112,5468.02,1,32808.12,September,High Risk,3,4
1883,62,UK,22-11-2023,Deluxe,Online,88,8705.89,1,43529.45,November,Medium Risk,2,9
1886,23,UAE,06-03-2023,Deluxe,Agent,176,8477.85,1,118689.9,March,High Risk,4,13
1888,47,Germany,09-08-2023,Deluxe,Agent,167,6298.95,1,69288.45,August,High Risk,4,19
1891,58,India,12-10-2023,Deluxe,Online,135,7908.59,1,31634.36,October,High Risk,4,12
1892,49,UK,02-07-2023,Deluxe,Corporate,26,13729.81,1,192217.34,July,Low Risk,4,12
1893,51,UK,13-02-2023,Deluxe,Online,144,11327.06,1,33981.18,February,High Risk,4,19
1894,45,UAE,07-07-2023,Deluxe,Agent,171,7596.87,1,98759.31,July,High Risk,2,2
1902,49,UAE,13-12-2023,Deluxe,Corporate,22,4314.5,1,30201.5,December,Low Risk,2,16
1904,67,UAE,15-06-2023,Deluxe,Agent,108,3632.02,1,18160.1,June,High Risk,3,15
1916,67,Germany,22-09-2023,Deluxe,Corporate,2,14193.78,1,70968.9,September,Low Risk,3,8
1918,64,UAE,07-08-2023,Deluxe,Corporate,127,7222.06,1,86664.72,August,High Risk,2,19
1920,29,Germany,25-10-2023,Deluxe,Agent,161,4586.06,1,64204.84,October,High Risk,4,16
1922,52,USA,10-06-2023,Deluxe,Agent,108,2434.38,1,7303.14,June,High Risk,3,14
1924,29,Germany,22-08-2023,Deluxe,Online,89,7528.34,0,37641.7,August,Medium Risk,4,20
1929,23,UAE,07-04-2023,Deluxe,Corporate,95,10053.87,1,130700.31,April,Medium Risk,3,14
1932,49,Germany,08-11-2023,Deluxe,Corporate,115,7618.15,1,45708.9,November,High Risk,2,18
1933,68,USA,10-04-2023,Deluxe,Corporate,86,3948.29,1,11844.87,April,Medium Risk,2,4
1934,28,UK,25-05-2023,Deluxe,Online,50,12141.31,0,109271.79,May,Low Risk,4,12
1935,40,India,10-01-2023,Deluxe,Agent,11,8453.45,1,67627.6,January,Low Risk,2,19
1937,51,UK,08-09-2023,Deluxe,Corporate,137,13593.79,1,40781.37,September,High Risk,3,6
1938,63,UAE,15-08-2023,Deluxe,Agent,82,13091.84,0,65459.2,August,Medium Risk,2,15
1939,51,UAE,06-09-2023,Deluxe,Agent,89,9264.74,0,46323.7,September,Medium Risk,3,19
1947,32,UK,10-05-2023,Deluxe,Corporate,114,13326.06,1,26652.12,May,High Risk,3,18
1948,46,UK,27-01-2023,Deluxe,Agent,122,11769.31,1,105923.79,January,High Risk,2,15
1950,28,UAE,07-09-2023,Deluxe,Online,141,4104.71,1,4104.71,September,High Risk,2,1
1951,69,Germany,10-08-2023,Deluxe,Online,101,2457.55,1,12287.75,August,High Risk,2,15
1952,49,USA,18-05-2023,Deluxe,Corporate,76,11090.93,0,22181.86,May,Medium Risk,3,12
1958,28,UAE,22-06-2023,Deluxe,Corporate,27,12784.24,1,140626.64,June,Low Risk,4,1
1963,45,India,04-12-2023,Deluxe,Corporate,101,9992.15,1,39968.6,December,High Risk,4,1
1964,46,UAE,18-02-2023,Deluxe,Agent,38,5124.89,0,15374.67,February,Low Risk,3,14
1972,22,USA,02-04-2023,Deluxe,Online,2,3797.2,1,18986,April,Low Risk,4,10
1973,20,Germany,19-10-2023,Deluxe,Online,162,2867.6,1,40146.4,October,High Risk,2,8
1974,18,India,15-08-2023,Deluxe,Corporate,134,7198.92,1,100784.88,August,High Risk,3,20
1977,51,USA,26-09-2023,Deluxe,Agent,158,2452.33,1,31880.29,September,High Risk,3,8
1980,42,UK,14-12-2023,Deluxe,Agent,114,9547.48,1,66832.36,December,High Risk,2,4
1982,29,Germany,25-02-2023,Deluxe,Corporate,130,2229.5,1,6688.5,February,High Risk,2,12
1984,32,India,12-11-2023,Deluxe,Agent,8,6598.44,0,92378.16,November,Low Risk,4,15
1987,44,India,06-02-2023,Deluxe,Agent,87,5535.7,0,49821.3,February,Medium Risk,4,18
1988,25,Germany,30-07-2023,Deluxe,Online,138,14923.73,1,208932.22,July,High Risk,3,13
1992,46,Germany,08-08-2023,Deluxe,Corporate,129,7668.42,1,61347.36,August,High Risk,3,5
1994,32,UK,24-12-2023,Deluxe,Corporate,2,2103.73,0,2103.73,December,Low Risk,4,20
1997,67,Germany,01-01-2023,Deluxe,Corporate,114,8982.61,1,35930.44,January,High Risk,4,1
2001,46,USA,18-01-2023,Deluxe,Agent,22,13120.63,0,131206.3,January,Low Risk,4,4
2003,41,UAE,16-02-2023,Deluxe,Agent,76,5909.12,0,70909.44,February,Medium Risk,2,20
2008,42,Germany,19-09-2023,Deluxe,Agent,55,7653.45,0,30613.8,September,Medium Risk,3,8
2009,47,Germany,30-07-2023,Deluxe,Corporate,172,2264.37,1,6793.11,July,High Risk,4,11
2011,24,India,08-10-2023,Deluxe,Agent,102,9801.96,1,58811.76,October,High Risk,4,12
2013,61,UK,17-11-2023,Deluxe,Corporate,103,12496.89,1,112472.01,November,High Risk,3,7
2014,37,Germany,13-05-2023,Deluxe,Online,31,3746.03,0,18730.15,May,Low Risk,2,8
2017,55,UAE,21-04-2023,Deluxe,Corporate,35,12839.28,1,38517.84,April,Low Risk,3,14
2021,41,UAE,04-09-2023,Deluxe,Corporate,170,11577.61,1,81043.27,September,High Risk,3,18
2022,25,India,04-01-2023,Deluxe,Corporate,156,11171.74,1,134060.88,January,High Risk,4,17
2027,38,India,22-06-2023,Deluxe,Agent,30,10414.69,1,72902.83,June,Low Risk,2,18
2028,35,Germany,12-07-2023,Deluxe,Online,100,13424.7,0,53698.8,July,Medium Risk,4,5
2037,62,USA,13-10-2023,Deluxe,Online,148,6763.58,1,81162.96,October,High Risk,2,7
2041,58,USA,10-01-2023,Deluxe,Corporate,46,12726.5,0,152718,January,Low Risk,4,19
2046,41,USA,01-09-2023,Deluxe,Online,50,9343.86,0,18687.72,September,Low Risk,3,9
2050,63,UK,11-04-2023,Deluxe,Agent,52,8454.9,1,118368.6,April,Medium Risk,3,10
2052,32,USA,22-07-2023,Deluxe,Online,59,6406.14,1,83279.82,July,Medium Risk,2,6
2053,33,India,02-06-2023,Deluxe,Online,168,2646.26,1,13231.3,June,High Risk,2,15
2055,45,UK,18-11-2023,Deluxe,Online,3,10251.49,0,112766.39,November,Low Risk,2,1
2057,50,USA,01-06-2023,Deluxe,Corporate,140,7159.17,1,71591.7,June,High Risk,3,8
2058,27,India,24-03-2023,Deluxe,Agent,142,13604.64,1,122441.76,March,High Risk,2,3
2060,49,USA,22-11-2023,Deluxe,Agent,7,10751.1,0,10751.1,November,Low Risk,3,7
2067,30,UAE,05-09-2023,Deluxe,Agent,6,13271.62,0,39814.86,September,Low Risk,4,20
2071,69,UAE,03-12-2023,Deluxe,Corporate,130,8211.74,1,41058.7,December,High Risk,3,3
2078,43,India,31-10-2023,Deluxe,Online,160,7729.18,1,15458.36,October,High Risk,4,11
2079,63,India,24-01-2023,Deluxe,Agent,19,8458.38,0,93042.18,January,Low Risk,2,13
2084,61,UK,21-08-2023,Deluxe,Online,156,5250.75,1,63009,August,High Risk,2,2
2085,66,USA,04-10-2023,Deluxe,Online,148,14182.24,1,198551.36,October,High Risk,3,8
2086,57,Germany,30-04-2023,Deluxe,Corporate,111,12646.81,1,75880.86,April,High Risk,3,7
2088,20,USA,27-02-2023,Deluxe,Agent,9,2113.35,0,6340.05,February,Low Risk,2,4
2090,26,UAE,25-06-2023,Deluxe,Corporate,153,14803.19,1,88819.14,June,High Risk,3,4
2091,23,India,23-02-2023,Deluxe,Corporate,122,8047.68,1,56333.76,February,High Risk,4,19
2096,58,UK,19-01-2023,Deluxe,Agent,38,4177.74,1,8355.48,January,Low Risk,3,12
2097,67,Germany,08-12-2023,Deluxe,Online,168,8257.87,1,99094.44,December,High Risk,2,8
2099,25,USA,16-07-2023,Deluxe,Online,66,13567.48,0,67837.4,July,Medium Risk,4,5
2100,25,Germany,14-03-2023,Deluxe,Corporate,88,12030.63,0,144367.56,March,Medium Risk,3,6
2106,28,Germany,30-04-2023,Deluxe,Corporate,12,9708.44,1,97084.4,April,Low Risk,2,16
2109,21,UAE,26-04-2023,Deluxe,Online,155,4232.41,1,29626.87,April,High Risk,4,19
2110,23,UAE,02-03-2023,Deluxe,Corporate,121,12031.39,1,84219.73,March,High Risk,3,19
2112,43,USA,03-02-2023,Deluxe,Online,142,4271.78,1,46989.58,February,High Risk,3,4
2114,58,UAE,27-07-2023,Deluxe,Agent,103,12661.81,1,164603.53,July,High Risk,2,11
2115,59,India,11-06-2023,Deluxe,Agent,73,2522.37,0,12611.85,June,Medium Risk,4,17
2120,40,India,15-04-2023,Deluxe,Corporate,128,10648.18,1,127778.16,April,High Risk,4,2
2123,42,USA,28-07-2023,Deluxe,Online,87,3298.22,0,6596.44,July,Medium Risk,2,17
2124,62,UAE,16-09-2023,Deluxe,Corporate,20,11692.2,0,128614.2,September,Low Risk,2,16
2125,68,UAE,27-08-2023,Deluxe,Agent,105,2828.68,1,28286.8,August,High Risk,3,10
2128,53,USA,09-10-2023,Deluxe,Agent,140,5881.04,1,58810.4,October,High Risk,2,13
2133,68,UK,04-07-2023,Deluxe,Online,45,5758.83,0,46070.64,July,Low Risk,2,17
2134,61,Germany,24-04-2023,Deluxe,Corporate,174,4518.54,1,49703.94,April,High Risk,4,8
2137,35,USA,08-12-2023,Deluxe,Agent,132,10578.73,1,105787.3,December,High Risk,3,9
2145,27,UK,22-05-2023,Deluxe,Agent,145,8406.42,1,75657.78,May,High Risk,2,3
2149,32,UAE,21-04-2023,Deluxe,Agent,101,8831.52,1,8831.52,April,High Risk,3,17
2150,50,Germany,14-04-2023,Deluxe,Corporate,172,3569.54,1,10708.62,April,High Risk,3,1
2151,24,UAE,15-01-2023,Deluxe,Agent,116,13073.89,1,169960.57,January,High Risk,3,14
2153,66,USA,08-06-2023,Deluxe,Online,10,7428.64,0,7428.64,June,Low Risk,3,12
2155,38,UK,27-01-2023,Deluxe,Online,58,9723.05,0,38892.2,January,Medium Risk,2,6
2157,41,Germany,09-01-2023,Deluxe,Online,104,13291.49,1,66457.45,January,High Risk,3,7
2159,54,India,15-08-2023,Deluxe,Online,46,11942.75,1,47771,August,Low Risk,3,6
2160,21,UK,05-07-2023,Deluxe,Corporate,87,5121.05,1,71694.7,July,Medium Risk,2,12
2166,66,UK,27-11-2023,Deluxe,Corporate,68,8317.87,0,16635.74,November,Medium Risk,2,10
2168,49,India,02-10-2023,Deluxe,Corporate,141,10773.08,1,75411.56,October,High Risk,3,6
2170,53,India,07-07-2023,Deluxe,Corporate,137,11358.25,1,90866,July,High Risk,2,9
2174,32,UK,06-05-2023,Deluxe,Online,80,8618.71,0,112043.23,May,Medium Risk,4,8
2175,51,Germany,21-03-2023,Deluxe,Corporate,64,3921.88,0,23531.28,March,Medium Risk,4,12
2179,59,UAE,19-06-2023,Deluxe,Corporate,162,3444.92,1,24114.44,June,High Risk,4,20
2182,29,UAE,06-12-2023,Deluxe,Corporate,172,7432.91,1,66896.19,December,High Risk,4,2
2186,57,UK,11-01-2023,Deluxe,Agent,136,12308.12,1,160005.56,January,High Risk,4,6
2189,50,UAE,13-05-2023,Deluxe,Agent,99,6043.68,0,78567.84,May,Medium Risk,4,19
2190,52,UAE,08-05-2023,Deluxe,Corporate,61,10861.86,1,130342.32,May,Medium Risk,2,16
2191,43,Germany,28-05-2023,Deluxe,Corporate,165,11332.74,1,135992.88,May,High Risk,3,2
2193,53,UAE,07-11-2023,Deluxe,Agent,26,11065.27,0,33195.81,November,Low Risk,3,17
2197,59,Germany,06-09-2023,Deluxe,Corporate,126,4946.48,1,44518.32,September,High Risk,2,18
2198,61,Germany,07-05-2023,Deluxe,Online,10,3206.85,0,19241.1,May,Low Risk,2,15
2203,22,India,02-05-2023,Deluxe,Corporate,67,13396.02,1,40188.06,May,Medium Risk,3,4
2207,64,UAE,14-01-2023,Deluxe,Online,167,2420.66,1,33889.24,January,High Risk,2,13
2208,31,USA,31-10-2023,Deluxe,Agent,101,8330.39,1,33321.56,October,High Risk,4,10
2211,37,USA,28-08-2023,Deluxe,Online,7,10896.65,0,54483.25,August,Low Risk,4,2
2214,23,USA,18-12-2023,Deluxe,Online,122,14167.41,1,198343.74,December,High Risk,2,18
2219,52,USA,03-06-2023,Deluxe,Online,148,6328.6,1,37971.6,June,High Risk,3,5
2225,53,UAE,29-06-2023,Deluxe,Agent,135,3364.42,1,47101.88,June,High Risk,2,8
2226,62,Germany,05-07-2023,Deluxe,Online,53,7365.63,1,88387.56,July,Medium Risk,2,12
2230,28,UK,03-01-2023,Deluxe,Agent,178,12513.48,1,100107.84,January,High Risk,3,16
2231,27,USA,02-01-2023,Deluxe,Corporate,3,2052.81,1,22580.91,January,Low Risk,4,7
2233,31,UK,23-12-2023,Deluxe,Online,100,14600.06,0,175200.72,December,Medium Risk,4,20
2236,46,UK,25-05-2023,Deluxe,Online,129,13178.36,1,65891.8,May,High Risk,4,15
2241,18,India,14-08-2023,Deluxe,Online,153,6820.29,1,13640.58,August,High Risk,4,6
2242,22,India,31-01-2023,Deluxe,Agent,145,7828.06,1,101764.78,January,High Risk,2,20
2244,25,Germany,25-09-2023,Deluxe,Corporate,121,2471.08,1,17297.56,September,High Risk,4,19
2245,60,India,12-01-2023,Deluxe,Corporate,55,6351.37,1,19054.11,January,Medium Risk,2,9
2247,18,Germany,25-01-2023,Deluxe,Corporate,139,5889.43,1,76562.59,January,High Risk,3,11
2251,54,UK,01-10-2023,Deluxe,Corporate,14,8410.59,1,42052.95,October,Low Risk,4,19
2254,29,USA,21-03-2023,Deluxe,Corporate,83,2602.2,0,2602.2,March,Medium Risk,3,12
2256,66,Germany,20-05-2023,Deluxe,Corporate,179,2353.71,1,18829.68,May,High Risk,2,3
2259,45,Germany,23-02-2023,Deluxe,Online,44,13845.52,0,193837.28,February,Low Risk,4,3
2264,37,USA,30-11-2023,Deluxe,Corporate,156,12092.5,1,60462.5,November,High Risk,3,11
2267,19,USA,28-03-2023,Deluxe,Agent,146,12630.63,1,75783.78,March,High Risk,2,9
2270,37,UK,03-05-2023,Deluxe,Online,118,9015.99,1,27047.97,May,High Risk,4,4
2272,46,India,04-08-2023,Deluxe,Agent,86,6933.95,0,55471.6,August,Medium Risk,3,11
2273,18,USA,16-07-2023,Deluxe,Online,104,8911.32,1,8911.32,July,High Risk,2,14
2274,52,UAE,08-02-2023,Deluxe,Corporate,1,3208.9,0,32089,February,Low Risk,2,10
2277,22,USA,25-08-2023,Deluxe,Agent,101,12239.49,1,24478.98,August,High Risk,3,20
2281,31,USA,17-06-2023,Deluxe,Agent,134,11571.21,1,92569.68,June,High Risk,2,13
2283,59,UAE,08-03-2023,Deluxe,Online,83,9369.71,1,93697.1,March,Medium Risk,4,10
2287,60,UK,28-03-2023,Deluxe,Agent,100,8247.92,0,98975.04,March,Medium Risk,2,7
2289,42,India,28-06-2023,Deluxe,Online,21,6291.45,1,6291.45,June,Low Risk,4,4
2293,48,UAE,21-08-2023,Deluxe,Online,92,12303.12,0,159940.56,August,Medium Risk,2,7
2295,60,UAE,06-05-2023,Deluxe,Agent,102,11897.49,1,118974.9,May,High Risk,2,9
2297,40,USA,18-05-2023,Deluxe,Agent,39,5804.02,0,46432.16,May,Low Risk,2,12
2298,61,UAE,18-02-2023,Deluxe,Online,113,14057.71,1,56230.84,February,High Risk,2,10
2299,55,Germany,05-07-2023,Deluxe,Agent,147,8944.73,1,80502.57,July,High Risk,3,8
2303,69,UAE,13-04-2023,Deluxe,Agent,135,9110.2,1,18220.4,April,High Risk,3,16
2306,59,India,20-11-2023,Deluxe,Corporate,152,10693.44,1,53467.2,November,High Risk,3,19
2311,25,UAE,24-01-2023,Deluxe,Corporate,61,8478.99,1,8478.99,January,Medium Risk,3,18
2312,46,Germany,27-10-2023,Deluxe,Corporate,104,4087.58,1,40875.8,October,High Risk,3,2
2313,49,Germany,24-03-2023,Deluxe,Agent,148,4550.56,1,63707.84,March,High Risk,4,1
2315,22,UAE,28-06-2023,Deluxe,Online,152,10151.06,1,121812.72,June,High Risk,2,15
2316,64,USA,25-10-2023,Deluxe,Corporate,86,6440.89,1,25763.56,October,Medium Risk,3,5
2320,18,Germany,31-10-2023,Deluxe,Online,11,3945.54,1,35509.86,October,Low Risk,4,16
2322,60,Germany,06-12-2023,Deluxe,Agent,152,2756.42,1,16538.52,December,High Risk,4,8
2328,43,India,18-09-2023,Deluxe,Agent,82,3645.73,1,18228.65,September,Medium Risk,2,7
2333,29,UK,14-01-2023,Deluxe,Agent,34,11670.32,0,93362.56,January,Low Risk,4,3
2337,63,UK,20-05-2023,Deluxe,Agent,74,5128.12,1,41024.96,May,Medium Risk,2,15
2339,50,UAE,10-10-2023,Deluxe,Corporate,27,14025.13,1,112201.04,October,Low Risk,3,16
2347,58,UAE,16-05-2023,Deluxe,Corporate,61,10447.04,0,73129.28,May,Medium Risk,4,17
2349,45,UK,09-08-2023,Deluxe,Online,166,6061.49,1,60614.9,August,High Risk,3,7
2354,50,UAE,26-04-2023,Deluxe,Agent,96,8473.54,0,59314.78,April,Medium Risk,4,11
2356,42,UAE,27-09-2023,Deluxe,Agent,18,11208.31,0,145708.03,September,Low Risk,2,2
2359,26,Germany,15-12-2023,Deluxe,Agent,45,7802.27,0,54615.89,December,Low Risk,2,16
2361,48,USA,15-11-2023,Deluxe,Corporate,24,13530.5,0,13530.5,November,Low Risk,2,9
2362,58,UK,26-08-2023,Deluxe,Corporate,62,8515.22,1,42576.1,August,Medium Risk,4,1
2373,35,Germany,05-05-2023,Deluxe,Corporate,47,14429.41,0,158723.51,May,Low Risk,4,17
2377,36,UAE,05-04-2023,Deluxe,Online,140,7250.5,1,21751.5,April,High Risk,4,5
2380,18,Germany,14-03-2023,Deluxe,Agent,36,14254.07,0,28508.14,March,Low Risk,3,13
2381,41,India,28-12-2023,Deluxe,Agent,27,10353.8,0,10353.8,December,Low Risk,2,19
2386,18,USA,10-11-2023,Deluxe,Agent,8,6051.69,0,24206.76,November,Low Risk,2,1
2391,36,India,25-06-2023,Deluxe,Online,65,12561.63,1,62808.15,June,Medium Risk,3,20
2392,46,USA,23-11-2023,Deluxe,Online,94,6785.47,0,27141.88,November,Medium Risk,4,12
2395,66,UAE,19-02-2023,Deluxe,Online,19,9105.26,1,18210.52,February,Low Risk,2,16
2397,66,USA,29-04-2023,Deluxe,Online,101,9147.38,1,54884.28,April,High Risk,2,15
2398,52,UK,06-12-2023,Deluxe,Agent,101,5337.49,1,16012.47,December,High Risk,2,11
2400,55,UK,11-08-2023,Deluxe,Agent,119,7691.56,1,23074.68,August,High Risk,4,3
2401,43,UAE,24-12-2023,Deluxe,Corporate,48,7966.61,0,87632.71,December,Low Risk,2,19
2405,63,India,23-01-2023,Deluxe,Agent,38,4374.98,1,61249.72,January,Low Risk,2,4
2408,19,USA,17-11-2023,Deluxe,Online,2,4722.12,0,23610.6,November,Low Risk,2,12
2409,63,USA,14-05-2023,Deluxe,Agent,71,14881.47,0,89288.82,May,Medium Risk,4,2
2412,38,UK,14-02-2023,Deluxe,Agent,28,2006.87,0,6020.61,February,Low Risk,4,3
2413,43,UAE,28-06-2023,Deluxe,Corporate,55,7692.93,0,92315.16,June,Medium Risk,2,18
2415,65,USA,24-12-2023,Deluxe,Agent,107,13861.88,1,69309.4,December,High Risk,2,15
2416,19,UK,04-03-2023,Deluxe,Corporate,62,3636.56,0,50911.84,March,Medium Risk,3,6
2420,43,USA,06-04-2023,Deluxe,Online,102,11709.41,1,105384.69,April,High Risk,2,14
2432,65,UAE,12-12-2023,Deluxe,Agent,157,8609.04,1,94699.44,December,High Risk,2,14
2438,60,UK,30-06-2023,Deluxe,Corporate,178,8088.03,1,105144.39,June,High Risk,4,18
2440,38,UAE,15-04-2023,Deluxe,Corporate,7,7808.82,1,7808.82,April,Low Risk,4,17
2450,32,India,07-02-2023,Deluxe,Agent,38,7467.99,1,67211.91,February,Low Risk,4,14
2452,38,USA,15-06-2023,Deluxe,Corporate,51,9629.1,0,9629.1,June,Medium Risk,4,15
2453,30,Germany,01-07-2023,Deluxe,Corporate,56,7019.28,0,63173.52,July,Medium Risk,4,1
2458,21,UAE,05-11-2023,Deluxe,Corporate,138,8524.24,1,68193.92,November,High Risk,4,1
2459,65,Germany,01-05-2023,Deluxe,Agent,83,5526.99,0,60796.89,May,Medium Risk,3,11
2467,25,Germany,08-08-2023,Deluxe,Agent,3,10853.54,1,65121.24,August,Low Risk,2,7
2469,59,USA,06-08-2023,Deluxe,Agent,48,13472.11,0,148193.21,August,Low Risk,3,10
2473,19,UK,10-09-2023,Deluxe,Agent,64,2678.64,1,16071.84,September,Medium Risk,4,3
2474,66,UK,23-12-2023,Deluxe,Corporate,121,11367.51,1,79572.57,December,High Risk,4,16
2475,30,India,03-08-2023,Deluxe,Agent,143,11568.27,1,92546.16,August,High Risk,3,14
2481,24,UK,08-04-2023,Deluxe,Agent,60,3418.83,0,3418.83,April,Medium Risk,3,3
2483,61,UAE,03-06-2023,Deluxe,Agent,162,4029.3,1,24175.8,June,High Risk,3,12
2485,56,USA,17-07-2023,Deluxe,Corporate,130,9731.28,1,126506.64,July,High Risk,4,14
2486,30,USA,18-04-2023,Deluxe,Corporate,95,5776.9,1,34661.4,April,Medium Risk,3,3
2487,48,UAE,23-01-2023,Deluxe,Agent,140,5210.99,1,57320.89,January,High Risk,2,6
2488,24,UK,11-02-2023,Deluxe,Corporate,13,8188.81,0,32755.24,February,Low Risk,3,10
2494,21,India,06-01-2023,Deluxe,Online,141,7123.52,1,14247.04,January,High Risk,2,2
2501,30,India,02-03-2023,Deluxe,Agent,91,7880.7,1,110329.8,March,Medium Risk,3,10
2504,39,USA,10-07-2023,Deluxe,Corporate,71,11265.1,1,123916.1,July,Medium Risk,3,20
2505,45,USA,07-01-2023,Deluxe,Online,134,4799.25,1,52791.75,January,High Risk,2,10
2506,26,UK,26-03-2023,Deluxe,Online,112,12111.86,1,72671.16,March,High Risk,3,9
2510,27,India,07-12-2023,Deluxe,Agent,59,5190.22,1,67472.86,December,Medium Risk,2,18
2513,25,Germany,06-10-2023,Deluxe,Online,167,10881.91,1,87055.28,October,High Risk,4,8
2517,43,UK,06-09-2023,Deluxe,Agent,111,13371.45,1,93600.15,September,High Risk,2,3
2518,44,Germany,17-08-2023,Deluxe,Online,41,8979.82,0,89798.2,August,Low Risk,4,16
2522,41,India,26-06-2023,Deluxe,Corporate,122,3750.94,1,3750.94,June,High Risk,4,18
2524,53,Germany,07-11-2023,Deluxe,Corporate,37,9025.29,1,18050.58,November,Low Risk,2,6
2533,67,USA,30-10-2023,Deluxe,Corporate,44,11534.31,1,103808.79,October,Low Risk,3,13
2534,22,USA,23-08-2023,Deluxe,Corporate,122,2872.88,1,34474.56,August,High Risk,4,18
2541,38,India,30-03-2023,Deluxe,Agent,51,4409.41,0,22047.05,March,Medium Risk,3,5
2542,34,USA,05-07-2023,Deluxe,Online,147,6621.32,1,46349.24,July,High Risk,4,16
2543,39,Germany,08-07-2023,Deluxe,Agent,172,14161.49,1,169937.88,July,High Risk,2,16
2546,32,Germany,14-09-2023,Deluxe,Agent,1,9688.45,0,77507.6,September,Low Risk,4,16
2547,52,USA,18-12-2023,Deluxe,Online,33,8516.9,1,8516.9,December,Low Risk,3,6
2555,30,Germany,16-06-2023,Deluxe,Agent,64,13589.83,0,27179.66,June,Medium Risk,3,13
2560,38,USA,14-04-2023,Deluxe,Agent,167,7136.5,1,35682.5,April,High Risk,4,10
2563,59,UAE,05-08-2023,Deluxe,Agent,67,8968.11,1,53808.66,August,Medium Risk,2,14
2566,66,Germany,04-09-2023,Deluxe,Online,22,8635.22,1,43176.1,September,Low Risk,2,6
2567,28,USA,21-10-2023,Deluxe,Corporate,160,14186.44,1,170237.28,October,High Risk,3,20
2568,56,Germany,23-08-2023,Deluxe,Corporate,7,3704.59,0,14818.36,August,Low Risk,4,3
2569,41,USA,11-05-2023,Deluxe,Corporate,123,2174.56,1,17396.48,May,High Risk,2,20
2571,36,UK,23-02-2023,Deluxe,Online,14,11940.2,0,167162.8,February,Low Risk,4,11
2581,57,Germany,17-10-2023,Deluxe,Online,3,12289.12,0,122891.2,October,Low Risk,3,7
2582,54,India,27-07-2023,Deluxe,Online,53,8120.97,0,97451.64,July,Medium Risk,4,9
2584,53,Germany,01-10-2023,Deluxe,Agent,161,5621.5,1,16864.5,October,High Risk,2,10
2585,20,Germany,11-03-2023,Deluxe,Corporate,83,9992.94,1,89936.46,March,Medium Risk,3,17
2590,58,UK,27-12-2023,Deluxe,Corporate,120,8236.58,1,49419.48,December,High Risk,2,6
2591,56,India,15-12-2023,Deluxe,Corporate,72,5684.59,1,79584.26,December,Medium Risk,3,14
2601,25,UK,11-01-2023,Deluxe,Online,81,12321.81,1,12321.81,January,Medium Risk,4,10
2605,20,UAE,07-02-2023,Deluxe,Corporate,38,2090.75,1,2090.75,February,Low Risk,3,5
2609,23,UAE,01-01-2023,Deluxe,Online,54,6322.93,0,75875.16,January,Medium Risk,2,14
2611,40,India,06-03-2023,Deluxe,Agent,44,13091.76,1,91642.32,March,Low Risk,2,10
2612,61,USA,01-01-2023,Deluxe,Agent,66,7488.16,0,59905.28,January,Medium Risk,4,7
2616,52,UK,13-12-2023,Deluxe,Online,21,4983.06,1,39864.48,December,Low Risk,4,13
2620,69,UK,01-02-2023,Deluxe,Online,57,7894.8,1,86842.8,February,Medium Risk,3,6
2626,30,UAE,02-03-2023,Deluxe,Agent,59,11246.45,0,101218.05,March,Medium Risk,4,2
2635,34,UK,01-07-2023,Deluxe,Corporate,172,10437.81,1,125253.72,July,High Risk,2,17
2638,25,Germany,23-07-2023,Deluxe,Agent,135,11927.75,1,83494.25,July,High Risk,4,20
2642,47,India,21-06-2023,Deluxe,Corporate,55,10168.91,0,81351.28,June,Medium Risk,2,6
2645,45,UK,11-11-2023,Deluxe,Agent,160,3818.43,1,42002.73,November,High Risk,2,13
2647,57,Germany,29-12-2023,Deluxe,Online,112,3753.27,1,30026.16,December,High Risk,4,7
2649,37,Germany,25-10-2023,Deluxe,Corporate,11,10059.24,0,130770.12,October,Low Risk,2,9
2654,38,Germany,10-03-2023,Deluxe,Agent,47,2905.3,0,8715.9,March,Low Risk,4,9
2655,37,USA,21-03-2023,Deluxe,Corporate,119,2918.46,1,5836.92,March,High Risk,3,10
2657,39,USA,11-04-2023,Deluxe,Corporate,0,11857.19,0,118571.9,April,Low Risk,3,7
2661,49,Germany,09-06-2023,Deluxe,Corporate,94,13203.25,0,118829.25,June,Medium Risk,3,9
2665,55,USA,03-07-2023,Deluxe,Corporate,69,5399.38,1,5399.38,July,Medium Risk,4,12
2670,50,India,04-06-2023,Deluxe,Online,143,7129.46,1,42776.76,June,High Risk,3,20
2674,19,Germany,06-07-2023,Deluxe,Agent,34,9093.29,0,36373.16,July,Low Risk,2,4
2680,18,UK,03-04-2023,Deluxe,Online,128,8831.37,1,44156.85,April,High Risk,3,18
2681,28,UK,13-10-2023,Deluxe,Agent,104,7512.16,1,67609.44,October,High Risk,3,15
2684,40,USA,30-01-2023,Deluxe,Corporate,30,2906.07,1,14530.35,January,Low Risk,4,15
2686,21,Germany,15-10-2023,Deluxe,Corporate,46,4500.22,1,45002.2,October,Low Risk,3,9
2688,23,USA,20-02-2023,Deluxe,Agent,101,3427.47,1,17137.35,February,High Risk,3,10
2696,59,UAE,30-03-2023,Deluxe,Agent,127,7068.2,1,42409.2,March,High Risk,4,15
2697,29,UK,31-07-2023,Deluxe,Corporate,84,6589.79,0,72487.69,July,Medium Risk,2,9
2698,64,UAE,14-11-2023,Deluxe,Agent,63,7860.98,0,62887.84,November,Medium Risk,3,5
2700,59,India,02-09-2023,Deluxe,Online,31,13175.64,1,131756.4,September,Low Risk,2,4
2703,62,UK,16-11-2023,Deluxe,Online,32,6159.52,0,86233.28,November,Low Risk,2,8
2710,23,Germany,13-09-2023,Deluxe,Online,121,6622.11,1,6622.11,September,High Risk,4,6
2723,52,Germany,23-04-2023,Deluxe,Online,136,5263.22,1,26316.1,April,High Risk,2,6
2724,35,UK,26-09-2023,Deluxe,Online,178,13145.73,1,144603.03,September,High Risk,4,20
2725,31,USA,06-06-2023,Deluxe,Corporate,87,3158.35,0,28425.15,June,Medium Risk,4,2
2726,37,Germany,13-12-2023,Deluxe,Corporate,143,14419.26,1,173031.12,December,High Risk,2,4
2727,35,India,17-12-2023,Deluxe,Corporate,10,8539.2,0,85392,December,Low Risk,3,5
2729,42,USA,08-06-2023,Deluxe,Corporate,0,9903.14,0,39612.56,June,Low Risk,4,11
2735,31,USA,06-04-2023,Deluxe,Online,141,2009.29,1,12055.74,April,High Risk,3,5
2737,63,UAE,27-02-2023,Deluxe,Online,128,9638.41,1,106022.51,February,High Risk,3,9
2743,58,UK,22-09-2023,Deluxe,Corporate,102,13797.65,1,165571.8,September,High Risk,2,1
2744,23,India,01-05-2023,Deluxe,Corporate,104,6202.11,1,74425.32,May,High Risk,4,5
2747,51,UAE,02-08-2023,Deluxe,Online,35,5732.1,1,11464.2,August,Low Risk,3,14
2751,21,USA,01-07-2023,Deluxe,Agent,45,14694.33,0,132248.97,July,Low Risk,3,19
2753,32,India,06-02-2023,Deluxe,Online,51,13816.6,0,179615.8,February,Medium Risk,2,14
2755,62,India,12-01-2023,Deluxe,Online,34,11814.58,1,82702.06,January,Low Risk,2,7
2757,49,India,12-02-2023,Deluxe,Corporate,122,10042.43,1,90381.87,February,High Risk,3,18
2760,30,India,14-05-2023,Deluxe,Online,63,7163.04,0,42978.24,May,Medium Risk,2,9
2768,46,UK,23-05-2023,Deluxe,Online,156,12518.33,1,75109.98,May,High Risk,4,20
2769,60,UK,12-12-2023,Deluxe,Corporate,130,12552.49,1,138077.39,December,High Risk,2,17
2770,19,USA,11-02-2023,Deluxe,Online,97,2904.37,0,31948.07,February,Medium Risk,4,11
2771,40,Germany,19-05-2023,Deluxe,Online,103,6862.67,1,89214.71,May,High Risk,3,17
2776,36,UAE,03-09-2023,Deluxe,Agent,170,9199.04,1,73592.32,September,High Risk,4,1
2780,19,India,04-10-2023,Deluxe,Corporate,12,11807.53,1,118075.3,October,Low Risk,4,10
2781,28,UAE,04-10-2023,Deluxe,Online,72,10243.99,0,81951.92,October,Medium Risk,3,4
2784,32,UK,24-12-2023,Deluxe,Online,134,12031.47,1,120314.7,December,High Risk,2,17
2786,40,UAE,13-01-2023,Deluxe,Online,103,5501.48,1,44011.84,January,High Risk,4,1
2791,26,UK,22-04-2023,Deluxe,Online,174,14098.48,1,28196.96,April,High Risk,2,2
2801,56,Germany,18-04-2023,Deluxe,Online,140,8594.45,1,103133.4,April,High Risk,2,14
2804,54,UAE,06-02-2023,Deluxe,Agent,109,2590.94,1,15545.64,February,High Risk,2,10
2810,55,UK,11-02-2023,Deluxe,Online,174,2616.59,1,36632.26,February,High Risk,2,18
2812,67,UAE,05-05-2023,Deluxe,Corporate,116,8163.87,1,16327.74,May,High Risk,4,15
2813,54,USA,27-09-2023,Deluxe,Online,56,6484.6,0,32423,September,Medium Risk,4,17
2818,45,UK,25-04-2023,Deluxe,Agent,85,6526.73,0,71794.03,April,Medium Risk,3,4
2820,31,UAE,27-11-2023,Deluxe,Agent,52,11357.79,1,56788.95,November,Medium Risk,2,14
2831,27,Germany,23-10-2023,Deluxe,Corporate,119,7392.29,1,14784.58,October,High Risk,2,15
2845,49,UAE,21-02-2023,Deluxe,Agent,88,6091.29,0,79186.77,February,Medium Risk,2,7
2847,34,USA,09-12-2023,Deluxe,Corporate,125,8099.79,1,80997.9,December,High Risk,4,14
2849,66,UAE,01-08-2023,Deluxe,Online,117,13504.53,1,135045.3,August,High Risk,3,9
2850,28,India,30-04-2023,Deluxe,Online,172,13274.18,1,79645.08,April,High Risk,3,3
2852,69,USA,28-07-2023,Deluxe,Agent,68,8868.8,0,44344,July,Medium Risk,3,12
2854,21,UK,24-01-2023,Deluxe,Agent,77,8271.85,1,24815.55,January,Medium Risk,2,7
2856,69,India,24-07-2023,Deluxe,Agent,162,3900.53,1,7801.06,July,High Risk,2,15
2861,58,Germany,09-09-2023,Deluxe,Corporate,20,14770.69,1,192018.97,September,Low Risk,2,16
2864,46,UK,02-04-2023,Deluxe,Online,91,2803.01,1,28030.1,April,Medium Risk,4,7
2865,55,Germany,02-01-2023,Deluxe,Online,38,2190.05,1,17520.4,January,Low Risk,4,18
2872,34,UAE,20-07-2023,Deluxe,Agent,144,7548.33,1,15096.66,July,High Risk,2,15
2873,26,UAE,04-11-2023,Deluxe,Agent,120,12050.65,1,108455.85,November,High Risk,4,16
2874,58,Germany,09-09-2023,Deluxe,Corporate,67,12674.14,0,101393.12,September,Medium Risk,4,11
2877,65,USA,03-06-2023,Deluxe,Agent,61,7105.23,1,7105.23,June,Medium Risk,4,10
2878,46,India,13-05-2023,Deluxe,Agent,88,14642.67,0,204997.38,May,Medium Risk,2,11
2879,50,USA,15-03-2023,Deluxe,Online,159,7264.49,1,36322.45,March,High Risk,3,14
2880,27,Germany,01-10-2023,Deluxe,Online,71,7146.75,0,78614.25,October,Medium Risk,2,18
2882,57,Germany,04-07-2023,Deluxe,Corporate,172,2331.53,1,23315.3,July,High Risk,3,8
2884,45,UAE,05-01-2023,Deluxe,Online,148,12773.2,1,166051.6,January,High Risk,3,4
2890,66,Germany,30-09-2023,Deluxe,Online,128,2567.54,1,30810.48,September,High Risk,4,18
2899,61,Germany,19-06-2023,Deluxe,Agent,170,9702.01,1,87318.09,June,High Risk,2,12
2900,18,Germany,28-07-2023,Deluxe,Online,79,11290.04,0,146770.52,July,Medium Risk,4,7
2901,40,UK,23-03-2023,Deluxe,Agent,35,5878.26,1,17634.78,March,Low Risk,3,15
2904,30,USA,11-12-2023,Deluxe,Corporate,42,13093.19,0,144025.09,December,Low Risk,3,14
2907,60,India,17-06-2023,Deluxe,Agent,49,13002.86,1,104022.88,June,Low Risk,2,2
2915,22,UK,01-09-2023,Deluxe,Agent,68,7945.53,0,95346.36,September,Medium Risk,4,7
2917,38,Germany,22-04-2023,Deluxe,Agent,140,4582.45,1,22912.25,April,High Risk,4,9
2921,53,Germany,04-02-2023,Deluxe,Corporate,61,4756.73,0,4756.73,February,Medium Risk,4,20
2922,28,India,30-01-2023,Deluxe,Corporate,88,8067.49,0,48404.94,January,Medium Risk,2,9
2925,36,USA,14-04-2023,Deluxe,Online,125,2342.77,1,14056.62,April,High Risk,3,16
2929,68,UAE,17-10-2023,Deluxe,Corporate,143,4357.87,1,21789.35,October,High Risk,2,5
2931,22,India,12-08-2023,Deluxe,Online,63,3601.44,0,18007.2,August,Medium Risk,3,14
2934,49,UK,15-11-2023,Deluxe,Corporate,101,4033.49,1,28234.43,November,High Risk,2,20
2935,25,UAE,18-08-2023,Deluxe,Agent,98,3466.28,1,13865.12,August,Medium Risk,4,6
2937,55,Germany,22-07-2023,Deluxe,Agent,26,8721.29,0,43606.45,July,Low Risk,3,4
2938,64,UK,24-09-2023,Deluxe,Agent,134,6833.88,1,47837.16,September,High Risk,4,19
2940,65,Germany,10-08-2023,Deluxe,Online,40,7923.8,1,103009.4,August,Low Risk,3,17
2943,48,USA,10-03-2023,Deluxe,Online,96,6108.12,0,18324.36,March,Medium Risk,4,7
2947,26,Germany,20-10-2023,Deluxe,Online,65,4346.76,0,47814.36,October,Medium Risk,2,11
2948,19,Germany,18-02-2023,Deluxe,Corporate,130,3181.66,1,31816.6,February,High Risk,2,11
2950,67,Germany,27-11-2023,Deluxe,Corporate,132,13518.12,1,13518.12,November,High Risk,2,7
2954,21,India,10-11-2023,Deluxe,Online,76,6128.08,0,73536.96,November,Medium Risk,4,7
2956,58,India,18-12-2023,Deluxe,Agent,63,4782.39,1,14347.17,December,Medium Risk,4,2
2957,58,USA,12-11-2023,Deluxe,Online,140,2928.95,1,14644.75,November,High Risk,3,7
2962,53,UAE,16-04-2023,Deluxe,Corporate,144,11473.21,1,57366.05,April,High Risk,2,5
2963,29,USA,02-02-2023,Deluxe,Corporate,166,4322.98,1,25937.88,February,High Risk,4,6
2967,30,Germany,14-08-2023,Deluxe,Corporate,127,14467.88,1,86807.28,August,High Risk,3,14
2969,48,UAE,10-08-2023,Deluxe,Agent,116,10516.56,1,31549.68,August,High Risk,4,18
2970,33,UAE,05-05-2023,Deluxe,Online,146,13742.47,1,27484.94,May,High Risk,4,17
2974,28,Germany,10-02-2023,Deluxe,Agent,157,3244.47,1,9733.41,February,High Risk,2,4
2979,35,USA,19-08-2023,Deluxe,Agent,16,2589.57,1,31074.84,August,Low Risk,4,17
2982,57,UAE,11-04-2023,Deluxe,Corporate,136,10299.81,1,20599.62,April,High Risk,3,9
2986,39,Germany,05-03-2023,Deluxe,Corporate,179,2513.93,1,32681.09,March,High Risk,2,8
2990,38,India,04-04-2023,Deluxe,Corporate,50,7774.99,1,69974.91,April,Low Risk,4,1
2998,49,Germany,10-04-2023,Deluxe,Online,48,11849.51,0,106645.59,April,Low Risk,3,8
2999,47,UK,20-11-2023,Deluxe,Agent,144,7944.73,1,87392.03,November,High Risk,3,9
3000,56,India,25-11-2023,Deluxe,Corporate,148,2253.04,1,13518.24,November,High Risk,4,19
3006,38,USA,24-02-2023,Deluxe,Corporate,16,6817.5,1,74992.5,February,Low Risk,4,1
3007,30,Germany,20-04-2023,Deluxe,Online,80,12628.07,0,50512.28,April,Medium Risk,3,8
3009,25,Germany,22-09-2023,Deluxe,Agent,70,2131.49,0,21314.9,September,Medium Risk,2,11
3010,63,USA,11-06-2023,Deluxe,Corporate,89,2125.35,0,25504.2,June,Medium Risk,2,2
3016,49,USA,24-05-2023,Deluxe,Corporate,100,2529.72,0,12648.6,May,Medium Risk,2,3
3018,39,UK,08-05-2023,Deluxe,Online,54,2097.27,0,20972.7,May,Medium Risk,4,7
3025,30,India,29-07-2023,Deluxe,Online,85,5336.67,0,32020.02,July,Medium Risk,4,6
3029,38,UK,26-04-2023,Deluxe,Corporate,92,4692.11,1,60997.43,April,Medium Risk,4,11
3030,32,UAE,06-03-2023,Deluxe,Online,129,2490.85,1,12454.25,March,High Risk,4,17
3031,69,UK,10-05-2023,Deluxe,Online,88,6487.64,0,51901.12,May,Medium Risk,3,7
3034,48,UK,12-06-2023,Deluxe,Corporate,59,9702.89,1,67920.23,June,Medium Risk,4,14
3037,40,UK,16-12-2023,Deluxe,Online,73,11164.85,1,78153.95,December,Medium Risk,2,8
3044,50,USA,24-12-2023,Deluxe,Online,45,9109.99,0,81989.91,December,Low Risk,2,17
3045,20,Germany,23-04-2023,Deluxe,Agent,140,5769.77,1,40388.39,April,High Risk,4,19
3046,36,USA,30-01-2023,Deluxe,Corporate,32,7546.63,0,90559.56,January,Low Risk,2,1
3048,46,UAE,26-06-2023,Deluxe,Online,13,5844.05,0,75972.65,June,Low Risk,3,14
3049,47,India,04-12-2023,Deluxe,Online,7,9334.34,1,121346.42,December,Low Risk,3,6
3051,61,India,20-06-2023,Deluxe,Corporate,173,3903.31,1,19516.55,June,High Risk,3,15
3052,64,India,10-05-2023,Deluxe,Corporate,125,12111.61,1,36334.83,May,High Risk,4,11
3053,42,USA,02-09-2023,Deluxe,Agent,128,14987.88,1,149878.8,September,High Risk,2,19
3061,61,UK,10-06-2023,Deluxe,Online,22,12282.75,1,122827.5,June,Low Risk,4,5
3064,18,UK,26-01-2023,Deluxe,Agent,119,11722.55,1,35167.65,January,High Risk,3,20
3065,21,Germany,13-08-2023,Deluxe,Corporate,127,10259.27,1,102592.7,August,High Risk,4,15
3068,49,India,20-10-2023,Deluxe,Corporate,147,14216.69,1,170600.28,October,High Risk,3,18
3076,56,UAE,02-06-2023,Deluxe,Corporate,85,14602.35,0,146023.5,June,Medium Risk,2,16
3078,44,USA,21-11-2023,Deluxe,Agent,37,14062.43,1,182811.59,November,Low Risk,4,10
3080,58,India,03-07-2023,Deluxe,Corporate,123,12662.69,1,164614.97,July,High Risk,3,17
3083,26,UK,20-11-2023,Deluxe,Corporate,13,4672,0,65408,November,Low Risk,2,14
3085,53,Germany,09-03-2023,Deluxe,Agent,51,9530.33,1,104833.63,March,Medium Risk,3,18
3086,39,India,25-11-2023,Deluxe,Agent,179,12177.82,1,133956.02,November,High Risk,3,16
3088,43,UK,06-01-2023,Deluxe,Online,168,4356.66,1,43566.6,January,High Risk,3,9
3092,31,USA,30-06-2023,Deluxe,Corporate,109,3212.84,1,16064.2,June,High Risk,4,19
3093,51,UK,19-09-2023,Deluxe,Corporate,27,5434.18,1,43473.44,September,Low Risk,3,7
3101,54,India,13-09-2023,Deluxe,Corporate,156,6285.76,1,88000.64,September,High Risk,3,17
3102,21,India,10-04-2023,Deluxe,Agent,103,12757.36,1,102058.88,April,High Risk,4,11
3108,52,USA,22-01-2023,Deluxe,Online,79,2684.86,0,29533.46,January,Medium Risk,2,12
3110,54,Germany,01-03-2023,Deluxe,Agent,42,10775.52,0,53877.6,March,Low Risk,2,14
3116,27,UAE,18-03-2023,Deluxe,Corporate,56,12357.26,1,74143.56,March,Medium Risk,3,16
3117,55,USA,18-01-2023,Deluxe,Agent,0,4905.98,0,9811.96,January,Low Risk,3,15
3120,62,Germany,25-05-2023,Deluxe,Agent,87,5063.82,0,30382.92,May,Medium Risk,2,1
3124,21,USA,23-05-2023,Deluxe,Agent,71,2208.8,0,19879.2,May,Medium Risk,4,4
3128,41,UK,26-09-2023,Deluxe,Online,73,2875.93,1,25883.37,September,Medium Risk,2,18
3129,54,UK,07-04-2023,Deluxe,Online,65,12418.79,1,173863.06,April,Medium Risk,2,19
3137,36,USA,31-01-2023,Deluxe,Agent,83,9623.18,0,105854.98,January,Medium Risk,4,2
3141,63,USA,29-07-2023,Deluxe,Agent,115,14311.65,1,157428.15,July,High Risk,2,18
3143,39,USA,31-01-2023,Deluxe,Corporate,18,6099.95,1,48799.6,January,Low Risk,4,8
3144,41,UK,10-04-2023,Deluxe,Online,158,3393.76,1,3393.76,April,High Risk,2,10
3147,47,UAE,19-12-2023,Deluxe,Corporate,159,3920.52,1,15682.08,December,High Risk,3,10
3149,48,UAE,10-09-2023,Deluxe,Online,178,11635.54,1,93084.32,September,High Risk,2,10
3151,36,Germany,14-09-2023,Deluxe,Corporate,150,14802.51,1,177630.12,September,High Risk,2,8
3152,65,UAE,26-02-2023,Deluxe,Online,24,7649.3,0,99440.9,February,Low Risk,2,20
3153,62,Germany,09-01-2023,Deluxe,Corporate,173,2421.62,1,31481.06,January,High Risk,4,6
3154,53,Germany,05-01-2023,Deluxe,Online,171,13110.97,1,91776.79,January,High Risk,4,19
3157,50,India,22-09-2023,Deluxe,Agent,126,14775.11,1,132975.99,September,High Risk,2,18
3159,69,UAE,08-08-2023,Deluxe,Corporate,77,14532.14,1,87192.84,August,Medium Risk,4,13
3160,66,UK,24-07-2023,Deluxe,Corporate,151,2303.37,1,6910.11,July,High Risk,2,10
3161,45,UAE,24-01-2023,Deluxe,Agent,55,2147.81,0,15034.67,January,Medium Risk,3,3
3163,28,USA,13-04-2023,Deluxe,Corporate,100,12383.26,0,61916.3,April,Medium Risk,2,12
3164,62,India,01-03-2023,Deluxe,Agent,2,3162.39,0,25299.12,March,Low Risk,4,16
3171,64,UAE,31-03-2023,Deluxe,Corporate,149,9172.56,1,18345.12,March,High Risk,3,15
3174,23,USA,05-06-2023,Deluxe,Online,158,6207.68,1,49661.44,June,High Risk,4,6
3186,20,UAE,10-04-2023,Deluxe,Online,126,7172.03,1,28688.12,April,High Risk,3,11
3187,30,Germany,10-03-2023,Deluxe,Online,111,13792.2,1,165506.4,March,High Risk,2,15
3189,66,UK,17-01-2023,Deluxe,Corporate,52,8934.04,0,44670.2,January,Medium Risk,3,19
3191,62,Germany,26-04-2023,Deluxe,Online,133,10320.2,1,72241.4,April,High Risk,2,15
3194,62,UAE,26-04-2023,Deluxe,Online,168,11021.21,1,99190.89,April,High Risk,2,17
3195,68,USA,30-01-2023,Deluxe,Corporate,48,6289.32,0,88050.48,January,Low Risk,3,1
3198,52,UK,01-03-2023,Deluxe,Online,103,2491.81,1,29901.72,March,High Risk,4,12
3199,63,USA,17-08-2023,Deluxe,Agent,94,14259.68,1,42779.04,August,Medium Risk,3,15
3201,68,India,26-12-2023,Deluxe,Corporate,155,4069.71,1,28487.97,December,High Risk,4,7
3210,53,USA,28-09-2023,Deluxe,Agent,179,14865.96,1,29731.92,September,High Risk,4,5
3211,23,UAE,05-12-2023,Deluxe,Online,115,5253.97,1,10507.94,December,High Risk,4,9
3213,21,UAE,15-02-2023,Deluxe,Corporate,4,9954.28,1,99542.8,February,Low Risk,2,15
3214,56,UAE,28-01-2023,Deluxe,Corporate,65,6192.89,0,43350.23,January,Medium Risk,2,19
3217,52,India,18-07-2023,Deluxe,Corporate,100,11399.33,1,45597.32,July,Medium Risk,3,11
3220,53,USA,29-03-2023,Deluxe,Agent,65,5035.81,0,10071.62,March,Medium Risk,4,7
3221,23,UAE,05-07-2023,Deluxe,Agent,93,6330.42,1,82295.46,July,Medium Risk,3,14
3225,48,USA,06-07-2023,Deluxe,Corporate,119,11797.01,1,94376.08,July,High Risk,2,10
3233,61,Germany,10-01-2023,Deluxe,Online,154,6561.67,1,39370.02,January,High Risk,2,10
3238,24,UK,10-04-2023,Deluxe,Corporate,165,5082.22,1,20328.88,April,High Risk,4,8
3239,52,UAE,06-07-2023,Deluxe,Corporate,122,4163.98,1,49967.76,July,High Risk,4,13
3240,45,India,12-01-2023,Deluxe,Agent,47,7468.76,0,82156.36,January,Low Risk,4,4
3243,33,UK,24-11-2023,Deluxe,Online,21,14418.76,0,72093.8,November,Low Risk,4,14
3244,33,Germany,16-06-2023,Deluxe,Online,18,12485.06,0,49940.24,June,Low Risk,3,7
3250,61,Germany,19-11-2023,Deluxe,Online,133,14564.22,1,87385.32,November,High Risk,4,18
3251,26,India,07-12-2023,Deluxe,Online,10,3257.86,0,39094.32,December,Low Risk,3,17
3261,50,UAE,12-04-2023,Deluxe,Agent,142,14886.65,1,44659.95,April,High Risk,2,12
3266,35,Germany,04-01-2023,Deluxe,Agent,73,7464.24,1,52249.68,January,Medium Risk,4,15
3267,49,Germany,06-12-2023,Deluxe,Online,89,14156.6,0,28313.2,December,Medium Risk,3,17
3270,41,India,17-11-2023,Deluxe,Agent,140,5771.75,1,75032.75,November,High Risk,3,3
3273,24,UAE,28-04-2023,Deluxe,Online,29,8994.32,0,44971.6,April,Low Risk,3,19
3276,43,Germany,24-06-2023,Deluxe,Agent,75,9405.5,0,65838.5,June,Medium Risk,4,20
3279,54,USA,07-02-2023,Deluxe,Online,167,11983.75,1,143805,February,High Risk,4,11
3281,35,UAE,16-05-2023,Deluxe,Online,123,13341.04,1,160092.48,May,High Risk,4,9
3282,22,USA,14-04-2023,Deluxe,Agent,115,14478.4,1,57913.6,April,High Risk,2,17
3284,40,Germany,07-09-2023,Deluxe,Agent,137,2498.74,1,27486.14,September,High Risk,2,13
3286,54,UK,24-02-2023,Deluxe,Agent,151,3595.96,1,21575.76,February,High Risk,3,7
3289,36,UK,19-04-2023,Deluxe,Agent,122,14896.44,1,163860.84,April,High Risk,4,6
3291,42,UK,12-03-2023,Deluxe,Corporate,170,12198.55,1,12198.55,March,High Risk,2,4
3292,38,USA,25-09-2023,Deluxe,Online,76,4590.6,0,13771.8,September,Medium Risk,4,9
3293,29,Germany,28-02-2023,Deluxe,Online,143,11089.51,1,99805.59,February,High Risk,3,8
3300,39,USA,18-06-2023,Deluxe,Agent,63,12480.57,1,137286.27,June,Medium Risk,3,11
3302,34,USA,03-09-2023,Deluxe,Corporate,9,11026.04,1,22052.08,September,Low Risk,2,11
3305,45,UK,31-08-2023,Deluxe,Corporate,41,5133.53,1,5133.53,August,Low Risk,2,2
3306,60,UAE,07-06-2023,Deluxe,Agent,43,4631.89,1,4631.89,June,Low Risk,2,8
3311,34,India,01-12-2023,Deluxe,Corporate,139,5293.28,1,52932.8,December,High Risk,2,4
3312,51,USA,19-08-2023,Deluxe,Corporate,34,6202.84,0,55825.56,August,Low Risk,4,19
3314,63,Germany,10-09-2023,Deluxe,Agent,82,7724.61,0,15449.22,September,Medium Risk,2,14
3318,27,India,05-09-2023,Deluxe,Agent,174,4035.58,1,12106.74,September,High Risk,3,3
3321,19,Germany,18-12-2023,Deluxe,Corporate,137,12610.51,1,37831.53,December,High Risk,4,4
3325,27,USA,18-09-2023,Deluxe,Agent,109,12383.26,1,37149.78,September,High Risk,4,7
3328,65,Germany,16-12-2023,Deluxe,Online,103,9007.36,1,9007.36,December,High Risk,2,18
3330,56,Germany,16-06-2023,Deluxe,Corporate,79,14548.05,1,116384.4,June,Medium Risk,4,1
3331,39,UK,09-11-2023,Deluxe,Online,44,4276.65,1,55596.45,November,Low Risk,4,18
3334,64,USA,26-07-2023,Deluxe,Corporate,82,14179.03,0,99253.21,July,Medium Risk,2,5
3337,27,Germany,03-07-2023,Deluxe,Corporate,130,4137.22,1,45509.42,July,High Risk,4,15
3338,52,Germany,20-07-2023,Deluxe,Corporate,60,7491.64,1,89899.68,July,Medium Risk,4,17
3339,68,India,11-01-2023,Deluxe,Agent,55,14317.49,0,114539.92,January,Medium Risk,2,4
3340,66,India,11-09-2023,Deluxe,Agent,121,9425.12,1,84826.08,September,High Risk,4,17
3349,39,USA,15-02-2023,Deluxe,Agent,179,14926.22,1,89557.32,February,High Risk,2,2
3350,32,Germany,30-08-2023,Deluxe,Agent,152,7733.58,1,30934.32,August,High Risk,3,17
3358,44,India,29-10-2023,Deluxe,Corporate,157,6455.86,1,12911.72,October,High Risk,4,7
3360,57,India,14-05-2023,Deluxe,Corporate,96,10845.08,1,32535.24,May,Medium Risk,3,10
3361,45,India,10-02-2023,Deluxe,Corporate,162,8086.37,1,24259.11,February,High Risk,4,19
3375,69,Germany,29-08-2023,Deluxe,Agent,173,10978.98,1,10978.98,August,High Risk,3,6
3377,42,USA,25-07-2023,Deluxe,Agent,114,2520.03,1,2520.03,July,High Risk,3,18
3379,60,Germany,27-01-2023,Deluxe,Online,21,12465.62,1,149587.44,January,Low Risk,4,8
3382,68,Germany,03-12-2023,Deluxe,Corporate,160,14044.35,1,28088.7,December,High Risk,3,6
3383,28,UK,17-04-2023,Deluxe,Corporate,38,4236.44,1,16945.76,April,Low Risk,3,17
3384,29,USA,08-07-2023,Deluxe,Online,42,5646.18,0,16938.54,July,Low Risk,4,1
3391,54,Germany,04-02-2023,Deluxe,Online,23,13566.18,1,122095.62,February,Low Risk,4,11
3392,38,USA,03-07-2023,Deluxe,Corporate,103,9247.81,1,9247.81,July,High Risk,3,10
3393,25,India,09-04-2023,Deluxe,Online,39,13882.93,0,166595.16,April,Low Risk,2,14
3395,64,India,02-05-2023,Deluxe,Agent,28,7385.79,1,88629.48,May,Low Risk,3,8
3396,32,UAE,23-01-2023,Deluxe,Agent,137,10236.07,1,122832.84,January,High Risk,2,14
3408,20,India,21-07-2023,Deluxe,Online,94,8885.66,1,17771.32,July,Medium Risk,4,18
3409,62,Germany,07-10-2023,Deluxe,Corporate,21,14491.21,0,86947.26,October,Low Risk,4,5
3411,44,India,27-10-2023,Deluxe,Online,90,4881.64,1,43934.76,October,Medium Risk,3,14
3412,67,USA,19-10-2023,Deluxe,Corporate,88,5835.4,0,40847.8,October,Medium Risk,2,4
3414,57,UK,11-03-2023,Deluxe,Online,73,13028.54,1,91199.78,March,Medium Risk,4,8
3416,50,UAE,21-03-2023,Deluxe,Agent,122,14219.97,1,142199.7,March,High Risk,2,2
3417,45,USA,14-02-2023,Deluxe,Online,131,3182.14,1,31821.4,February,High Risk,2,16
3418,18,UK,21-08-2023,Deluxe,Corporate,148,2676.05,1,13380.25,August,High Risk,4,7
3422,65,India,26-03-2023,Deluxe,Agent,42,11405.11,0,57025.55,March,Low Risk,3,9
3427,23,India,09-02-2023,Deluxe,Agent,46,7357.54,1,103005.56,February,Low Risk,2,4
3432,29,Germany,22-12-2023,Deluxe,Online,5,3752.33,0,37523.3,December,Low Risk,4,15
3434,63,UAE,18-11-2023,Deluxe,Online,178,5734.09,1,17202.27,November,High Risk,3,18
3436,18,UK,23-09-2023,Deluxe,Agent,118,4915.45,1,54069.95,September,High Risk,4,5
3438,38,India,13-11-2023,Deluxe,Online,106,2786.35,1,8359.05,November,High Risk,4,6
3439,47,India,19-10-2023,Deluxe,Online,68,14061.51,0,112492.08,October,Medium Risk,4,17
3445,48,UK,30-03-2023,Deluxe,Online,80,9964.15,0,29892.45,March,Medium Risk,4,1
3447,22,Germany,02-04-2023,Deluxe,Agent,129,12250.93,1,159262.09,April,High Risk,4,2
3448,42,UAE,30-05-2023,Deluxe,Corporate,7,8116.42,0,16232.84,May,Low Risk,3,12
3453,37,India,13-02-2023,Deluxe,Agent,146,5636.22,1,5636.22,February,High Risk,3,2
3457,52,UAE,11-04-2023,Deluxe,Corporate,103,7000.19,1,49001.33,April,High Risk,2,12
3458,45,India,29-09-2023,Deluxe,Online,62,3832.28,0,34490.52,September,Medium Risk,3,6
3461,69,UK,17-12-2023,Deluxe,Agent,154,6843.49,1,6843.49,December,High Risk,3,13
3465,36,USA,07-08-2023,Deluxe,Online,83,14803.22,0,118425.76,August,Medium Risk,2,20
3466,61,UAE,04-10-2023,Deluxe,Agent,150,6771.59,1,47401.13,October,High Risk,3,20
3469,64,USA,22-08-2023,Deluxe,Online,94,11400.56,0,34201.68,August,Medium Risk,4,17
3474,41,USA,16-08-2023,Deluxe,Corporate,116,10318.66,1,144461.24,August,High Risk,2,1
3475,51,Germany,15-08-2023,Deluxe,Online,174,6493.48,1,25973.92,August,High Risk,2,14
3477,20,USA,20-06-2023,Deluxe,Agent,73,13703.52,0,123331.68,June,Medium Risk,4,11
3480,47,India,07-09-2023,Deluxe,Agent,124,10988.09,1,76916.63,September,High Risk,4,11
3481,43,UK,03-11-2023,Deluxe,Online,165,8990.23,1,107882.76,November,High Risk,2,18
3483,38,Germany,25-02-2023,Deluxe,Online,175,11023.96,1,11023.96,February,High Risk,2,15
3485,43,India,03-02-2023,Deluxe,Agent,34,3192.48,1,25539.84,February,Low Risk,2,6
3486,50,Germany,11-11-2023,Deluxe,Corporate,70,14526.44,0,43579.32,November,Medium Risk,3,19
3487,38,India,10-05-2023,Deluxe,Agent,107,14262.63,1,142626.3,May,High Risk,3,6
3488,52,Germany,10-05-2023,Deluxe,Agent,85,9251.87,0,37007.48,May,Medium Risk,3,10
3490,51,UK,23-05-2023,Deluxe,Agent,41,9585.57,1,95855.7,May,Low Risk,2,5
3492,68,UAE,23-07-2023,Deluxe,Agent,8,2107.67,0,29507.38,July,Low Risk,3,15
3493,64,Germany,23-08-2023,Deluxe,Corporate,154,12696.56,1,101572.48,August,High Risk,4,13
3495,28,Germany,23-03-2023,Deluxe,Online,56,8021.13,0,64169.04,March,Medium Risk,2,20
3498,39,India,26-07-2023,Deluxe,Online,161,4723,1,51953,July,High Risk,4,3
3515,64,Germany,13-11-2023,Deluxe,Agent,58,14246.15,0,42738.45,November,Medium Risk,2,10
3518,26,India,28-05-2023,Deluxe,Corporate,149,8752.15,1,35008.6,May,High Risk,3,18
3521,25,Germany,14-08-2023,Deluxe,Agent,20,9242.23,1,64695.61,August,Low Risk,2,2
3523,20,UAE,28-12-2023,Deluxe,Agent,155,4237.5,1,33900,December,High Risk,3,7
3525,42,Germany,12-06-2023,Deluxe,Agent,150,4427.71,1,17710.84,June,High Risk,4,14
3528,32,India,01-06-2023,Deluxe,Agent,67,11072.71,0,11072.71,June,Medium Risk,2,11
3535,29,Germany,25-01-2023,Deluxe,Online,62,5325.47,0,21301.88,January,Medium Risk,3,5
3540,30,India,19-01-2023,Deluxe,Corporate,69,6254.39,0,62543.9,January,Medium Risk,3,8
3545,23,Germany,26-12-2023,Deluxe,Agent,122,7506.08,1,45036.48,December,High Risk,4,5
3549,51,UK,03-02-2023,Deluxe,Agent,10,5068.32,0,60819.84,February,Low Risk,4,18
3550,63,India,21-12-2023,Deluxe,Corporate,83,9095.18,1,63666.26,December,Medium Risk,3,5
3557,47,USA,16-03-2023,Deluxe,Corporate,59,11073.84,0,22147.68,March,Medium Risk,2,17
3558,31,UK,30-05-2023,Deluxe,Agent,113,12640,1,25280,May,High Risk,3,20
3560,66,UK,30-08-2023,Deluxe,Corporate,74,2924.41,0,14622.05,August,Medium Risk,3,3
3561,42,UAE,31-05-2023,Deluxe,Corporate,98,8409.74,0,16819.48,May,Medium Risk,3,10
3563,41,UAE,03-06-2023,Deluxe,Online,142,6602.78,1,59425.02,June,High Risk,4,4
3566,55,UK,03-04-2023,Deluxe,Online,69,3671.28,1,29370.24,April,Medium Risk,3,2
3568,39,USA,15-06-2023,Deluxe,Corporate,130,12231.22,1,159005.86,June,High Risk,3,8
3569,65,UAE,25-01-2023,Deluxe,Agent,9,3809.39,1,22856.34,January,Low Risk,4,8
3573,20,USA,09-09-2023,Deluxe,Online,32,4139.89,0,45538.79,September,Low Risk,2,1
3574,59,USA,25-03-2023,Deluxe,Corporate,160,11951.82,1,155373.66,March,High Risk,4,3
3575,36,UK,12-10-2023,Deluxe,Corporate,148,6380.03,1,19140.09,October,High Risk,4,2
3579,62,USA,27-01-2023,Deluxe,Agent,56,6389.63,0,57506.67,January,Medium Risk,2,11
3581,31,USA,24-02-2023,Deluxe,Agent,125,10450.27,1,114952.97,February,High Risk,3,13
3590,34,UAE,15-09-2023,Deluxe,Corporate,34,3770.86,0,45250.32,September,Low Risk,4,7
3592,26,UK,17-04-2023,Deluxe,Corporate,166,8407.94,1,84079.4,April,High Risk,3,6
3599,58,USA,13-01-2023,Deluxe,Corporate,74,2643.62,0,15861.72,January,Medium Risk,4,2
3600,31,UK,17-05-2023,Deluxe,Online,119,2288.68,1,13732.08,May,High Risk,2,15
3609,63,Germany,20-03-2023,Deluxe,Agent,137,11420.2,1,79941.4,March,High Risk,2,17
3612,33,India,11-04-2023,Deluxe,Online,122,12047.9,1,12047.9,April,High Risk,2,5
3613,46,USA,11-06-2023,Deluxe,Agent,121,2444.03,1,7332.09,June,High Risk,4,16
3616,47,Germany,21-08-2023,Deluxe,Online,131,2792.86,1,11171.44,August,High Risk,2,2
3618,52,UK,20-08-2023,Deluxe,Online,139,10427.93,1,72995.51,August,High Risk,3,12
3620,63,USA,16-07-2023,Deluxe,Online,28,14702.79,1,14702.79,July,Low Risk,4,6
3622,38,India,27-03-2023,Deluxe,Agent,12,10221.23,0,30663.69,March,Low Risk,4,17
3626,37,USA,18-03-2023,Deluxe,Agent,167,4787.49,1,28724.94,March,High Risk,4,3
3630,50,Germany,19-01-2023,Deluxe,Agent,1,14162.82,1,14162.82,January,Low Risk,4,3
3631,26,Germany,28-02-2023,Deluxe,Online,29,14849.08,1,103943.56,February,Low Risk,2,12
3633,21,Germany,17-04-2023,Deluxe,Agent,118,12094.23,1,96753.84,April,High Risk,2,20
3638,49,UAE,06-05-2023,Deluxe,Online,93,6794.22,0,33971.1,May,Medium Risk,3,10
3642,40,Germany,20-04-2023,Deluxe,Corporate,139,6630.95,1,39785.7,April,High Risk,3,8
3648,64,UAE,25-05-2023,Deluxe,Online,32,12660.56,0,63302.8,May,Low Risk,2,18
3649,32,USA,23-11-2023,Deluxe,Corporate,103,13715.62,1,164587.44,November,High Risk,4,5
3650,58,UAE,03-06-2023,Deluxe,Online,140,4713.71,1,28282.26,June,High Risk,4,4
3651,36,UK,17-04-2023,Deluxe,Agent,147,13185.81,1,131858.1,April,High Risk,2,14
3653,69,USA,09-09-2023,Deluxe,Corporate,33,14018.1,0,84108.6,September,Low Risk,4,14
3654,46,India,29-10-2023,Deluxe,Online,49,13910.04,0,41730.12,October,Low Risk,2,2
3656,57,India,31-01-2023,Deluxe,Agent,136,10474.4,1,125692.8,January,High Risk,2,5
3657,38,Germany,03-04-2023,Deluxe,Corporate,6,13328.35,1,13328.35,April,Low Risk,4,13
3658,68,India,17-05-2023,Deluxe,Corporate,136,7001.22,1,42007.32,May,High Risk,2,14
3659,55,Germany,12-06-2023,Deluxe,Corporate,105,2569.73,1,35976.22,June,High Risk,4,20
3669,29,UK,30-01-2023,Deluxe,Agent,107,2233.24,1,22332.4,January,High Risk,4,2
3670,62,UAE,06-06-2023,Deluxe,Corporate,110,2735.99,1,27359.9,June,High Risk,4,13
3672,39,Germany,13-09-2023,Deluxe,Agent,13,11098.63,1,110986.3,September,Low Risk,4,9
3673,61,India,08-02-2023,Deluxe,Online,77,5184.62,1,36292.34,February,Medium Risk,3,4
3681,40,UAE,22-12-2023,Deluxe,Corporate,92,2334.65,0,23346.5,December,Medium Risk,3,7
3683,23,India,15-02-2023,Deluxe,Agent,161,3479.45,1,6958.9,February,High Risk,4,17
3688,29,USA,16-09-2023,Deluxe,Online,16,3982.23,0,39822.3,September,Low Risk,2,7
3692,25,USA,26-04-2023,Deluxe,Corporate,131,12203.6,1,170850.4,April,High Risk,4,5
3694,59,Germany,11-03-2023,Deluxe,Agent,95,14301.47,1,57205.88,March,Medium Risk,4,4
3697,62,UAE,17-05-2023,Deluxe,Agent,31,2168.76,0,2168.76,May,Low Risk,2,18
3698,66,USA,15-04-2023,Deluxe,Corporate,68,8802.88,0,35211.52,April,Medium Risk,3,9
3700,57,USA,05-12-2023,Deluxe,Agent,55,10806.79,0,140488.27,December,Medium Risk,4,13
3702,52,USA,23-02-2023,Deluxe,Online,119,10313.24,1,20626.48,February,High Risk,2,17
3703,65,USA,22-04-2023,Deluxe,Agent,144,3273.46,1,32734.6,April,High Risk,4,6
3704,62,Germany,21-06-2023,Deluxe,Online,143,11836.01,1,59180.05,June,High Risk,3,10
3706,66,India,24-05-2023,Deluxe,Corporate,140,2059.93,1,28839.02,May,High Risk,3,18
3710,63,USA,04-08-2023,Deluxe,Corporate,85,8503.21,1,93535.31,August,Medium Risk,3,9
3719,66,Germany,12-05-2023,Deluxe,Corporate,61,11452.98,1,125982.78,May,Medium Risk,3,4
3720,59,UAE,12-12-2023,Deluxe,Online,97,2140.69,0,21406.9,December,Medium Risk,2,7
3722,58,Germany,03-03-2023,Deluxe,Corporate,126,6649.98,1,79799.76,March,High Risk,2,11
3734,56,UAE,14-07-2023,Deluxe,Corporate,79,2209.2,1,22092,July,Medium Risk,4,12
3744,57,UAE,07-06-2023,Deluxe,Corporate,100,12462.73,1,137090.03,June,Medium Risk,3,15
3745,61,Germany,03-12-2023,Deluxe,Agent,0,12349.65,1,123496.5,December,Low Risk,2,7
3749,25,Germany,31-10-2023,Deluxe,Corporate,53,11813.65,1,141763.8,October,Medium Risk,3,16
3756,56,UK,31-08-2023,Deluxe,Online,5,4020.69,0,4020.69,August,Low Risk,2,4
3757,45,India,25-05-2023,Deluxe,Corporate,62,10107.69,0,30323.07,May,Medium Risk,3,15
3763,40,India,07-06-2023,Deluxe,Corporate,9,13284.26,0,13284.26,June,Low Risk,3,15
3764,47,UK,11-06-2023,Deluxe,Agent,36,12012.45,0,96099.6,June,Low Risk,4,13
3767,40,India,15-11-2023,Deluxe,Agent,148,5370.96,1,37596.72,November,High Risk,4,8
3772,35,UAE,04-06-2023,Deluxe,Agent,78,7988.19,0,71893.71,June,Medium Risk,3,1
3777,53,UK,25-12-2023,Deluxe,Online,177,12997.73,1,116979.57,December,High Risk,4,14
3785,66,India,27-02-2023,Deluxe,Agent,120,3263.64,1,29372.76,February,High Risk,4,8
3786,50,Germany,23-05-2023,Deluxe,Online,149,2052.4,1,4104.8,May,High Risk,2,6
3793,46,USA,06-12-2023,Deluxe,Corporate,36,6924.17,1,34620.85,December,Low Risk,4,11
3799,30,UK,09-10-2023,Deluxe,Agent,33,9511.26,1,28533.78,October,Low Risk,3,19
3801,31,UK,09-09-2023,Deluxe,Agent,59,6209.1,0,55881.9,September,Medium Risk,2,16
3804,26,USA,17-03-2023,Deluxe,Corporate,47,10543.46,1,94891.14,March,Low Risk,2,6
3806,45,UAE,31-01-2023,Deluxe,Online,5,9227.74,0,46138.7,January,Low Risk,3,5
3810,44,UK,28-05-2023,Deluxe,Online,73,4749.22,1,66489.08,May,Medium Risk,3,15
3816,47,UK,22-02-2023,Deluxe,Corporate,57,9229.08,1,36916.32,February,Medium Risk,2,2
3821,29,UK,01-10-2023,Deluxe,Agent,94,4727.22,1,66181.08,October,Medium Risk,3,5
3827,43,UAE,07-05-2023,Deluxe,Corporate,16,14576.54,1,43729.62,May,Low Risk,2,9
3832,42,UAE,28-11-2023,Deluxe,Online,161,9891.82,1,118701.84,November,High Risk,3,17
3835,55,UK,13-12-2023,Deluxe,Online,79,10802.54,1,32407.62,December,Medium Risk,2,19
3837,38,Germany,18-12-2023,Deluxe,Corporate,59,10205.14,1,132666.82,December,Medium Risk,4,1
3842,62,Germany,13-05-2023,Deluxe,Online,161,11213.74,1,56068.7,May,High Risk,4,12
3845,47,UAE,18-10-2023,Deluxe,Corporate,0,7374.61,1,7374.61,October,Low Risk,2,8
3846,61,UAE,22-04-2023,Deluxe,Agent,176,11975.53,1,143706.36,April,High Risk,4,9
3848,49,Germany,19-06-2023,Deluxe,Online,20,14358.59,0,201020.26,June,Low Risk,4,2
3854,58,India,18-05-2023,Deluxe,Agent,31,3401.83,1,13607.32,May,Low Risk,2,1
3855,40,UAE,23-03-2023,Deluxe,Online,31,6616.45,0,86013.85,March,Low Risk,2,8
3856,57,Germany,24-08-2023,Deluxe,Online,123,11818.37,1,47273.48,August,High Risk,3,19
3858,65,UK,09-10-2023,Deluxe,Corporate,21,12147.83,0,12147.83,October,Low Risk,2,17
3860,53,India,28-02-2023,Deluxe,Online,95,12326.55,1,123265.5,February,Medium Risk,3,9
3862,41,UK,11-05-2023,Deluxe,Agent,144,8708.44,1,104501.28,May,High Risk,3,19
3864,51,Germany,19-10-2023,Deluxe,Corporate,32,5694.27,0,79719.78,October,Low Risk,2,3
3867,24,USA,04-08-2023,Deluxe,Corporate,120,3558.39,1,28467.12,August,High Risk,4,19
3870,18,India,10-05-2023,Deluxe,Corporate,122,13420.2,1,80521.2,May,High Risk,2,8
3872,64,UAE,14-06-2023,Deluxe,Corporate,23,10087.25,0,10087.25,June,Low Risk,2,7
3873,37,India,09-03-2023,Deluxe,Agent,53,2843.86,1,39814.04,March,Medium Risk,4,13
3874,36,UAE,14-01-2023,Deluxe,Corporate,20,9182.57,0,55095.42,January,Low Risk,3,18
3875,46,Germany,08-04-2023,Deluxe,Corporate,96,3836.28,0,38362.8,April,Medium Risk,4,19
3876,27,UAE,06-10-2023,Deluxe,Agent,89,9481.44,1,47407.2,October,Medium Risk,3,19
3878,45,India,22-04-2023,Deluxe,Online,41,9873.88,0,19747.76,April,Low Risk,3,4
3880,60,India,18-12-2023,Deluxe,Agent,162,13105.84,1,170375.92,December,High Risk,3,19
3882,48,Germany,21-08-2023,Deluxe,Corporate,139,12981.13,1,142792.43,August,High Risk,4,12
3883,44,UAE,02-03-2023,Deluxe,Online,57,4886.68,0,9773.36,March,Medium Risk,2,20
3895,18,Germany,18-10-2023,Deluxe,Corporate,119,13079.5,1,26159,October,High Risk,3,7
3896,48,UK,08-02-2023,Deluxe,Corporate,65,13800.84,1,151809.24,February,Medium Risk,3,13
3900,67,UAE,13-05-2023,Deluxe,Corporate,119,13712.09,1,27424.18,May,High Risk,3,4
3902,47,Germany,12-09-2023,Deluxe,Online,96,13706.83,1,41120.49,September,Medium Risk,2,12
3914,68,India,03-01-2023,Deluxe,Online,125,5839.64,1,11679.28,January,High Risk,4,9
3917,32,UAE,29-03-2023,Deluxe,Corporate,53,8010.9,0,48065.4,March,Medium Risk,2,12
3918,47,Germany,31-12-2023,Deluxe,Online,172,8761.85,1,52571.1,December,High Risk,3,6
3919,59,UK,28-02-2023,Deluxe,Online,152,10699.4,1,117693.4,February,High Risk,2,5
3920,54,India,09-09-2023,Deluxe,Online,105,6476.99,1,58292.91,September,High Risk,3,4
3928,35,Germany,19-05-2023,Deluxe,Corporate,128,13305.85,1,79835.1,May,High Risk,2,13
3929,26,USA,19-03-2023,Deluxe,Corporate,54,11319.5,1,22639,March,Medium Risk,2,15
3935,34,India,03-02-2023,Deluxe,Agent,13,14280.53,0,42841.59,February,Low Risk,2,7
3936,62,UK,01-05-2023,Deluxe,Online,102,6799.7,1,74796.7,May,High Risk,4,10
3939,39,India,22-02-2023,Deluxe,Corporate,136,10801.28,1,118814.08,February,High Risk,3,14
3942,54,Germany,24-12-2023,Deluxe,Corporate,32,12715.93,1,25431.86,December,Low Risk,4,2
3943,58,UAE,15-05-2023,Deluxe,Corporate,24,13998.4,1,55993.6,May,Low Risk,2,13
3947,62,UAE,18-07-2023,Deluxe,Online,118,12205.94,1,85441.58,July,High Risk,4,1
3949,40,UK,24-04-2023,Deluxe,Agent,90,11600.51,1,116005.1,April,Medium Risk,2,15
3950,68,India,04-10-2023,Deluxe,Corporate,171,11554,1,138648,October,High Risk,4,18
3951,20,India,29-08-2023,Deluxe,Online,57,4841.07,0,38728.56,August,Medium Risk,3,20
3953,51,USA,18-12-2023,Deluxe,Corporate,115,6039.81,1,18119.43,December,High Risk,3,3
3955,62,UK,21-03-2023,Deluxe,Online,21,7193.8,0,71938,March,Low Risk,4,11
3956,68,UAE,08-11-2023,Deluxe,Online,92,5240.2,1,36681.4,November,Medium Risk,2,5
3958,38,India,31-05-2023,Deluxe,Online,107,3574.73,1,3574.73,May,High Risk,3,2
3964,56,USA,19-09-2023,Deluxe,Online,129,10508.32,1,147116.48,September,High Risk,4,6
3965,21,UAE,10-06-2023,Deluxe,Online,113,14493.43,1,57973.72,June,High Risk,3,8
3970,52,UK,17-10-2023,Deluxe,Online,128,5635.08,1,61985.88,October,High Risk,2,4
3973,51,India,04-11-2023,Deluxe,Corporate,119,7837.87,1,47027.22,November,High Risk,3,20
3977,34,India,10-06-2023,Deluxe,Agent,144,6919.85,1,41519.1,June,High Risk,4,16
3980,57,UAE,11-09-2023,Deluxe,Online,128,9198.14,1,110377.68,September,High Risk,4,2
3981,39,UK,15-03-2023,Deluxe,Corporate,12,12812.15,1,64060.75,March,Low Risk,4,2
3982,41,USA,01-12-2023,Deluxe,Corporate,17,7442.1,0,96747.3,December,Low Risk,3,12
3984,54,Germany,17-09-2023,Deluxe,Corporate,110,5693.17,1,62624.87,September,High Risk,3,8
3985,56,USA,04-01-2023,Deluxe,Online,13,8394.8,0,41974,January,Low Risk,3,11
3986,38,UAE,29-04-2023,Deluxe,Corporate,132,12965.47,1,155585.64,April,High Risk,3,15
3988,45,Germany,14-08-2023,Deluxe,Online,160,3086.48,1,9259.44,August,High Risk,4,6
3993,36,UK,21-09-2023,Deluxe,Agent,69,12700.56,1,76203.36,September,Medium Risk,3,4
3997,62,UAE,16-02-2023,Deluxe,Corporate,64,9063.56,1,72508.48,February,Medium Risk,3,16
3998,64,India,09-02-2023,Deluxe,Online,76,14793.14,0,14793.14,February,Medium Risk,3,2
4004,22,UAE,28-01-2023,Deluxe,Corporate,5,13919.42,0,125274.78,January,Low Risk,4,5
4006,37,Germany,24-06-2023,Deluxe,Online,102,12844.17,1,166974.21,June,High Risk,2,2
4007,58,USA,18-02-2023,Deluxe,Corporate,19,4151.83,0,16607.32,February,Low Risk,4,7
4008,63,USA,08-12-2023,Deluxe,Corporate,88,11184.78,0,22369.56,December,Medium Risk,3,10
4010,23,Germany,01-10-2023,Deluxe,Online,117,4195.73,1,58740.22,October,High Risk,4,8
4011,34,Germany,27-01-2023,Deluxe,Online,11,9461.77,1,56770.62,January,Low Risk,2,3
4012,68,India,24-11-2023,Deluxe,Online,21,9835.63,0,9835.63,November,Low Risk,2,2
4016,61,India,10-03-2023,Deluxe,Agent,175,5060.86,1,30365.16,March,High Risk,2,14
4017,61,UAE,12-03-2023,Deluxe,Online,35,6078.13,0,30390.65,March,Low Risk,4,18
4020,23,UK,03-09-2023,Deluxe,Agent,1,14589.01,0,204246.14,September,Low Risk,2,14
4023,28,UAE,19-04-2023,Deluxe,Online,106,9454.3,1,37817.2,April,High Risk,4,15
4026,40,India,01-07-2023,Deluxe,Agent,152,13486.94,1,80921.64,July,High Risk,3,18
4029,28,UAE,05-09-2023,Deluxe,Online,94,14332.47,0,71662.35,September,Medium Risk,2,9
4031,67,UAE,24-10-2023,Deluxe,Corporate,24,9642.83,1,57856.98,October,Low Risk,3,17
4039,64,Germany,30-03-2023,Deluxe,Online,127,8334.98,1,116689.72,March,High Risk,3,7
4042,24,USA,19-08-2023,Deluxe,Corporate,34,14257.59,0,14257.59,August,Low Risk,4,10
4043,62,Germany,06-05-2023,Deluxe,Corporate,100,14034.1,0,126306.9,May,Medium Risk,3,7
4050,34,UAE,28-02-2023,Deluxe,Agent,67,13888.56,1,180551.28,February,Medium Risk,3,18
4053,50,UAE,11-01-2023,Deluxe,Online,42,11334.58,1,90676.64,January,Low Risk,3,12
4055,25,UAE,08-07-2023,Deluxe,Agent,87,14249.24,0,42747.72,July,Medium Risk,4,20
4056,36,USA,29-10-2023,Deluxe,Corporate,102,13864.27,1,194099.78,October,High Risk,3,13
4058,20,USA,25-08-2023,Deluxe,Corporate,153,2416.25,1,19330,August,High Risk,3,7
4060,30,UK,06-12-2023,Deluxe,Online,18,4637.57,1,23187.85,December,Low Risk,4,9
4066,49,Germany,26-04-2023,Deluxe,Corporate,81,13739.12,0,13739.12,April,Medium Risk,2,15
4067,39,UAE,28-11-2023,Deluxe,Corporate,120,14342.06,1,100394.42,November,High Risk,4,20
4068,46,UAE,13-05-2023,Deluxe,Agent,115,12788.39,1,12788.39,May,High Risk,3,19
4069,39,USA,28-11-2023,Deluxe,Online,178,3025.4,1,30254,November,High Risk,2,12
4072,27,UAE,30-01-2023,Deluxe,Online,28,11274.15,1,67644.9,January,Low Risk,4,6
4073,59,India,25-10-2023,Deluxe,Online,92,4561.12,0,63855.68,October,Medium Risk,4,15
4074,38,USA,02-03-2023,Deluxe,Corporate,109,14165.56,1,99158.92,March,High Risk,4,12
4076,29,Germany,06-12-2023,Deluxe,Online,107,9729.83,1,107028.13,December,High Risk,2,20
4077,19,UAE,15-12-2023,Deluxe,Agent,80,11784.79,0,11784.79,December,Medium Risk,2,16
4081,47,UAE,18-03-2023,Deluxe,Agent,177,4288.3,1,38594.7,March,High Risk,2,10
4083,64,UAE,03-01-2023,Deluxe,Corporate,97,14082.25,0,197151.5,January,Medium Risk,3,16
4084,52,USA,06-02-2023,Deluxe,Corporate,8,8284.47,0,41422.35,February,Low Risk,2,10
4101,54,India,02-04-2023,Deluxe,Online,137,7370.17,1,36850.85,April,High Risk,4,17
4103,57,Germany,01-03-2023,Deluxe,Agent,55,13214.31,0,118928.79,March,Medium Risk,2,5
4106,26,Germany,28-08-2023,Deluxe,Agent,5,2813.21,0,2813.21,August,Low Risk,2,5
4109,52,India,14-01-2023,Deluxe,Online,132,6826,1,75086,January,High Risk,2,1
4111,57,UK,19-06-2023,Deluxe,Corporate,26,5002.51,0,40020.08,June,Low Risk,2,1
4114,51,India,29-12-2023,Deluxe,Online,123,5027.36,1,30164.16,December,High Risk,3,12
4118,47,USA,14-03-2023,Deluxe,Agent,15,6839.56,1,20518.68,March,Low Risk,3,2
4120,55,UAE,06-12-2023,Deluxe,Agent,107,2329.98,1,16309.86,December,High Risk,4,14
4122,52,India,16-04-2023,Deluxe,Corporate,100,7302.91,0,14605.82,April,Medium Risk,3,19
4123,25,Germany,04-04-2023,Deluxe,Corporate,155,6011.83,1,78153.79,April,High Risk,2,15
4126,30,UAE,12-09-2023,Deluxe,Corporate,121,12543.39,1,100347.12,September,High Risk,4,16
4128,49,UAE,04-02-2023,Deluxe,Corporate,172,14102.54,1,42307.62,February,High Risk,3,16
4130,62,Germany,08-11-2023,Deluxe,Corporate,12,5489.81,0,5489.81,November,Low Risk,4,15
4134,19,Germany,14-05-2023,Deluxe,Agent,13,3955.53,1,19777.65,May,Low Risk,3,13
4137,51,UK,24-12-2023,Deluxe,Agent,150,9525.43,1,85728.87,December,High Risk,2,13
4140,55,UK,27-11-2023,Deluxe,Agent,19,10019.62,1,70137.34,November,Low Risk,2,13
4142,19,UAE,19-10-2023,Deluxe,Agent,77,8202.38,1,98428.56,October,Medium Risk,3,19
4148,56,Germany,30-01-2023,Deluxe,Corporate,175,10918.61,1,120104.71,January,High Risk,2,12
4149,20,UAE,25-12-2023,Deluxe,Corporate,141,14690.44,1,190975.72,December,High Risk,2,17
4153,44,India,27-12-2023,Deluxe,Agent,127,13265.37,1,145919.07,December,High Risk,3,13
4154,46,India,08-07-2023,Deluxe,Agent,158,5524.47,1,27622.35,July,High Risk,4,12
4155,56,Germany,21-01-2023,Deluxe,Corporate,86,4360.17,0,13080.51,January,Medium Risk,2,19
4159,58,Germany,12-04-2023,Deluxe,Corporate,93,11280.46,0,22560.92,April,Medium Risk,3,8
4163,36,USA,22-11-2023,Deluxe,Agent,165,8854.48,1,53126.88,November,High Risk,4,14
4173,53,UAE,19-01-2023,Deluxe,Corporate,143,7975.28,1,79752.8,January,High Risk,4,16
4174,25,USA,14-10-2023,Deluxe,Corporate,63,10979.12,0,142728.56,October,Medium Risk,2,9
4176,37,India,27-05-2023,Deluxe,Agent,89,4592.15,1,22960.75,May,Medium Risk,3,18
4180,67,UAE,13-03-2023,Deluxe,Agent,115,4278.12,1,12834.36,March,High Risk,4,16
4181,45,Germany,31-12-2023,Deluxe,Agent,132,11198.09,1,145575.17,December,High Risk,2,9
4183,69,UK,01-12-2023,Deluxe,Online,6,7645.35,0,84098.85,December,Low Risk,4,16
4187,47,UK,18-07-2023,Deluxe,Online,119,3265.01,1,32650.1,July,High Risk,4,12
4188,21,India,17-01-2023,Deluxe,Online,157,3196.37,1,6392.74,January,High Risk,4,16
4194,48,UAE,29-07-2023,Deluxe,Agent,28,3107.01,0,24856.08,July,Low Risk,3,11
4196,51,USA,02-06-2023,Deluxe,Corporate,83,13505.42,1,13505.42,June,Medium Risk,3,2
4203,32,India,11-04-2023,Deluxe,Online,69,8821.9,0,88219,April,Medium Risk,3,12
4204,48,UK,23-11-2023,Deluxe,Online,94,12976.46,1,12976.46,November,Medium Risk,2,2
4209,49,Germany,02-07-2023,Deluxe,Agent,23,13749.11,0,41247.33,July,Low Risk,3,17
4211,55,India,06-01-2023,Deluxe,Online,27,13752.64,0,82515.84,January,Low Risk,4,9
4212,34,USA,29-11-2023,Deluxe,Corporate,73,10267.02,1,61602.12,November,Medium Risk,2,6
4220,61,India,20-02-2023,Deluxe,Corporate,77,10467.66,1,31402.98,February,Medium Risk,2,6
4221,46,UAE,03-06-2023,Deluxe,Agent,114,11469.89,1,57349.45,June,High Risk,2,10
4224,18,UAE,06-10-2023,Deluxe,Corporate,78,2977.26,0,38704.38,October,Medium Risk,3,13
4231,21,UK,26-06-2023,Deluxe,Agent,42,12606.8,0,176495.2,June,Low Risk,3,8
4232,53,USA,25-04-2023,Deluxe,Online,40,7380.11,1,51660.77,April,Low Risk,3,6
4235,68,USA,03-05-2023,Deluxe,Corporate,145,10755.15,1,43020.6,May,High Risk,2,8
4241,29,USA,09-08-2023,Deluxe,Corporate,33,9213.03,0,36852.12,August,Low Risk,4,11
4245,40,UK,15-09-2023,Deluxe,Online,175,14996.81,1,44990.43,September,High Risk,4,14
4247,46,UK,24-04-2023,Deluxe,Agent,9,3647.42,1,18237.1,April,Low Risk,3,19
4249,44,Germany,25-08-2023,Deluxe,Corporate,138,13702.12,1,68510.6,August,High Risk,3,19
4253,40,UK,14-06-2023,Deluxe,Agent,65,9503.91,1,114046.92,June,Medium Risk,2,14
4256,60,USA,12-05-2023,Deluxe,Corporate,58,12725.03,1,165425.39,May,Medium Risk,3,1
4257,30,USA,27-02-2023,Deluxe,Agent,104,6386.5,1,19159.5,February,High Risk,2,19
4260,41,Germany,23-06-2023,Deluxe,Corporate,129,8031.59,1,64252.72,June,High Risk,4,4
4261,61,USA,24-06-2023,Deluxe,Agent,157,13096.17,1,52384.68,June,High Risk,2,18
4264,21,UK,07-01-2023,Deluxe,Online,133,14481.63,1,202742.82,January,High Risk,3,4
4268,26,UAE,31-01-2023,Deluxe,Corporate,151,2037.24,1,6111.72,January,High Risk,4,19
4271,36,Germany,03-06-2023,Deluxe,Agent,54,3302.36,1,42930.68,June,Medium Risk,3,8
4281,58,Germany,14-01-2023,Deluxe,Corporate,148,2605.39,1,7816.17,January,High Risk,4,13
4282,52,Germany,23-12-2023,Deluxe,Corporate,140,6629.1,1,39774.6,December,High Risk,3,9
4285,35,UK,14-11-2023,Deluxe,Corporate,75,2964.91,1,38543.83,November,Medium Risk,2,17
4288,61,India,13-07-2023,Deluxe,Agent,36,10924.36,0,54621.8,July,Low Risk,4,20
4292,30,UAE,13-09-2023,Deluxe,Corporate,128,12080.19,1,120801.9,September,High Risk,2,15
4293,35,Germany,17-04-2023,Deluxe,Online,27,11741.54,0,82190.78,April,Low Risk,4,3
4294,54,UK,17-01-2023,Deluxe,Corporate,43,14308.23,1,57232.92,January,Low Risk,3,6
4295,30,India,15-01-2023,Deluxe,Corporate,66,4251.91,0,42519.1,January,Medium Risk,2,18
4301,26,India,19-10-2023,Deluxe,Corporate,141,5226.52,1,41812.16,October,High Risk,2,10
4302,55,UK,12-02-2023,Deluxe,Corporate,78,11989.01,0,95912.08,February,Medium Risk,4,3
4306,53,Germany,16-12-2023,Deluxe,Corporate,81,6303.03,0,37818.18,December,Medium Risk,4,14
4308,40,USA,30-01-2023,Deluxe,Agent,175,7525.56,1,15051.12,January,High Risk,2,19
4309,62,UK,30-01-2023,Deluxe,Agent,152,2527.46,1,20219.68,January,High Risk,4,14
4312,26,UK,04-04-2023,Deluxe,Corporate,82,2073.25,1,24879,April,Medium Risk,4,20
4314,25,UK,22-10-2023,Deluxe,Agent,74,13775.35,0,96427.45,October,Medium Risk,2,18
4315,24,Germany,06-02-2023,Deluxe,Corporate,119,12430.07,1,124300.7,February,High Risk,3,16
4316,53,USA,30-03-2023,Deluxe,Online,101,10900.49,1,65402.94,March,High Risk,3,18
4317,35,UK,12-09-2023,Deluxe,Corporate,64,6465.95,1,51727.6,September,Medium Risk,4,15
4320,23,India,11-07-2023,Deluxe,Online,56,3599.77,0,21598.62,July,Medium Risk,3,5
4326,18,UK,30-06-2023,Deluxe,Corporate,150,3595.8,1,21574.8,June,High Risk,3,2
4330,52,Germany,22-07-2023,Deluxe,Corporate,102,10413.78,1,114551.58,July,High Risk,3,14
4331,30,Germany,17-11-2023,Deluxe,Corporate,125,2777.88,1,27778.8,November,High Risk,3,8
4333,27,UAE,09-03-2023,Deluxe,Agent,40,8162.69,0,114277.66,March,Low Risk,3,4
4334,61,USA,02-04-2023,Deluxe,Corporate,165,7219.63,1,93855.19,April,High Risk,2,16
4345,53,USA,26-04-2023,Deluxe,Corporate,81,14900.48,0,44701.44,April,Medium Risk,3,20
4347,27,UK,14-04-2023,Deluxe,Online,64,3676.14,1,40437.54,April,Medium Risk,2,7
4349,42,India,04-11-2023,Deluxe,Agent,15,11446.16,0,137353.92,November,Low Risk,3,5
4351,64,USA,10-05-2023,Deluxe,Online,22,11791.25,0,23582.5,May,Low Risk,2,19
4353,34,UAE,29-10-2023,Deluxe,Online,155,14927.77,1,44783.31,October,High Risk,3,5
4357,46,Germany,20-09-2023,Deluxe,Agent,40,10161.94,0,10161.94,September,Low Risk,3,20
4359,42,UK,25-10-2023,Deluxe,Online,1,2273.59,1,6820.77,October,Low Risk,4,7
4360,53,Germany,22-09-2023,Deluxe,Corporate,109,11836.31,1,153872.03,September,High Risk,4,15
4363,18,UK,17-03-2023,Deluxe,Corporate,95,14498.09,0,72490.45,March,Medium Risk,2,10
4368,34,UAE,23-02-2023,Deluxe,Online,20,9043.92,1,27131.76,February,Low Risk,4,19
4369,57,UK,10-10-2023,Deluxe,Online,146,7384.66,1,66461.94,October,High Risk,3,5
4370,45,UAE,06-12-2023,Deluxe,Agent,111,12296.33,1,98370.64,December,High Risk,4,7
4374,64,UAE,24-11-2023,Deluxe,Agent,146,6443.47,1,90208.58,November,High Risk,3,5
4376,58,UAE,02-11-2023,Deluxe,Corporate,34,2480.38,0,29764.56,November,Low Risk,3,13
4379,23,UK,16-01-2023,Deluxe,Online,66,4298.96,1,12896.88,January,Medium Risk,4,11
4380,24,USA,04-11-2023,Deluxe,Agent,86,8928.94,0,89289.4,November,Medium Risk,2,9
4381,49,USA,08-06-2023,Deluxe,Corporate,47,6001.39,0,66015.29,June,Low Risk,4,19
4384,50,India,25-10-2023,Deluxe,Corporate,67,7915.9,0,71243.1,October,Medium Risk,3,19
4386,69,India,24-07-2023,Deluxe,Agent,91,12446.17,0,49784.68,July,Medium Risk,3,10
4389,33,Germany,28-07-2023,Deluxe,Corporate,14,2109.96,1,8439.84,July,Low Risk,4,1
4391,53,Germany,15-01-2023,Deluxe,Online,90,7481.97,0,67337.73,January,Medium Risk,3,4
4397,26,UK,05-10-2023,Deluxe,Agent,70,3429.66,1,10288.98,October,Medium Risk,4,15
4399,28,India,07-02-2023,Deluxe,Online,85,7739.32,1,46435.92,February,Medium Risk,4,19
4402,40,UAE,11-07-2023,Deluxe,Online,70,3133.8,0,31338,July,Medium Risk,3,3
4404,25,UK,07-01-2023,Deluxe,Corporate,129,12552.68,1,150632.16,January,High Risk,4,19
4405,62,UK,13-02-2023,Deluxe,Corporate,6,14069.97,0,126629.73,February,Low Risk,2,8
4408,57,India,13-07-2023,Deluxe,Online,106,11457.15,1,137485.8,July,High Risk,2,6
4421,21,UAE,08-07-2023,Deluxe,Agent,127,7659.78,1,99577.14,July,High Risk,4,3
4423,57,UK,06-07-2023,Deluxe,Corporate,102,12076.58,1,36229.74,July,High Risk,4,2
4426,49,Germany,08-04-2023,Deluxe,Agent,97,11220.59,1,112205.9,April,Medium Risk,2,14
4427,37,USA,08-01-2023,Deluxe,Online,144,10099.33,1,111092.63,January,High Risk,4,6
4428,67,USA,07-11-2023,Deluxe,Online,25,11996.91,0,47987.64,November,Low Risk,4,17
4429,28,Germany,14-05-2023,Deluxe,Online,126,6083.86,1,18251.58,May,High Risk,3,12
4430,32,Germany,25-02-2023,Deluxe,Online,47,10460.64,1,41842.56,February,Low Risk,3,5
4431,49,USA,26-12-2023,Deluxe,Online,26,10133.08,1,30399.24,December,Low Risk,2,10
4432,45,UAE,24-04-2023,Deluxe,Agent,45,3176.37,0,41292.81,April,Low Risk,2,1
4435,34,UAE,18-04-2023,Deluxe,Online,146,4029.72,1,44326.92,April,High Risk,2,11
4437,61,UAE,24-05-2023,Deluxe,Agent,80,4928.07,0,64064.91,May,Medium Risk,4,19
4443,62,USA,06-01-2023,Deluxe,Corporate,169,9433.87,1,28301.61,January,High Risk,4,17
4453,28,USA,21-11-2023,Deluxe,Agent,77,6490.95,0,19472.85,November,Medium Risk,2,19
4454,60,Germany,15-11-2023,Deluxe,Online,29,7550.56,1,22651.68,November,Low Risk,4,6
4459,55,UAE,14-03-2023,Deluxe,Agent,75,3016.48,0,24131.84,March,Medium Risk,4,19
4460,41,USA,27-10-2023,Deluxe,Online,153,12880.1,1,38640.3,October,High Risk,3,2
4467,66,UK,29-10-2023,Deluxe,Agent,148,3490.88,1,6981.76,October,High Risk,4,17
4481,38,UK,18-09-2023,Deluxe,Online,8,4015.31,0,28107.17,September,Low Risk,2,17
4483,22,UAE,10-08-2023,Deluxe,Corporate,133,8041.2,1,24123.6,August,High Risk,4,8
4494,20,UAE,25-10-2023,Deluxe,Agent,108,2700.38,1,32404.56,October,High Risk,3,9
4501,60,UAE,05-11-2023,Deluxe,Corporate,39,7898.25,0,63186,November,Low Risk,4,18
4502,61,India,05-10-2023,Deluxe,Corporate,6,9452.45,0,113429.4,October,Low Risk,2,1
4504,34,UAE,27-06-2023,Deluxe,Agent,179,5553.42,1,27767.1,June,High Risk,4,16
4506,28,India,27-03-2023,Deluxe,Agent,177,6625.49,1,72880.39,March,High Risk,4,3
4508,67,USA,05-08-2023,Deluxe,Online,156,6597.88,1,52783.04,August,High Risk,3,5
4510,48,India,13-07-2023,Deluxe,Corporate,111,13045.31,1,91317.17,July,High Risk,4,14
4511,45,UAE,23-11-2023,Deluxe,Agent,0,12900.87,0,180612.18,November,Low Risk,2,9
4520,29,USA,26-03-2023,Deluxe,Corporate,53,12926.64,1,155119.68,March,Medium Risk,3,17
4528,35,Germany,24-03-2023,Deluxe,Online,90,7144.28,0,85731.36,March,Medium Risk,2,14
4529,43,UK,26-12-2023,Deluxe,Online,89,12093.8,1,145125.6,December,Medium Risk,2,13
4532,61,India,18-08-2023,Deluxe,Agent,40,11167.37,0,33502.11,August,Low Risk,2,6
4535,51,India,20-02-2023,Deluxe,Online,21,9329.76,0,9329.76,February,Low Risk,3,8
4536,34,UAE,29-03-2023,Deluxe,Corporate,96,10985.75,0,109857.5,March,Medium Risk,2,3
4537,60,India,19-06-2023,Deluxe,Agent,17,6639.43,0,19918.29,June,Low Risk,2,17
4539,33,UK,30-03-2023,Deluxe,Online,168,3428.29,1,6856.58,March,High Risk,3,9
4540,19,USA,08-07-2023,Deluxe,Agent,66,14792.81,1,162720.91,July,Medium Risk,4,19
4541,51,Germany,09-07-2023,Deluxe,Agent,47,9959.07,1,139426.98,July,Low Risk,4,9
4545,25,India,26-01-2023,Deluxe,Corporate,129,7815.05,1,31260.2,January,High Risk,4,17
4546,47,UAE,25-06-2023,Deluxe,Corporate,105,5361.27,1,64335.24,June,High Risk,4,2
4548,53,UK,21-09-2023,Deluxe,Corporate,153,4645.89,1,60396.57,September,High Risk,3,16
4550,47,Germany,29-04-2023,Deluxe,Agent,48,13814.21,1,179584.73,April,Low Risk,3,1
4553,56,UK,27-05-2023,Deluxe,Online,133,11520.15,1,103681.35,May,High Risk,4,1
4557,67,UAE,29-10-2023,Deluxe,Agent,6,12732.18,1,152786.16,October,Low Risk,3,6
4566,54,USA,15-02-2023,Deluxe,Corporate,124,11019.43,1,154272.02,February,High Risk,2,19
4571,38,UAE,18-04-2023,Deluxe,Online,57,6001.13,0,60011.3,April,Medium Risk,2,13
4573,59,Germany,02-10-2023,Deluxe,Agent,87,11525.39,0,69152.34,October,Medium Risk,4,3
4576,25,UAE,25-10-2023,Deluxe,Online,37,8204.11,0,49224.66,October,Low Risk,3,1
4577,65,Germany,31-03-2023,Deluxe,Agent,129,9217.99,1,9217.99,March,High Risk,2,12
4581,44,USA,01-02-2023,Deluxe,Online,34,11637.99,1,69827.94,February,Low Risk,4,19
4583,20,USA,27-05-2023,Deluxe,Corporate,106,12204.47,1,73226.82,May,High Risk,3,17
4586,62,UAE,28-07-2023,Deluxe,Agent,94,12800.91,1,12800.91,July,Medium Risk,3,19
4593,18,USA,27-07-2023,Deluxe,Corporate,87,2541.1,1,25411,July,Medium Risk,3,19
4594,49,UAE,02-02-2023,Deluxe,Online,35,11325.46,0,22650.92,February,Low Risk,4,9
4595,42,India,24-01-2023,Deluxe,Agent,156,3868.44,1,42552.84,January,High Risk,2,5
4598,66,UAE,08-07-2023,Deluxe,Agent,29,10828.89,0,54144.45,July,Low Risk,4,19
4599,20,Germany,25-03-2023,Deluxe,Agent,44,8044.07,0,88484.77,March,Low Risk,2,4
4600,37,USA,13-08-2023,Deluxe,Online,176,2087.11,1,20871.1,August,High Risk,4,2
4606,56,India,02-06-2023,Deluxe,Corporate,161,6701.94,1,40211.64,June,High Risk,4,15
4609,31,India,23-06-2023,Deluxe,Corporate,175,13957.18,1,69785.9,June,High Risk,4,20
4611,35,Germany,12-11-2023,Deluxe,Corporate,132,3656.62,1,29252.96,November,High Risk,4,5
4613,69,Germany,10-09-2023,Deluxe,Online,158,2759.43,1,33113.16,September,High Risk,4,4
4618,21,India,17-06-2023,Deluxe,Corporate,149,11233.85,1,134806.2,June,High Risk,4,10
4620,67,USA,27-11-2023,Deluxe,Corporate,157,6503.25,1,6503.25,November,High Risk,2,20
4622,43,Germany,27-08-2023,Deluxe,Agent,46,14680.6,0,44041.8,August,Low Risk,4,18
4623,62,India,02-10-2023,Deluxe,Agent,166,6136.97,1,36821.82,October,High Risk,2,20
4624,37,UAE,23-05-2023,Deluxe,Corporate,88,10976.57,1,131718.84,May,Medium Risk,2,5
4629,58,India,19-04-2023,Deluxe,Agent,4,12520.22,0,100161.76,April,Low Risk,4,9
4632,18,UK,18-10-2023,Deluxe,Agent,23,12858.72,0,115728.48,October,Low Risk,2,17
4636,62,Germany,18-11-2023,Deluxe,Corporate,4,6648.68,0,73135.48,November,Low Risk,4,4
4640,22,UAE,30-06-2023,Deluxe,Online,101,5176.73,1,10353.46,June,High Risk,2,11
4642,68,UAE,03-01-2023,Deluxe,Agent,176,6151.82,1,6151.82,January,High Risk,2,16
4643,38,Germany,25-03-2023,Deluxe,Corporate,112,12747.8,1,76486.8,March,High Risk,3,16
4645,29,Germany,03-02-2023,Deluxe,Agent,89,2756.27,0,13781.35,February,Medium Risk,3,10
4646,43,India,19-02-2023,Deluxe,Corporate,14,8629.83,0,86298.3,February,Low Risk,4,12
4647,68,USA,16-10-2023,Deluxe,Corporate,29,7464.86,0,52254.02,October,Low Risk,4,10
4649,62,India,16-09-2023,Deluxe,Corporate,131,6829.08,1,40974.48,September,High Risk,2,17
4652,24,UAE,01-07-2023,Deluxe,Agent,142,13326.74,1,79960.44,July,High Risk,4,10
4656,38,Germany,09-02-2023,Deluxe,Corporate,60,10015.33,1,100153.3,February,Medium Risk,2,17
4658,21,India,29-07-2023,Deluxe,Agent,117,7731.17,1,85042.87,July,High Risk,2,13
4664,69,India,03-01-2023,Deluxe,Agent,95,9557.37,1,47786.85,January,Medium Risk,3,1
4665,62,UK,15-01-2023,Deluxe,Online,97,3373.75,0,13495,January,Medium Risk,4,7
4670,36,India,23-01-2023,Deluxe,Corporate,71,12901.1,0,167714.3,January,Medium Risk,2,7
4676,44,India,10-11-2023,Deluxe,Agent,125,5793.07,1,57930.7,November,High Risk,2,6
4681,18,UK,13-02-2023,Deluxe,Agent,72,6161.63,1,36969.78,February,Medium Risk,4,2
4682,20,UK,12-01-2023,Deluxe,Corporate,135,12909.58,1,51638.32,January,High Risk,4,8
4684,41,USA,21-03-2023,Deluxe,Online,155,9555.35,1,76442.8,March,High Risk,2,14
4685,44,India,24-10-2023,Deluxe,Online,81,7197.74,0,21593.22,October,Medium Risk,4,20
4686,57,India,11-06-2023,Deluxe,Corporate,106,3564.1,1,35641,June,High Risk,4,10
4691,41,USA,29-09-2023,Deluxe,Agent,166,4689.27,1,51581.97,September,High Risk,2,7
4696,66,Germany,27-04-2023,Deluxe,Online,111,7168.81,1,100363.34,April,High Risk,3,5
4699,40,Germany,23-08-2023,Deluxe,Online,3,4206.69,0,50480.28,August,Low Risk,4,6
4701,22,Germany,01-11-2023,Deluxe,Corporate,124,8049.95,1,8049.95,November,High Risk,4,6
4703,58,Germany,19-02-2023,Deluxe,Agent,44,2239.88,0,13439.28,February,Low Risk,3,10
4704,23,UAE,27-09-2023,Deluxe,Corporate,87,10143.5,0,121722,September,Medium Risk,2,5
4707,57,USA,23-03-2023,Deluxe,Agent,129,11911.63,1,83381.41,March,High Risk,3,16
4709,56,India,25-03-2023,Deluxe,Online,0,5801.44,1,34808.64,March,Low Risk,3,19
4712,37,USA,24-06-2023,Deluxe,Online,8,7347.52,0,22042.56,June,Low Risk,4,13
4713,20,UAE,12-11-2023,Deluxe,Online,54,4856.96,0,24284.8,November,Medium Risk,4,20
4714,68,USA,26-11-2023,Deluxe,Corporate,66,12469.12,0,37407.36,November,Medium Risk,2,14
4716,64,UAE,20-12-2023,Deluxe,Agent,120,12161.98,1,24323.96,December,High Risk,3,13
4718,45,USA,17-12-2023,Deluxe,Online,155,9773.18,1,87958.62,December,High Risk,2,1
4720,55,Germany,12-05-2023,Deluxe,Corporate,92,10707.68,0,74953.76,May,Medium Risk,2,9
4724,58,UK,29-08-2023,Deluxe,Corporate,89,14343.71,0,57374.84,August,Medium Risk,4,13
4726,30,USA,06-12-2023,Deluxe,Agent,74,13372.87,0,160474.44,December,Medium Risk,3,8
4727,40,India,08-10-2023,Deluxe,Agent,65,14482.25,0,28964.5,October,Medium Risk,3,13
4728,67,UK,20-08-2023,Deluxe,Corporate,30,9963.72,0,119564.64,August,Low Risk,4,11
4734,68,Germany,27-07-2023,Deluxe,Corporate,179,12721.01,1,89047.07,July,High Risk,4,6
4735,31,USA,01-03-2023,Deluxe,Corporate,94,3549.28,1,10647.84,March,Medium Risk,3,9
4736,65,USA,31-12-2023,Deluxe,Online,163,12395.49,1,86768.43,December,High Risk,3,17
4743,38,UK,13-05-2023,Deluxe,Agent,135,11829.02,1,165606.28,May,High Risk,4,8
4745,66,India,07-08-2023,Deluxe,Agent,131,2001.68,1,4003.36,August,High Risk,4,19
4749,27,UK,14-05-2023,Deluxe,Online,93,12978.68,0,155744.16,May,Medium Risk,4,1
4765,54,India,14-01-2023,Deluxe,Agent,25,10419.7,0,62518.2,January,Low Risk,3,16
4766,55,India,07-10-2023,Deluxe,Online,84,11784.22,1,94273.76,October,Medium Risk,3,5
4768,18,USA,31-10-2023,Deluxe,Agent,159,8757.6,1,105091.2,October,High Risk,4,3
4773,58,USA,17-05-2023,Deluxe,Online,26,13399.89,0,53599.56,May,Low Risk,2,20
4777,32,UK,12-05-2023,Deluxe,Online,37,10024.28,1,50121.4,May,Low Risk,2,12
4779,56,India,26-04-2023,Deluxe,Corporate,169,11751.87,1,11751.87,April,High Risk,4,13
4781,18,UAE,20-05-2023,Deluxe,Online,56,5356.28,1,26781.4,May,Medium Risk,4,18
4783,40,India,23-09-2023,Deluxe,Online,53,6511.78,1,65117.8,September,Medium Risk,4,14
4784,56,UK,21-07-2023,Deluxe,Online,137,2848.04,1,28480.4,July,High Risk,4,7
4786,51,India,10-08-2023,Deluxe,Agent,128,7060.03,1,21180.09,August,High Risk,4,1
4793,37,USA,09-07-2023,Deluxe,Online,25,11940.85,0,107467.65,July,Low Risk,3,13
4798,29,UK,22-04-2023,Deluxe,Corporate,71,5034.47,1,25172.35,April,Medium Risk,4,16
4799,65,India,13-01-2023,Deluxe,Corporate,140,6282.41,1,37694.46,January,High Risk,4,17
4800,64,Germany,30-09-2023,Deluxe,Agent,89,14196.57,1,42589.71,September,Medium Risk,2,13
4801,62,UAE,21-08-2023,Deluxe,Agent,16,14787.79,0,44363.37,August,Low Risk,2,19
4803,34,India,14-03-2023,Deluxe,Agent,23,2448.99,0,26938.89,March,Low Risk,4,16
4806,32,UK,02-02-2023,Deluxe,Online,155,6292.72,1,56634.48,February,High Risk,4,10
4807,53,USA,09-03-2023,Deluxe,Agent,96,3165.97,0,34825.67,March,Medium Risk,2,12
4810,21,USA,19-10-2023,Deluxe,Corporate,91,4930.32,0,69024.48,October,Medium Risk,4,13
4821,51,India,26-02-2023,Deluxe,Online,67,12886.57,0,64432.85,February,Medium Risk,2,20
4823,41,USA,03-08-2023,Deluxe,Agent,125,8540.35,1,93943.85,August,High Risk,2,15
4825,36,UK,12-01-2023,Deluxe,Agent,69,4088.7,1,20443.5,January,Medium Risk,2,6
4829,57,UK,05-08-2023,Deluxe,Corporate,89,3309.26,0,26474.08,August,Medium Risk,4,16
4832,22,Germany,29-08-2023,Deluxe,Online,66,7408.24,1,66674.16,August,Medium Risk,2,17
4837,30,UAE,08-03-2023,Deluxe,Agent,35,5840.62,0,29203.1,March,Low Risk,3,20
4838,65,UAE,12-04-2023,Deluxe,Corporate,15,9368.51,0,121790.63,April,Low Risk,2,18
4840,36,USA,11-02-2023,Deluxe,Corporate,65,13875.56,0,152631.16,February,Medium Risk,2,15
4846,37,India,21-07-2023,Deluxe,Agent,92,14669.46,0,58677.84,July,Medium Risk,3,6
4847,48,USA,09-08-2023,Deluxe,Online,57,4419.86,0,4419.86,August,Medium Risk,2,3
4854,54,UAE,07-11-2023,Deluxe,Corporate,67,10511.53,1,52557.65,November,Medium Risk,4,7
4860,33,Germany,03-04-2023,Deluxe,Online,125,9456.15,1,66193.05,April,High Risk,2,11
4861,36,Germany,14-06-2023,Deluxe,Corporate,122,2081.06,1,4162.12,June,High Risk,2,13
4862,68,USA,03-08-2023,Deluxe,Corporate,35,5172.28,1,46550.52,August,Low Risk,4,11
4869,29,India,19-01-2023,Deluxe,Agent,138,11093.16,1,99838.44,January,High Risk,2,8
4873,29,UAE,11-06-2023,Deluxe,Online,83,9722.97,1,68060.79,June,Medium Risk,4,9
4875,23,USA,13-02-2023,Deluxe,Agent,57,9737.68,0,126589.84,February,Medium Risk,2,14
4876,50,UAE,19-12-2023,Deluxe,Corporate,122,6293.32,1,6293.32,December,High Risk,4,7
4877,22,UK,24-03-2023,Deluxe,Online,132,4990.97,1,4990.97,March,High Risk,4,8
4878,45,India,04-05-2023,Deluxe,Agent,73,12875.22,0,154502.64,May,Medium Risk,4,15
4879,31,UAE,27-01-2023,Deluxe,Agent,136,13960.57,1,111684.56,January,High Risk,3,19
4882,67,India,07-01-2023,Deluxe,Online,124,3200.04,1,9600.12,January,High Risk,3,14
4883,65,UK,07-12-2023,Deluxe,Online,31,9008.09,1,90080.9,December,Low Risk,2,6
4886,39,USA,30-03-2023,Deluxe,Agent,155,13780.28,1,68901.4,March,High Risk,3,2
4888,19,India,18-08-2023,Deluxe,Agent,86,13909.9,0,194738.6,August,Medium Risk,3,20
4895,37,Germany,17-09-2023,Deluxe,Agent,20,14258.66,0,128327.94,September,Low Risk,4,19
4899,31,India,23-09-2023,Deluxe,Agent,162,10546.09,1,116006.99,September,High Risk,3,16
4900,40,UK,18-10-2023,Deluxe,Online,105,5305.62,1,47750.58,October,High Risk,4,5
4909,25,USA,30-06-2023,Deluxe,Corporate,88,11294.65,0,79062.55,June,Medium Risk,3,11
4911,46,USA,30-09-2023,Deluxe,Online,70,7824.08,0,7824.08,September,Medium Risk,2,11
4912,27,UK,22-07-2023,Deluxe,Online,7,4085.01,0,24510.06,July,Low Risk,4,18
4914,19,UAE,02-06-2023,Deluxe,Agent,68,3279.01,0,19674.06,June,Medium Risk,2,15
4919,22,Germany,17-11-2023,Deluxe,Online,49,5878.19,0,17634.57,November,Low Risk,2,11
4925,44,UAE,22-11-2023,Deluxe,Agent,149,10013.99,1,70097.93,November,High Risk,4,15
4926,66,India,29-01-2023,Deluxe,Corporate,31,6386.05,0,89404.7,January,Low Risk,2,18
4930,27,India,14-02-2023,Deluxe,Corporate,79,6785.34,1,40712.04,February,Medium Risk,2,5
4933,52,Germany,27-08-2023,Deluxe,Corporate,135,14745.46,1,117963.68,August,High Risk,4,15
4936,41,Germany,11-07-2023,Deluxe,Online,114,2446.35,1,12231.75,July,High Risk,4,8
4938,55,UAE,29-08-2023,Deluxe,Agent,76,9452.79,0,132339.06,August,Medium Risk,2,19
4940,43,USA,08-08-2023,Deluxe,Online,27,11926.35,0,107337.15,August,Low Risk,3,14
4941,60,UK,02-12-2023,Deluxe,Agent,72,13818.09,0,179635.17,December,Medium Risk,4,12
4942,56,India,05-08-2023,Deluxe,Online,152,12232.86,1,36698.58,August,High Risk,2,1
4946,55,USA,03-06-2023,Deluxe,Agent,82,11960.61,0,131566.71,June,Medium Risk,2,7
4948,44,UAE,12-04-2023,Deluxe,Online,128,5728.76,1,28643.8,April,High Risk,4,12
4951,61,UAE,30-06-2023,Deluxe,Agent,51,2649.39,0,29143.29,June,Medium Risk,4,10
4952,36,UK,20-08-2023,Deluxe,Corporate,82,14519.93,0,72599.65,August,Medium Risk,2,16
4953,37,India,12-01-2023,Deluxe,Corporate,84,12399.53,0,136394.83,January,Medium Risk,3,12
4955,64,India,06-09-2023,Deluxe,Agent,16,12122.46,0,157591.98,September,Low Risk,2,13
4956,19,UK,23-09-2023,Deluxe,Agent,83,12872.65,0,77235.9,September,Medium Risk,3,5
4958,51,Germany,02-09-2023,Deluxe,Agent,165,7720.93,1,15441.86,September,High Risk,2,12
4961,23,UK,16-09-2023,Deluxe,Online,37,3607.16,0,21642.96,September,Low Risk,3,17
4962,32,UK,14-04-2023,Deluxe,Agent,27,13801.95,1,193227.3,April,Low Risk,4,13
4966,50,USA,28-09-2023,Deluxe,Agent,159,5636.41,1,67636.92,September,High Risk,2,15
4967,49,India,30-03-2023,Deluxe,Corporate,152,5954.29,1,41680.03,March,High Risk,4,11
4968,65,USA,14-07-2023,Deluxe,Corporate,23,11181.91,0,123001.01,July,Low Risk,2,3
4972,19,Germany,05-02-2023,Deluxe,Agent,83,6565.24,0,59087.16,February,Medium Risk,3,18
4973,46,UK,08-03-2023,Deluxe,Corporate,96,5466.56,0,76531.84,March,Medium Risk,3,7
4976,36,USA,11-01-2023,Deluxe,Online,38,5293.22,0,31759.32,January,Low Risk,2,3
4979,27,UK,05-06-2023,Deluxe,Agent,85,2545.67,0,7637.01,June,Medium Risk,2,2
4981,39,UAE,01-03-2023,Deluxe,Agent,64,3987.56,1,43863.16,March,Medium Risk,2,14
4983,65,UAE,19-02-2023,Deluxe,Agent,82,10334.67,0,51673.35,February,Medium Risk,2,20
4989,42,Germany,21-10-2023,Deluxe,Agent,89,6808.94,0,68089.4,October,Medium Risk,4,4
4991,45,Germany,16-03-2023,Deluxe,Online,103,13526.93,1,94688.51,March,High Risk,4,20
4992,18,India,14-02-2023,Deluxe,Online,43,13090.67,0,157088.04,February,Low Risk,4,8
4993,66,UAE,22-02-2023,Deluxe,Agent,1,5845.68,0,52611.12,February,Low Risk,4,3
4994,62,USA,24-06-2023,Deluxe,Online,156,3980.55,1,11941.65,June,High Risk,2,5
4997,66,UK,27-12-2023,Deluxe,Online,11,6070.81,0,30354.05,December,Low Risk,2,8
4999,53,Germany,04-05-2023,Deluxe,Agent,66,2860.56,0,22884.48,May,Medium Risk,4,12
5000,36,Germany,01-07-2023,Deluxe,Corporate,177,4471.78,1,4471.78,July,High Risk,3,7
5003,53,UK,31-07-2023,Deluxe,Agent,44,5206.69,0,57273.59,July,Low Risk,4,12
5007,59,UK,15-06-2023,Deluxe,Agent,79,5359.94,1,21439.76,June,Medium Risk,3,8
5008,49,UK,03-12-2023,Deluxe,Agent,93,7518.21,0,7518.21,December,Medium Risk,3,2
5009,49,UAE,25-11-2023,Deluxe,Agent,83,12805.89,0,128058.9,November,Medium Risk,3,5
5010,23,UK,23-11-2023,Deluxe,Online,88,13031.77,0,117285.93,November,Medium Risk,2,13
5011,65,USA,15-02-2023,Deluxe,Online,110,3758.37,1,52617.18,February,High Risk,3,4
5012,55,Germany,05-06-2023,Deluxe,Online,66,6610.71,0,33053.55,June,Medium Risk,2,14
5015,67,UK,01-03-2023,Deluxe,Corporate,11,11800.2,0,165202.8,March,Low Risk,3,14
5018,52,UAE,25-05-2023,Deluxe,Agent,85,13884.01,0,180492.13,May,Medium Risk,4,17
5019,69,India,11-11-2023,Deluxe,Corporate,116,5942.58,1,65368.38,November,High Risk,4,6
5023,64,Germany,02-12-2023,Deluxe,Corporate,136,3670.25,1,3670.25,December,High Risk,4,11
5027,26,Germany,25-09-2023,Deluxe,Online,104,11261.41,1,33784.23,September,High Risk,3,19
5028,44,USA,23-09-2023,Deluxe,Agent,14,12298.3,0,12298.3,September,Low Risk,2,5
5029,43,USA,16-01-2023,Deluxe,Corporate,96,12418.16,1,136599.76,January,Medium Risk,2,20
5033,60,Germany,26-12-2023,Deluxe,Corporate,42,10942.19,1,98479.71,December,Low Risk,3,3
5035,59,Germany,05-04-2023,Deluxe,Corporate,122,6043.83,1,12087.66,April,High Risk,3,15
5038,62,India,06-02-2023,Deluxe,Corporate,129,7303.99,1,80343.89,February,High Risk,4,16
5040,56,USA,18-10-2023,Deluxe,Corporate,109,13093.35,1,144026.85,October,High Risk,2,13
5044,49,UAE,07-11-2023,Deluxe,Online,64,4924.33,1,54167.63,November,Medium Risk,2,19
5049,22,UK,14-06-2023,Deluxe,Corporate,138,7114.14,1,64027.26,June,High Risk,2,20
5050,60,UK,13-01-2023,Deluxe,Agent,37,9877,1,79016,January,Low Risk,2,3
5051,65,UAE,25-01-2023,Deluxe,Agent,113,4324.95,1,30274.65,January,High Risk,2,9
5052,51,Germany,12-08-2023,Deluxe,Agent,38,2380.85,1,21427.65,August,Low Risk,4,10
5055,67,Germany,01-11-2023,Deluxe,Online,163,4933.57,1,54269.27,November,High Risk,3,4
5056,20,USA,02-05-2023,Deluxe,Corporate,109,8002.43,1,32009.72,May,High Risk,4,18
5058,28,India,24-03-2023,Deluxe,Agent,42,9605.41,1,48027.05,March,Low Risk,2,15
5060,35,UAE,01-07-2023,Deluxe,Corporate,162,8476.35,1,84763.5,July,High Risk,2,20
5061,47,USA,17-03-2023,Deluxe,Agent,63,11839.12,0,11839.12,March,Medium Risk,4,8
5063,27,UAE,20-08-2023,Deluxe,Corporate,31,14517.44,1,130656.96,August,Low Risk,3,11
5067,53,India,24-05-2023,Deluxe,Corporate,108,12507.19,1,87550.33,May,High Risk,3,12
5070,20,USA,20-09-2023,Deluxe,Corporate,6,3009.21,0,33101.31,September,Low Risk,2,6
5072,55,UK,29-05-2023,Deluxe,Agent,151,14448.98,1,28897.96,May,High Risk,3,19
5074,44,India,02-08-2023,Deluxe,Agent,146,3622.06,1,36220.6,August,High Risk,4,1
5077,68,Germany,27-05-2023,Deluxe,Online,33,2812.1,0,33745.2,May,Low Risk,4,20
5078,63,India,25-01-2023,Deluxe,Agent,15,7888.29,1,63106.32,January,Low Risk,2,20
5080,34,UAE,19-04-2023,Deluxe,Agent,114,5024.94,1,25124.7,April,High Risk,3,4
5087,45,UK,13-12-2023,Deluxe,Agent,49,9767.86,0,97678.6,December,Low Risk,2,18
5090,26,Germany,14-05-2023,Deluxe,Corporate,167,2586.88,1,7760.64,May,High Risk,4,15
5094,60,UK,28-12-2023,Deluxe,Agent,48,2200.27,0,6600.81,December,Low Risk,2,1
5108,21,USA,28-06-2023,Deluxe,Corporate,162,7495.38,1,44972.28,June,High Risk,2,6
5114,45,UK,26-09-2023,Deluxe,Corporate,118,13710.46,1,95973.22,September,High Risk,2,17
5116,18,India,22-04-2023,Deluxe,Agent,56,10199.63,1,40798.52,April,Medium Risk,4,19
5118,31,Germany,03-08-2023,Deluxe,Online,99,3401.18,0,47616.52,August,Medium Risk,3,17
5128,66,India,26-12-2023,Deluxe,Agent,99,4245.15,0,59432.1,December,Medium Risk,2,19
5135,62,UAE,18-12-2023,Deluxe,Online,126,6145.83,1,61458.3,December,High Risk,2,3
5140,21,India,17-03-2023,Deluxe,Online,45,5801.13,1,52210.17,March,Low Risk,2,12
5145,44,USA,03-07-2023,Deluxe,Online,104,5421.79,1,21687.16,July,High Risk,4,20
5148,42,India,09-06-2023,Deluxe,Corporate,116,3011.82,1,24094.56,June,High Risk,2,11
5153,62,USA,01-09-2023,Deluxe,Corporate,95,9826.21,0,98262.1,September,Medium Risk,2,17
5154,63,UAE,27-03-2023,Deluxe,Corporate,21,2450.76,0,19606.08,March,Low Risk,3,13
5155,49,UAE,18-07-2023,Deluxe,Agent,18,3378.5,1,3378.5,July,Low Risk,2,5
5156,49,USA,10-01-2023,Deluxe,Online,33,6738.89,1,60650.01,January,Low Risk,2,3
5159,63,Germany,05-03-2023,Deluxe,Online,108,14099,1,140990,March,High Risk,3,12
5161,66,Germany,26-08-2023,Deluxe,Agent,113,8015.5,1,80155,August,High Risk,3,17
5163,56,USA,26-08-2023,Deluxe,Online,21,6625.9,0,13251.8,August,Low Risk,4,8
5167,38,Germany,16-02-2023,Deluxe,Agent,14,13502.98,0,67514.9,February,Low Risk,3,11
5168,26,Germany,06-10-2023,Deluxe,Agent,141,3914.36,1,50886.68,October,High Risk,4,16
5170,68,India,06-08-2023,Deluxe,Agent,149,13397.99,1,40193.97,August,High Risk,4,9
5173,56,USA,05-12-2023,Deluxe,Corporate,124,4897.18,1,4897.18,December,High Risk,2,17
5175,58,India,29-06-2023,Deluxe,Agent,6,3053.45,0,33587.95,June,Low Risk,2,14
5176,22,India,11-06-2023,Deluxe,Corporate,83,13642.61,1,163711.32,June,Medium Risk,4,12
5184,47,UK,07-01-2023,Deluxe,Agent,110,7481.06,1,74810.6,January,High Risk,3,19
5188,64,UAE,24-12-2023,Deluxe,Online,117,13317,1,173121,December,High Risk,4,4
5190,40,USA,22-11-2023,Deluxe,Agent,109,4047.56,1,44523.16,November,High Risk,3,1
5192,49,India,12-06-2023,Deluxe,Corporate,147,7465.82,1,104521.48,June,High Risk,2,3
5193,63,USA,14-11-2023,Deluxe,Online,61,11124.28,1,22248.56,November,Medium Risk,4,4
5195,64,India,20-07-2023,Deluxe,Online,55,14793.99,0,103557.93,July,Medium Risk,2,19
5198,62,USA,12-06-2023,Deluxe,Online,78,9047.04,0,45235.2,June,Medium Risk,3,2
5202,19,UK,26-08-2023,Deluxe,Agent,37,10425.59,0,114681.49,August,Low Risk,3,8
5203,54,India,30-04-2023,Deluxe,Online,21,8037.86,0,88416.46,April,Low Risk,2,7
5208,39,USA,11-10-2023,Deluxe,Agent,123,5932.75,1,53394.75,October,High Risk,3,13
5209,50,UAE,17-07-2023,Deluxe,Online,74,12964.41,0,155572.92,July,Medium Risk,2,20
5210,47,UK,08-08-2023,Deluxe,Agent,156,12176.82,1,97414.56,August,High Risk,2,14
5211,34,UK,31-05-2023,Deluxe,Corporate,133,9548.7,1,38194.8,May,High Risk,4,14
5212,60,India,13-10-2023,Deluxe,Online,55,5277.93,1,58057.23,October,Medium Risk,4,14
5213,49,India,22-09-2023,Deluxe,Corporate,119,13193.96,1,184715.44,September,High Risk,2,1
5214,59,USA,08-08-2023,Deluxe,Online,11,2389.6,0,23896,August,Low Risk,4,17
5215,68,India,04-08-2023,Deluxe,Corporate,38,9702.67,0,87324.03,August,Low Risk,4,10
5219,68,Germany,01-12-2023,Deluxe,Agent,119,12841.76,1,12841.76,December,High Risk,2,20
5221,51,India,24-04-2023,Deluxe,Agent,18,9323.03,1,27969.09,April,Low Risk,4,17
5223,59,UAE,30-10-2023,Deluxe,Online,127,9939.29,1,139150.06,October,High Risk,4,14
5227,56,USA,11-02-2023,Deluxe,Corporate,85,10824.32,1,151540.48,February,Medium Risk,2,17
5229,36,UAE,30-10-2023,Deluxe,Agent,164,10030.94,1,80247.52,October,High Risk,2,12
5233,25,USA,16-12-2023,Deluxe,Online,98,2377.59,1,30908.67,December,Medium Risk,4,6
5240,20,UK,01-07-2023,Deluxe,Corporate,59,5991.39,0,77888.07,July,Medium Risk,4,6
5241,27,Germany,04-10-2023,Deluxe,Online,63,3109.53,0,40423.89,October,Medium Risk,3,1
5244,59,UAE,02-09-2023,Deluxe,Agent,148,9801.55,1,107817.05,September,High Risk,2,14
5256,30,India,27-06-2023,Deluxe,Agent,19,10812.63,0,118938.93,June,Low Risk,2,5
5259,46,UAE,06-04-2023,Deluxe,Online,115,4548.37,1,36386.96,April,High Risk,2,19
5267,43,UAE,08-10-2023,Deluxe,Online,58,5591.5,1,16774.5,October,Medium Risk,4,17
5268,66,UK,21-12-2023,Deluxe,Corporate,50,10486.65,1,146813.1,December,Low Risk,4,13
5270,24,India,14-10-2023,Deluxe,Agent,50,13614.93,1,68074.65,October,Low Risk,3,5
5272,56,Germany,19-02-2023,Deluxe,Agent,169,7338.11,1,88057.32,February,High Risk,4,18
5279,32,Germany,28-12-2023,Deluxe,Corporate,163,5207.49,1,5207.49,December,High Risk,4,2
5281,60,UAE,11-06-2023,Deluxe,Agent,5,8330.3,1,74972.7,June,Low Risk,3,10
5283,43,UAE,24-11-2023,Deluxe,Online,90,8171.04,1,81710.4,November,Medium Risk,2,4
5284,33,UK,31-08-2023,Deluxe,Online,72,13016.22,0,26032.44,August,Medium Risk,4,10
5285,42,UK,09-05-2023,Deluxe,Corporate,63,7717.74,0,54024.18,May,Medium Risk,3,12
5288,18,USA,25-03-2023,Deluxe,Agent,62,7695.56,0,76955.6,March,Medium Risk,2,15
5290,39,India,21-11-2023,Deluxe,Online,70,13524.93,0,162299.16,November,Medium Risk,3,6
5292,58,UAE,16-04-2023,Deluxe,Corporate,76,14744.89,1,73724.45,April,Medium Risk,4,15
5293,68,UK,21-11-2023,Deluxe,Agent,63,9252.62,0,120284.06,November,Medium Risk,4,14
5294,61,UK,11-01-2023,Deluxe,Agent,36,2464.5,1,34503,January,Low Risk,4,5
5298,31,UAE,27-05-2023,Deluxe,Agent,161,2280.27,1,2280.27,May,High Risk,2,3
5299,46,UAE,25-12-2023,Deluxe,Online,44,8621.41,1,68971.28,December,Low Risk,4,4
5300,36,UK,26-08-2023,Deluxe,Agent,62,10495.05,0,125940.6,August,Medium Risk,2,15
5301,36,Germany,13-01-2023,Deluxe,Corporate,12,5746.99,1,28734.95,January,Low Risk,3,7
5304,62,Germany,02-01-2023,Deluxe,Agent,43,5569.73,1,22278.92,January,Low Risk,3,17
5305,32,USA,29-07-2023,Deluxe,Corporate,73,7683.45,0,30733.8,July,Medium Risk,3,16
5306,20,UK,31-12-2023,Deluxe,Corporate,115,4055.21,1,20276.05,December,High Risk,2,14
5307,28,USA,13-08-2023,Deluxe,Online,151,4591.31,1,22956.55,August,High Risk,2,19
5310,57,Germany,17-09-2023,Deluxe,Online,90,11195.4,1,55977,September,Medium Risk,3,15
5311,35,USA,26-02-2023,Deluxe,Corporate,49,8579.98,0,42899.9,February,Low Risk,3,13
5312,68,UK,23-04-2023,Deluxe,Corporate,115,8898.55,1,115681.15,April,High Risk,4,6
5317,39,India,28-03-2023,Deluxe,Online,130,14245.54,1,56982.16,March,High Risk,2,19
5318,23,India,20-09-2023,Deluxe,Online,158,7855.32,1,39276.6,September,High Risk,2,19
5320,64,UAE,23-04-2023,Deluxe,Corporate,28,13918.81,1,153106.91,April,Low Risk,2,4
5321,57,UK,13-06-2023,Deluxe,Online,171,9993.48,1,49967.4,June,High Risk,2,16
5323,32,India,28-04-2023,Deluxe,Corporate,115,10837.44,1,151724.16,April,High Risk,4,17
5324,45,USA,23-01-2023,Deluxe,Corporate,41,7601.88,1,83620.68,January,Low Risk,2,15
5325,69,USA,21-08-2023,Deluxe,Corporate,148,14649.89,1,87899.34,August,High Risk,4,5
5327,62,Germany,12-09-2023,Deluxe,Corporate,155,12594.28,1,50377.12,September,High Risk,3,1
5329,19,India,04-06-2023,Deluxe,Corporate,98,2109.4,1,6328.2,June,Medium Risk,4,18
5330,30,Germany,03-11-2023,Deluxe,Corporate,119,12813.67,1,115323.03,November,High Risk,3,20
5333,37,Germany,22-03-2023,Deluxe,Agent,28,12902.7,1,103221.6,March,Low Risk,4,15
5335,59,India,21-03-2023,Deluxe,Agent,129,12934.64,1,155215.68,March,High Risk,2,18
5337,20,India,28-08-2023,Deluxe,Online,127,12019.21,1,108172.89,August,High Risk,4,5
5338,36,UK,22-09-2023,Deluxe,Online,67,9048.29,1,27144.87,September,Medium Risk,3,10
5344,28,UK,30-08-2023,Deluxe,Agent,179,14463.43,1,188024.59,August,High Risk,3,7
5347,49,UAE,08-02-2023,Deluxe,Agent,135,10839.7,1,75877.9,February,High Risk,3,18
5348,44,UK,08-07-2023,Deluxe,Online,147,7225.36,1,101155.04,July,High Risk,3,14
5349,47,UK,25-01-2023,Deluxe,Agent,168,4787.99,1,52667.89,January,High Risk,3,14
5353,26,India,02-06-2023,Deluxe,Online,4,13943.04,0,111544.32,June,Low Risk,2,14
5359,42,UK,01-05-2023,Deluxe,Corporate,168,14590.15,1,87540.9,May,High Risk,2,9
5365,62,USA,08-04-2023,Deluxe,Corporate,85,5713.45,1,34280.7,April,Medium Risk,3,18
5371,54,UAE,18-12-2023,Deluxe,Online,168,2199.74,1,19797.66,December,High Risk,2,11
5374,46,UK,07-05-2023,Deluxe,Online,153,10399.96,1,103999.6,May,High Risk,3,19
5377,26,Germany,04-05-2023,Deluxe,Corporate,117,5912.94,1,76868.22,May,High Risk,3,4
5379,23,India,19-06-2023,Deluxe,Online,39,5172.95,1,20691.8,June,Low Risk,3,18
5383,40,India,04-03-2023,Deluxe,Online,86,4046.6,1,8093.2,March,Medium Risk,4,20
5384,48,UAE,27-09-2023,Deluxe,Agent,89,2850.63,1,17103.78,September,Medium Risk,4,12
5389,59,India,08-03-2023,Deluxe,Corporate,99,2059.68,0,28835.52,March,Medium Risk,3,7
5398,25,UAE,24-09-2023,Deluxe,Online,118,6367.3,1,38203.8,September,High Risk,4,3
5400,57,Germany,04-06-2023,Deluxe,Online,143,6923.81,1,41542.86,June,High Risk,3,3
5401,62,USA,24-03-2023,Deluxe,Corporate,10,13973.1,1,97811.7,March,Low Risk,4,13
5402,19,UAE,05-07-2023,Deluxe,Agent,2,10918.71,1,98268.39,July,Low Risk,2,7
5403,47,UK,15-12-2023,Deluxe,Agent,41,2961.52,1,29615.2,December,Low Risk,4,5
5406,27,Germany,19-01-2023,Deluxe,Corporate,158,7824.31,1,46945.86,January,High Risk,2,8
5411,34,UK,12-11-2023,Deluxe,Corporate,115,8620.39,1,68963.12,November,High Risk,2,19
5412,43,Germany,13-06-2023,Deluxe,Online,66,9119.25,0,82073.25,June,Medium Risk,4,13
5413,19,Germany,09-09-2023,Deluxe,Agent,149,14960.18,1,14960.18,September,High Risk,3,13
5414,67,Germany,20-08-2023,Deluxe,Agent,40,12712.41,1,76274.46,August,Low Risk,4,3
5417,43,UAE,01-03-2023,Deluxe,Online,157,8803.15,1,70425.2,March,High Risk,3,7
5419,35,UAE,06-05-2023,Deluxe,Online,129,7907.77,1,79077.7,May,High Risk,2,4
5424,20,USA,06-03-2023,Deluxe,Corporate,155,12176.72,1,133943.92,March,High Risk,2,11
5425,55,India,27-02-2023,Deluxe,Online,73,3618.27,0,32564.43,February,Medium Risk,4,20
5431,49,India,26-12-2023,Deluxe,Agent,167,11330.74,1,158630.36,December,High Risk,4,2
5432,45,UAE,29-12-2023,Deluxe,Agent,59,3406.72,1,27253.76,December,Medium Risk,4,4
5433,38,India,20-03-2023,Deluxe,Agent,84,10063.88,0,60383.28,March,Medium Risk,2,16
5434,63,India,25-03-2023,Deluxe,Agent,4,9243.76,0,101681.36,March,Low Risk,2,4
5435,30,USA,21-06-2023,Deluxe,Agent,98,3950.03,1,11850.09,June,Medium Risk,4,1
5436,44,UK,31-07-2023,Deluxe,Corporate,145,10121.68,1,91095.12,July,High Risk,2,13
5437,53,Germany,29-05-2023,Deluxe,Corporate,165,10987.21,1,65923.26,May,High Risk,4,14
5439,39,UK,30-01-2023,Deluxe,Corporate,156,9521.5,1,104736.5,January,High Risk,3,18
5440,27,Germany,07-10-2023,Deluxe,Online,153,13536.45,1,27072.9,October,High Risk,2,3
5441,56,UAE,24-02-2023,Deluxe,Corporate,59,11070.14,0,11070.14,February,Medium Risk,4,17
5442,32,UK,26-12-2023,Deluxe,Corporate,163,13777.41,1,13777.41,December,High Risk,3,17
5443,32,UK,07-05-2023,Deluxe,Agent,113,9180.47,1,27541.41,May,High Risk,2,17
5446,40,UAE,03-04-2023,Deluxe,Corporate,158,4293.34,1,34346.72,April,High Risk,4,20
5447,23,UK,08-01-2023,Deluxe,Agent,105,6358.23,1,44507.61,January,High Risk,3,20
5448,41,USA,04-09-2023,Deluxe,Agent,140,8207.97,1,82079.7,September,High Risk,4,9
5450,54,UAE,15-07-2023,Deluxe,Online,122,8183.25,1,8183.25,July,High Risk,4,14
5453,50,UK,11-09-2023,Deluxe,Agent,1,7570.68,0,75706.8,September,Low Risk,4,13
5455,25,Germany,29-09-2023,Deluxe,Agent,135,8378.08,1,58646.56,September,High Risk,4,12
5456,18,India,19-03-2023,Deluxe,Agent,73,14842.38,0,118739.04,March,Medium Risk,4,20
5459,23,India,12-09-2023,Deluxe,Agent,107,7417.69,1,51923.83,September,High Risk,4,19
5460,38,Germany,01-04-2023,Deluxe,Agent,42,6236.04,0,74832.48,April,Low Risk,3,4
5470,63,UAE,19-01-2023,Deluxe,Corporate,48,11684.81,0,81793.67,January,Low Risk,4,15
5472,46,UAE,08-04-2023,Deluxe,Corporate,2,5053.83,0,15161.49,April,Low Risk,2,7
5475,30,India,26-10-2023,Deluxe,Agent,35,9735.22,1,29205.66,October,Low Risk,3,15
5481,50,India,05-04-2023,Deluxe,Online,79,14193.06,0,70965.3,April,Medium Risk,2,4
5483,65,UK,21-08-2023,Deluxe,Agent,99,7857.86,0,7857.86,August,Medium Risk,4,19
5487,60,Germany,19-11-2023,Deluxe,Online,133,13644.1,1,150085.1,November,High Risk,2,5
5489,44,USA,26-04-2023,Deluxe,Online,60,2170.23,0,8680.92,April,Medium Risk,3,3
5491,27,India,16-11-2023,Deluxe,Online,138,4353.18,1,60944.52,November,High Risk,4,8
5492,20,Germany,14-06-2023,Deluxe,Corporate,64,4005.02,0,56070.28,June,Medium Risk,3,4
5501,52,USA,16-10-2023,Deluxe,Agent,121,10260.78,1,61564.68,October,High Risk,4,6
5503,28,India,23-12-2023,Deluxe,Online,56,4699.5,0,46995,December,Medium Risk,4,10
5504,38,India,11-12-2023,Deluxe,Corporate,85,12116.87,0,36350.61,December,Medium Risk,4,6
5505,68,Germany,28-06-2023,Deluxe,Corporate,161,8162.82,1,81628.2,June,High Risk,4,19
5509,52,Germany,05-02-2023,Deluxe,Corporate,14,13672.76,0,123054.84,February,Low Risk,4,3
5511,55,UK,12-11-2023,Deluxe,Online,173,4887.7,1,14663.1,November,High Risk,4,14
5516,66,UK,14-09-2023,Deluxe,Agent,157,9421.13,1,37684.52,September,High Risk,3,13
5517,49,UAE,02-10-2023,Deluxe,Agent,138,12488.69,1,49954.76,October,High Risk,2,5
5518,53,UAE,28-03-2023,Deluxe,Agent,117,2551.52,1,28066.72,March,High Risk,4,13
5520,32,UAE,12-10-2023,Deluxe,Online,125,11498.74,1,114987.4,October,High Risk,2,18
5522,52,UAE,15-11-2023,Deluxe,Corporate,167,2542.18,1,12710.9,November,High Risk,4,1
5523,20,USA,08-04-2023,Deluxe,Agent,69,9687.94,1,58127.64,April,Medium Risk,2,4
5526,38,UAE,14-11-2023,Deluxe,Online,166,14876.93,1,104138.51,November,High Risk,2,7
5528,36,UAE,13-07-2023,Deluxe,Online,38,12957.14,0,181399.96,July,Low Risk,2,6
5530,21,India,10-10-2023,Deluxe,Agent,158,5416.81,1,48751.29,October,High Risk,4,17
5531,46,UAE,19-09-2023,Deluxe,Agent,105,9741.56,1,58449.36,September,High Risk,4,16
5540,36,UK,09-12-2023,Deluxe,Online,52,6665.03,0,33325.15,December,Medium Risk,3,4
5541,40,India,18-08-2023,Deluxe,Online,153,7420.82,1,66787.38,August,High Risk,4,8
5542,41,UAE,23-01-2023,Deluxe,Corporate,39,6245.98,1,24983.92,January,Low Risk,3,10
5545,51,USA,07-01-2023,Deluxe,Corporate,69,12983.89,0,181774.46,January,Medium Risk,4,20
5546,45,Germany,29-07-2023,Deluxe,Online,128,8214.7,1,57502.9,July,High Risk,3,8
5550,38,UAE,16-04-2023,Deluxe,Online,114,3136.99,1,31369.9,April,High Risk,4,14
5552,67,India,02-02-2023,Deluxe,Corporate,103,7033.38,1,42200.28,February,High Risk,4,4
5554,66,UK,04-02-2023,Deluxe,Online,179,9860.09,1,49300.45,February,High Risk,2,17
5556,37,USA,17-11-2023,Deluxe,Corporate,78,14905.7,0,89434.2,November,Medium Risk,2,4
5558,42,Germany,24-11-2023,Deluxe,Corporate,36,12682.84,0,25365.68,November,Low Risk,3,2
5559,31,UK,24-10-2023,Deluxe,Agent,178,3609.88,1,36098.8,October,High Risk,4,9
5560,28,USA,27-06-2023,Deluxe,Corporate,26,4334.89,0,47683.79,June,Low Risk,2,11
5561,49,UK,30-12-2023,Deluxe,Corporate,105,5840.78,1,17522.34,December,High Risk,4,11
5563,35,India,14-04-2023,Deluxe,Online,68,7774.67,1,31098.68,April,Medium Risk,2,11
5564,44,UAE,21-10-2023,Deluxe,Corporate,122,7145.21,1,14290.42,October,High Risk,2,12
5577,36,Germany,16-01-2023,Deluxe,Online,42,12536.21,0,175506.94,January,Low Risk,3,2
5578,18,USA,20-05-2023,Deluxe,Online,87,2949.99,1,23599.92,May,Medium Risk,3,1
5584,29,India,09-07-2023,Deluxe,Corporate,166,12922.97,1,12922.97,July,High Risk,2,14
5585,39,UK,05-09-2023,Deluxe,Agent,149,7687.91,1,69191.19,September,High Risk,3,17
5589,34,UK,26-06-2023,Deluxe,Agent,162,8669.05,1,121366.7,June,High Risk,3,7
5590,46,UAE,14-07-2023,Deluxe,Online,33,12068.1,1,144817.2,July,Low Risk,3,7
5593,67,UAE,15-06-2023,Deluxe,Agent,108,9218.69,1,82968.21,June,High Risk,4,3
5595,67,India,07-12-2023,Deluxe,Agent,62,10671.52,0,74700.64,December,Medium Risk,4,4
5598,60,India,16-06-2023,Deluxe,Online,40,11335.95,0,22671.9,June,Low Risk,3,14
5600,29,USA,25-07-2023,Deluxe,Corporate,84,9540.58,0,38162.32,July,Medium Risk,2,7
5605,20,UAE,18-03-2023,Deluxe,Agent,107,6033.64,1,78437.32,March,High Risk,4,17
5607,43,USA,15-07-2023,Deluxe,Corporate,121,2292.96,1,22929.6,July,High Risk,3,19
5609,30,UK,16-05-2023,Deluxe,Agent,3,7149.25,0,85791,May,Low Risk,2,14
5613,66,UAE,05-09-2023,Deluxe,Corporate,116,4538.12,1,54457.44,September,High Risk,3,5
5619,25,USA,25-11-2023,Deluxe,Corporate,80,7564.41,1,7564.41,November,Medium Risk,3,17
5623,39,Germany,21-10-2023,Deluxe,Corporate,82,14861.12,0,104027.84,October,Medium Risk,2,18
5624,37,UK,13-08-2023,Deluxe,Online,150,9826.62,1,68786.34,August,High Risk,2,11
5625,25,USA,01-10-2023,Deluxe,Agent,119,9989.58,1,39958.32,October,High Risk,4,19
5626,46,UK,12-01-2023,Deluxe,Online,122,14663.68,1,175964.16,January,High Risk,3,6
5630,34,India,21-04-2023,Deluxe,Corporate,66,10858.18,1,152014.52,April,Medium Risk,3,5
5635,60,India,12-11-2023,Deluxe,Agent,28,3088.71,0,43241.94,November,Low Risk,3,18
5651,64,India,17-04-2023,Deluxe,Agent,14,6500.75,0,65007.5,April,Low Risk,2,18
5653,25,UAE,18-10-2023,Deluxe,Agent,22,11189.41,0,111894.1,October,Low Risk,4,4
5657,63,UAE,17-03-2023,Deluxe,Online,23,8926.36,0,35705.44,March,Low Risk,4,15
5658,37,UK,15-08-2023,Deluxe,Online,136,14212.31,1,99486.17,August,High Risk,2,6
5661,66,India,06-09-2023,Deluxe,Agent,96,5827.58,0,11655.16,September,Medium Risk,4,2
5663,59,Germany,19-02-2023,Deluxe,Online,71,4990.44,0,44913.96,February,Medium Risk,2,18
5665,46,UAE,29-07-2023,Deluxe,Online,89,4227.83,0,38050.47,July,Medium Risk,4,18
5667,63,India,24-11-2023,Deluxe,Agent,122,12467.57,1,162078.41,November,High Risk,3,9
5677,41,UAE,29-08-2023,Deluxe,Corporate,88,8738.9,0,78650.1,August,Medium Risk,3,12
5678,27,India,28-01-2023,Deluxe,Agent,117,3420.18,1,47882.52,January,High Risk,3,10
5682,54,USA,01-08-2023,Deluxe,Corporate,8,13148.68,1,39446.04,August,Low Risk,2,15
5686,57,India,18-03-2023,Deluxe,Agent,18,12345.38,0,135799.18,March,Low Risk,4,3
5693,63,Germany,30-05-2023,Deluxe,Corporate,161,10475.82,1,62854.92,May,High Risk,4,7
5699,45,India,13-09-2023,Deluxe,Online,81,2005.15,1,20051.5,September,Medium Risk,3,2
5701,53,UAE,18-12-2023,Deluxe,Online,96,14379.04,1,172548.48,December,Medium Risk,2,6
5705,54,India,15-12-2023,Deluxe,Agent,66,5679.1,0,28395.5,December,Medium Risk,2,8
5708,21,UK,02-01-2023,Deluxe,Online,154,6752.15,1,33760.75,January,High Risk,2,10
5709,48,India,19-02-2023,Deluxe,Agent,134,11699.75,1,70198.5,February,High Risk,3,13
5713,40,UK,21-09-2023,Deluxe,Agent,166,11153.96,1,55769.8,September,High Risk,2,19
5714,39,Germany,07-11-2023,Deluxe,Online,8,7511.57,0,82627.27,November,Low Risk,3,16
5715,19,UAE,23-07-2023,Deluxe,Corporate,77,13684.58,0,41053.74,July,Medium Risk,3,19
5717,28,UAE,06-07-2023,Deluxe,Corporate,59,8998.06,0,71984.48,July,Medium Risk,2,17
5718,45,USA,30-01-2023,Deluxe,Corporate,51,12440.75,1,37322.25,January,Medium Risk,4,3
5721,22,UK,20-11-2023,Deluxe,Agent,10,4016.26,1,8032.52,November,Low Risk,4,10
5730,40,UK,22-09-2023,Deluxe,Agent,52,9977.46,0,129706.98,September,Medium Risk,4,17
5733,48,Germany,18-07-2023,Deluxe,Agent,52,8883.9,1,97722.9,July,Medium Risk,4,19
5735,59,Germany,30-03-2023,Deluxe,Agent,40,3920.49,0,47045.88,March,Low Risk,3,6
5736,59,Germany,05-04-2023,Deluxe,Agent,165,11099.17,1,110991.7,April,High Risk,2,6
5737,51,UK,09-08-2023,Deluxe,Online,74,6824.37,0,61419.33,August,Medium Risk,3,1
5738,26,India,10-03-2023,Deluxe,Corporate,28,2851.65,1,8554.95,March,Low Risk,4,3
5747,34,Germany,07-03-2023,Deluxe,Online,1,6201.98,0,37211.88,March,Low Risk,2,5
5750,32,USA,11-03-2023,Deluxe,Online,48,2331.82,1,25650.02,March,Low Risk,3,4
5752,56,UK,03-09-2023,Deluxe,Corporate,33,12866.52,0,102932.16,September,Low Risk,4,2
5753,30,UAE,19-11-2023,Deluxe,Corporate,61,6103.09,0,30515.45,November,Medium Risk,2,12
5754,34,UK,23-08-2023,Deluxe,Corporate,33,3811.67,0,26681.69,August,Low Risk,3,7
5756,26,UAE,09-04-2023,Deluxe,Online,18,13705.56,0,191877.84,April,Low Risk,4,18
5759,43,USA,05-12-2023,Deluxe,Agent,126,14982.65,1,74913.25,December,High Risk,2,5
5761,38,UK,20-04-2023,Deluxe,Online,155,14158.75,1,70793.75,April,High Risk,4,20
5765,26,UK,14-09-2023,Deluxe,Online,75,8771.38,0,96485.18,September,Medium Risk,3,15
5771,52,UAE,08-03-2023,Deluxe,Agent,119,6432.61,1,64326.1,March,High Risk,3,4
5773,35,UK,18-03-2023,Deluxe,Corporate,54,2655.95,0,29215.45,March,Medium Risk,3,7
5780,30,UAE,18-09-2023,Deluxe,Corporate,48,2281.54,0,9126.16,September,Low Risk,2,20
5782,34,UK,09-11-2023,Deluxe,Agent,74,2063.6,0,18572.4,November,Medium Risk,4,8
5794,42,UAE,07-08-2023,Deluxe,Agent,12,3595.03,1,50330.42,August,Low Risk,3,13
5795,30,USA,06-01-2023,Deluxe,Corporate,112,10543.14,1,105431.4,January,High Risk,3,13
5797,55,USA,17-12-2023,Deluxe,Corporate,156,10748.97,1,139736.61,December,High Risk,4,17
5799,45,UK,10-01-2023,Deluxe,Agent,35,12070.4,0,24140.8,January,Low Risk,2,14
5801,20,UAE,09-10-2023,Deluxe,Corporate,110,8931.53,1,80383.77,October,High Risk,2,6
5802,45,USA,02-08-2023,Deluxe,Agent,4,8346.06,1,50076.36,August,Low Risk,2,9
5806,33,Germany,23-11-2023,Deluxe,Corporate,155,10135.48,1,30406.44,November,High Risk,4,13
5814,49,India,01-09-2023,Deluxe,Online,72,11734.2,0,35202.6,September,Medium Risk,3,6
5815,52,UAE,14-11-2023,Deluxe,Agent,179,5649.65,1,28248.25,November,High Risk,4,8
5818,29,India,29-01-2023,Deluxe,Corporate,127,14847.81,1,74239.05,January,High Risk,3,5
5820,48,India,23-12-2023,Deluxe,Online,67,3357.92,1,10073.76,December,Medium Risk,4,7
5822,22,USA,12-10-2023,Deluxe,Corporate,90,6886.74,1,6886.74,October,Medium Risk,3,12
5826,48,UK,18-12-2023,Deluxe,Corporate,70,10313.91,0,134080.83,December,Medium Risk,4,8
5827,38,USA,27-10-2023,Deluxe,Agent,90,2234.46,0,31282.44,October,Medium Risk,2,11
5828,37,Germany,14-08-2023,Deluxe,Agent,93,12270.58,1,171788.12,August,Medium Risk,3,1
5830,39,USA,25-03-2023,Deluxe,Agent,103,6931.91,1,69319.1,March,High Risk,2,15
5831,21,USA,09-11-2023,Deluxe,Agent,76,4253.33,1,38279.97,November,Medium Risk,4,2
5833,62,UAE,16-11-2023,Deluxe,Agent,131,13819.72,1,13819.72,November,High Risk,2,11
5836,66,Germany,21-10-2023,Deluxe,Agent,33,14196.01,0,28392.02,October,Low Risk,2,10
5838,69,UK,27-01-2023,Deluxe,Online,49,12664.16,1,177298.24,January,Low Risk,2,19
5841,53,UAE,24-09-2023,Deluxe,Online,128,6890.44,1,41342.64,September,High Risk,3,9
5846,34,USA,14-02-2023,Deluxe,Corporate,171,13522.43,1,108179.44,February,High Risk,2,13
5848,25,UK,29-03-2023,Deluxe,Corporate,148,10674.92,1,32024.76,March,High Risk,4,17
5849,67,UAE,02-12-2023,Deluxe,Corporate,120,4692.46,1,42232.14,December,High Risk,2,7
5854,25,UK,28-10-2023,Deluxe,Corporate,114,3603.82,1,50453.48,October,High Risk,4,4
5859,56,USA,10-10-2023,Deluxe,Agent,163,2026.14,1,18235.26,October,High Risk,2,11
5862,45,USA,24-03-2023,Deluxe,Corporate,60,10938.21,1,120320.31,March,Medium Risk,4,19
5867,34,India,19-11-2023,Deluxe,Online,171,12437.64,1,174126.96,November,High Risk,2,6
5872,67,UK,04-03-2023,Deluxe,Agent,173,9437.4,1,122686.2,March,High Risk,2,1
5873,46,India,13-01-2023,Deluxe,Agent,107,2489.66,1,14937.96,January,High Risk,3,5
5880,47,India,17-01-2023,Deluxe,Online,93,12212.24,0,73273.44,January,Medium Risk,4,7
5883,34,Germany,16-11-2023,Deluxe,Corporate,23,7630.61,0,106828.54,November,Low Risk,2,7
5885,36,UK,14-06-2023,Deluxe,Online,51,9717.46,1,77739.68,June,Medium Risk,4,14
5886,69,UK,08-10-2023,Deluxe,Corporate,137,6498.28,1,38989.68,October,High Risk,2,1
5887,32,Germany,11-08-2023,Deluxe,Corporate,152,9082.28,1,72658.24,August,High Risk,4,14
5889,69,India,19-03-2023,Deluxe,Agent,172,11889.92,1,11889.92,March,High Risk,4,19
5892,48,UAE,29-03-2023,Deluxe,Corporate,111,4487.3,1,44873,March,High Risk,3,12
5893,40,UAE,23-04-2023,Deluxe,Agent,102,2327.08,1,23270.8,April,High Risk,2,7
5894,69,USA,10-04-2023,Deluxe,Corporate,136,10474.1,1,136163.3,April,High Risk,2,12
5900,18,USA,19-05-2023,Deluxe,Corporate,23,6898.84,0,48291.88,May,Low Risk,3,20
5902,52,Germany,12-01-2023,Deluxe,Online,90,8030,0,80300,January,Medium Risk,2,12
5908,32,India,22-02-2023,Deluxe,Agent,143,5141.42,1,46272.78,February,High Risk,3,13
5913,25,UAE,28-02-2023,Deluxe,Corporate,59,6448.89,1,51591.12,February,Medium Risk,4,4
5917,18,USA,29-05-2023,Deluxe,Agent,94,5758.87,1,5758.87,May,Medium Risk,3,18
5918,60,Germany,11-10-2023,Deluxe,Corporate,119,6003.06,1,78039.78,October,High Risk,4,19
5919,57,UAE,16-01-2023,Deluxe,Corporate,39,8180.83,1,49084.98,January,Low Risk,4,18
5920,59,USA,25-06-2023,Deluxe,Agent,89,2207.28,1,28694.64,June,Medium Risk,4,20
5921,68,UAE,28-01-2023,Deluxe,Online,70,2140.95,1,25691.4,January,Medium Risk,2,8
5922,28,Germany,09-05-2023,Deluxe,Agent,60,11561.19,0,104050.71,May,Medium Risk,4,12
5923,56,USA,11-08-2023,Deluxe,Agent,149,12506.71,1,25013.42,August,High Risk,2,7
5926,34,UK,26-08-2023,Deluxe,Agent,82,4808.1,1,52889.1,August,Medium Risk,2,4
5932,57,UK,13-02-2023,Deluxe,Online,124,13708.68,1,137086.8,February,High Risk,2,6
5933,40,USA,04-06-2023,Deluxe,Agent,19,2439.29,0,14635.74,June,Low Risk,2,9
5935,39,UK,09-04-2023,Deluxe,Agent,40,8545.44,1,25636.32,April,Low Risk,3,16
5944,52,India,05-08-2023,Deluxe,Corporate,86,5200.56,0,10401.12,August,Medium Risk,2,6
5945,68,UK,06-04-2023,Deluxe,Corporate,69,10170.14,1,81361.12,April,Medium Risk,2,15
5946,28,UK,25-05-2023,Deluxe,Agent,98,2563,1,7689,May,Medium Risk,4,20
5947,41,UAE,02-02-2023,Deluxe,Corporate,142,8447.92,1,67583.36,February,High Risk,2,20
5949,38,UK,05-01-2023,Deluxe,Corporate,6,7286.91,0,7286.91,January,Low Risk,4,11
5950,68,Germany,28-04-2023,Deluxe,Online,133,14639.79,1,102478.53,April,High Risk,3,17
5953,36,USA,09-06-2023,Deluxe,Agent,133,13802.59,1,82815.54,June,High Risk,4,14
5955,45,USA,06-09-2023,Deluxe,Agent,159,10692.18,1,53460.9,September,High Risk,4,13
5959,55,Germany,09-02-2023,Deluxe,Online,137,8949.52,1,71596.16,February,High Risk,3,4
5961,19,USA,01-06-2023,Deluxe,Agent,9,12583.01,0,25166.02,June,Low Risk,3,7
5962,55,UK,20-05-2023,Deluxe,Agent,36,9639.29,0,48196.45,May,Low Risk,4,7
5964,68,USA,17-12-2023,Deluxe,Online,35,11775.47,0,129530.17,December,Low Risk,3,2
5965,69,UAE,27-05-2023,Deluxe,Online,63,9421.57,0,37686.28,May,Medium Risk,3,2
5978,63,USA,13-04-2023,Deluxe,Corporate,106,13513.94,1,148653.34,April,High Risk,3,10
5979,36,UAE,02-12-2023,Deluxe,Agent,4,3713.74,0,14854.96,December,Low Risk,4,6
5983,45,Germany,09-05-2023,Deluxe,Agent,141,3479.07,1,34790.7,May,High Risk,3,1
5987,65,USA,12-03-2023,Deluxe,Agent,179,4504.54,1,9009.08,March,High Risk,3,15
5988,57,India,11-12-2023,Deluxe,Agent,113,11799.91,1,106199.19,December,High Risk,2,13
5991,25,Germany,25-06-2023,Deluxe,Corporate,58,7186.02,1,57488.16,June,Medium Risk,4,8
5992,41,UK,21-08-2023,Deluxe,Online,17,11336.67,0,68020.02,August,Low Risk,3,18
5997,61,India,14-02-2023,Deluxe,Agent,108,8347.63,1,8347.63,February,High Risk,4,2
6000,64,UK,03-02-2023,Deluxe,Online,84,9053.68,1,108644.16,February,Medium Risk,2,17
6003,48,India,30-12-2023,Deluxe,Corporate,31,8582.98,0,102995.76,December,Low Risk,2,18
6007,42,UK,17-06-2023,Deluxe,Online,158,4177.05,1,16708.2,June,High Risk,2,15
6009,20,USA,05-06-2023,Deluxe,Online,0,2879.66,1,37435.58,June,Low Risk,4,19
6011,59,UK,19-07-2023,Deluxe,Online,66,13176.65,0,65883.25,July,Medium Risk,3,13
6012,26,UK,02-10-2023,Deluxe,Agent,66,7200.32,0,28801.28,October,Medium Risk,3,14
6014,37,India,05-07-2023,Deluxe,Online,95,14759.27,0,177111.24,July,Medium Risk,2,11
6015,57,UK,20-01-2023,Deluxe,Corporate,93,4518.55,0,54222.6,January,Medium Risk,2,16
6019,41,USA,05-12-2023,Deluxe,Online,111,12132.45,1,121324.5,December,High Risk,2,11
6023,33,UAE,04-12-2023,Deluxe,Agent,106,11563.24,1,104069.16,December,High Risk,2,15
6025,32,USA,04-01-2023,Deluxe,Online,7,6269.44,1,31347.2,January,Low Risk,3,9
6033,40,Germany,21-05-2023,Deluxe,Online,80,13630.52,0,54522.08,May,Medium Risk,4,3
6040,40,UK,12-08-2023,Deluxe,Online,148,12961.5,1,181461,August,High Risk,4,3
6045,19,USA,30-07-2023,Deluxe,Corporate,55,6648.39,0,33241.95,July,Medium Risk,4,4
6048,38,Germany,14-02-2023,Deluxe,Corporate,32,11116.07,0,55580.35,February,Low Risk,4,18
6049,42,UAE,11-11-2023,Deluxe,Online,116,14502.42,1,43507.26,November,High Risk,3,7
6056,69,UAE,14-02-2023,Deluxe,Online,106,14775.63,1,14775.63,February,High Risk,2,18
6057,55,Germany,30-04-2023,Deluxe,Corporate,89,6118.92,0,12237.84,April,Medium Risk,4,12
6070,65,Germany,27-09-2023,Deluxe,Agent,172,4834.32,1,24171.6,September,High Risk,2,18
6071,61,USA,09-09-2023,Deluxe,Online,98,3298.84,0,19793.04,September,Medium Risk,3,15
6073,40,USA,11-10-2023,Deluxe,Agent,167,6221.12,1,87095.68,October,High Risk,3,3
6075,44,India,12-03-2023,Deluxe,Agent,0,11493.88,0,160914.32,March,Low Risk,3,14
6078,45,India,02-03-2023,Deluxe,Online,79,2121.04,0,29694.56,March,Medium Risk,3,11
6079,52,India,13-04-2023,Deluxe,Online,92,7436.64,0,29746.56,April,Medium Risk,2,10
6081,57,Germany,17-01-2023,Deluxe,Agent,58,14126.58,0,14126.58,January,Medium Risk,2,7
6082,40,Germany,01-11-2023,Deluxe,Agent,9,14818.33,1,44454.99,November,Low Risk,2,13
6083,20,USA,10-07-2023,Deluxe,Agent,176,5743.19,1,74661.47,July,High Risk,3,8
6085,67,India,19-03-2023,Deluxe,Agent,29,11687.85,0,128566.35,March,Low Risk,2,12
6101,19,UK,04-04-2023,Deluxe,Online,160,3483.11,1,20898.66,April,High Risk,2,8
6103,57,Germany,13-08-2023,Deluxe,Online,90,9243.23,0,101675.53,August,Medium Risk,2,9
6104,68,UK,27-08-2023,Deluxe,Online,69,13278.87,1,132788.7,August,Medium Risk,4,10
6105,47,UAE,28-04-2023,Deluxe,Corporate,54,8683.36,1,86833.6,April,Medium Risk,4,8
6106,28,UK,01-04-2023,Deluxe,Agent,171,13213.49,1,145348.39,April,High Risk,2,17
6107,45,Germany,06-12-2023,Deluxe,Corporate,49,9208.29,0,55249.74,December,Low Risk,4,18
6111,43,Germany,24-06-2023,Deluxe,Online,127,9697.45,1,67882.15,June,High Risk,2,12
6114,45,UK,05-09-2023,Deluxe,Agent,164,13280.88,1,92966.16,September,High Risk,2,8
6116,26,India,22-05-2023,Deluxe,Online,22,14175.63,0,198458.82,May,Low Risk,2,18
6117,56,Germany,25-10-2023,Deluxe,Agent,140,8586.62,1,8586.62,October,High Risk,4,11
6118,48,India,12-07-2023,Deluxe,Corporate,114,11129.98,1,11129.98,July,High Risk,4,9
6119,38,UAE,17-12-2023,Deluxe,Agent,64,13758.07,1,123822.63,December,Medium Risk,2,16
6121,51,UK,18-10-2023,Deluxe,Corporate,6,10039.56,0,120474.72,October,Low Risk,2,18
6122,48,UK,28-11-2023,Deluxe,Agent,158,8666.27,1,95328.97,November,High Risk,3,11
6124,42,Germany,05-09-2023,Deluxe,Agent,55,7689.18,1,23067.54,September,Medium Risk,3,19
6125,29,UK,22-05-2023,Deluxe,Online,21,6121.41,0,67335.51,May,Low Risk,2,8
6126,18,UAE,07-11-2023,Deluxe,Online,62,10185.21,0,112037.31,November,Medium Risk,4,16
6127,39,UAE,10-08-2023,Deluxe,Online,79,5649.04,0,45192.32,August,Medium Risk,3,8
6128,57,India,13-08-2023,Deluxe,Corporate,27,13148.37,0,118335.33,August,Low Risk,2,4
6129,54,UK,20-12-2023,Deluxe,Corporate,171,13599.08,1,13599.08,December,High Risk,3,13
6132,18,UK,01-11-2023,Deluxe,Corporate,84,3126.14,0,9378.42,November,Medium Risk,2,5
6136,32,USA,18-07-2023,Deluxe,Agent,50,4344.15,0,34753.2,July,Low Risk,4,14
6137,34,India,11-03-2023,Deluxe,Online,77,3026.17,0,27235.53,March,Medium Risk,3,10
6140,52,India,11-05-2023,Deluxe,Agent,50,7492.41,0,7492.41,May,Low Risk,4,7
6143,25,Germany,29-10-2023,Deluxe,Agent,117,11330.45,1,11330.45,October,High Risk,3,2
6144,64,UAE,30-05-2023,Deluxe,Agent,153,13633.83,1,122704.47,May,High Risk,4,5
6145,34,India,08-03-2023,Deluxe,Online,162,13137.11,1,52548.44,March,High Risk,4,14
6150,55,Germany,08-04-2023,Deluxe,Online,2,7268.63,0,36343.15,April,Low Risk,3,15
6153,31,Germany,17-04-2023,Deluxe,Online,118,11565.39,1,57826.95,April,High Risk,2,12
6155,23,UK,21-05-2023,Deluxe,Corporate,114,7571.84,1,45431.04,May,High Risk,3,11
6156,52,Germany,24-05-2023,Deluxe,Online,144,2491.96,1,34887.44,May,High Risk,3,15
6162,44,India,08-02-2023,Deluxe,Corporate,148,12676.27,1,25352.54,February,High Risk,3,11
6163,30,India,13-01-2023,Deluxe,Corporate,115,12421.3,1,24842.6,January,High Risk,4,9
6164,66,UAE,06-04-2023,Deluxe,Online,3,12962.96,0,103703.68,April,Low Risk,4,18
6165,48,USA,19-04-2023,Deluxe,Online,21,13245.66,0,185439.24,April,Low Risk,2,10
6170,66,USA,28-07-2023,Deluxe,Agent,156,12365.07,1,12365.07,July,High Risk,4,9
6174,43,USA,06-05-2023,Deluxe,Corporate,83,10139.82,1,91258.38,May,Medium Risk,3,3
6176,22,USA,16-02-2023,Deluxe,Agent,6,3473.99,1,31265.91,February,Low Risk,2,19
6180,23,Germany,10-02-2023,Deluxe,Corporate,170,7810.03,1,46860.18,February,High Risk,4,5
6184,34,UAE,05-04-2023,Deluxe,Corporate,102,11785.43,1,117854.3,April,High Risk,3,14
6185,31,UK,26-09-2023,Deluxe,Agent,43,8533.31,0,119466.34,September,Low Risk,4,11
6189,61,UK,20-06-2023,Deluxe,Corporate,24,12418.64,1,173860.96,June,Low Risk,4,15
6195,52,Germany,05-09-2023,Deluxe,Agent,153,13135.71,1,131357.1,September,High Risk,3,7
6197,52,Germany,19-01-2023,Deluxe,Agent,91,6158.09,0,18474.27,January,Medium Risk,3,1
6200,53,UAE,31-10-2023,Deluxe,Online,172,6436.05,1,57924.45,October,High Risk,4,11
6202,49,UK,08-08-2023,Deluxe,Corporate,164,12066.37,1,60331.85,August,High Risk,2,9
6206,41,UK,24-05-2023,Deluxe,Corporate,129,12535.15,1,37605.45,May,High Risk,2,9
6208,24,India,30-10-2023,Deluxe,Online,175,9968.42,1,69778.94,October,High Risk,4,16
6210,67,USA,14-10-2023,Deluxe,Online,40,11623.62,0,139483.44,October,Low Risk,4,14
6212,52,USA,21-09-2023,Deluxe,Online,45,7840.75,0,78407.5,September,Low Risk,3,10
6217,31,India,08-07-2023,Deluxe,Agent,73,5458.84,1,43670.72,July,Medium Risk,3,19
6218,54,UK,13-07-2023,Deluxe,Agent,2,8109.91,1,113538.74,July,Low Risk,2,4
6220,32,UAE,17-09-2023,Deluxe,Corporate,152,8150.32,1,40751.6,September,High Risk,4,4
6222,21,USA,22-04-2023,Deluxe,Agent,42,4671.69,1,18686.76,April,Low Risk,2,5
6223,57,UK,10-03-2023,Deluxe,Corporate,177,13633.67,1,149970.37,March,High Risk,3,13
6227,21,USA,27-08-2023,Deluxe,Online,26,9015.37,0,90153.7,August,Low Risk,4,9
6232,62,UAE,21-04-2023,Deluxe,Online,123,4377.65,1,4377.65,April,High Risk,2,12
6234,48,Germany,12-10-2023,Deluxe,Online,139,11403.47,1,68420.82,October,High Risk,3,11
6235,20,UK,13-09-2023,Deluxe,Online,24,13072.77,0,104582.16,September,Low Risk,3,5
6236,25,Germany,14-11-2023,Deluxe,Online,176,12031.13,1,132342.43,November,High Risk,2,6
6238,32,USA,27-04-2023,Deluxe,Agent,102,9528.93,1,66702.51,April,High Risk,4,1
6241,26,Germany,13-12-2023,Deluxe,Agent,122,7673.88,1,76738.8,December,High Risk,3,10
6242,56,Germany,16-04-2023,Deluxe,Corporate,126,11942.88,1,107485.92,April,High Risk,3,12
6243,62,India,08-12-2023,Deluxe,Agent,76,2166.35,0,8665.4,December,Medium Risk,4,2
6245,25,Germany,10-04-2023,Deluxe,Online,75,13416.89,1,161002.68,April,Medium Risk,2,10
6246,24,UK,25-06-2023,Deluxe,Corporate,162,6206.08,1,43442.56,June,High Risk,4,2
6250,59,Germany,03-01-2023,Deluxe,Agent,63,6054.6,0,60546,January,Medium Risk,4,9
6259,46,India,21-10-2023,Deluxe,Corporate,100,6434.72,1,51477.76,October,Medium Risk,4,19
6260,56,Germany,23-05-2023,Deluxe,Corporate,133,13721.28,1,109770.24,May,High Risk,2,4
6263,62,India,30-11-2023,Deluxe,Online,81,3086.18,1,24689.44,November,Medium Risk,4,6
6265,22,USA,05-02-2023,Deluxe,Agent,134,5905.25,1,64957.75,February,High Risk,2,3
6266,47,USA,31-03-2023,Deluxe,Agent,156,3561.55,1,21369.3,March,High Risk,4,16
6270,21,Germany,15-02-2023,Deluxe,Corporate,104,14788.61,1,192251.93,February,High Risk,4,19
6273,23,USA,26-05-2023,Deluxe,Online,165,7459.1,1,14918.2,May,High Risk,4,13
6277,32,Germany,03-01-2023,Deluxe,Online,72,2783.07,0,5566.14,January,Medium Risk,4,3
6279,49,Germany,20-09-2023,Deluxe,Agent,148,10656.97,1,42627.88,September,High Risk,3,9
6285,65,UK,18-03-2023,Deluxe,Online,149,6418.04,1,57762.36,March,High Risk,2,8
6290,34,UK,21-01-2023,Deluxe,Online,112,2801.32,1,28013.2,January,High Risk,4,1
6293,21,Germany,17-09-2023,Deluxe,Corporate,117,6708.74,1,73796.14,September,High Risk,4,3
6294,34,Germany,25-08-2023,Deluxe,Corporate,139,4839.15,1,4839.15,August,High Risk,2,19
6300,23,UK,31-07-2023,Deluxe,Online,120,12066.47,1,60332.35,July,High Risk,4,11
6307,28,UK,13-10-2023,Deluxe,Online,160,7725.91,1,54081.37,October,High Risk,2,14
6308,30,India,19-01-2023,Deluxe,Online,25,3402.77,1,23819.39,January,Low Risk,4,12
6309,59,Germany,20-04-2023,Deluxe,Online,26,3589.37,0,14357.48,April,Low Risk,3,18
6312,29,UK,28-11-2023,Deluxe,Corporate,79,5569.29,1,55692.9,November,Medium Risk,3,20
6319,26,Germany,15-05-2023,Deluxe,Corporate,108,2414.15,1,19313.2,May,High Risk,3,16
6321,27,USA,22-06-2023,Deluxe,Online,50,12265.82,0,12265.82,June,Low Risk,4,13
6322,36,UAE,01-08-2023,Deluxe,Corporate,112,8890.3,1,35561.2,August,High Risk,3,19
6326,69,UK,29-04-2023,Deluxe,Corporate,8,3954.61,0,19773.05,April,Low Risk,2,1
6327,40,UAE,30-10-2023,Deluxe,Corporate,38,12660.44,0,113943.96,October,Low Risk,3,12
6331,51,UK,31-07-2023,Deluxe,Online,51,8320.04,0,74880.36,July,Medium Risk,4,17
6333,65,Germany,08-07-2023,Deluxe,Online,79,8288.82,0,116043.48,July,Medium Risk,4,17
6340,47,UK,10-07-2023,Deluxe,Agent,87,3537.55,0,24762.85,July,Medium Risk,2,14
6341,58,Germany,25-08-2023,Deluxe,Online,134,13051.99,1,91363.93,August,High Risk,4,9
6349,52,India,13-02-2023,Deluxe,Online,95,12995.4,0,155944.8,February,Medium Risk,2,19
6350,28,India,07-01-2023,Deluxe,Agent,142,9221.76,1,101439.36,January,High Risk,3,5
6352,38,India,01-04-2023,Deluxe,Agent,6,9951.64,0,29854.92,April,Low Risk,2,13
6353,38,USA,10-05-2023,Deluxe,Online,100,11696.31,0,58481.55,May,Medium Risk,3,5
6355,62,UAE,17-11-2023,Deluxe,Agent,69,5206.57,0,36445.99,November,Medium Risk,2,14
6356,24,USA,05-07-2023,Deluxe,Agent,102,9504.26,1,114051.12,July,High Risk,2,17
6359,29,UAE,14-12-2023,Deluxe,Corporate,100,7001.2,1,91015.6,December,Medium Risk,3,20
6360,59,India,12-06-2023,Deluxe,Online,132,6223.62,1,74683.44,June,High Risk,3,10
6362,28,India,18-07-2023,Deluxe,Agent,10,12120.43,0,157565.59,July,Low Risk,4,2
6372,60,UAE,20-10-2023,Deluxe,Corporate,129,4051.04,1,44561.44,October,High Risk,4,6
6373,64,Germany,05-03-2023,Deluxe,Agent,105,8155.61,1,73400.49,March,High Risk,3,20
6379,21,Germany,30-06-2023,Deluxe,Online,74,11841.61,0,118416.1,June,Medium Risk,3,6
6380,56,Germany,18-07-2023,Deluxe,Online,103,5564.76,1,72341.88,July,High Risk,2,19
6385,32,UK,29-11-2023,Deluxe,Corporate,37,13815.07,0,41445.21,November,Low Risk,4,18
6388,64,India,29-08-2023,Deluxe,Online,39,14249.42,0,142494.2,August,Low Risk,4,6
6391,29,Germany,14-11-2023,Deluxe,Corporate,167,14871.48,1,193329.24,November,High Risk,3,14
6393,60,Germany,25-12-2023,Deluxe,Agent,105,8179.59,1,98155.08,December,High Risk,4,7
6396,53,UAE,21-02-2023,Deluxe,Agent,133,4107.11,1,32856.88,February,High Risk,2,12
6397,38,USA,18-02-2023,Deluxe,Agent,95,4879.63,1,48796.3,February,Medium Risk,2,14
6400,43,UK,23-02-2023,Deluxe,Corporate,20,5351.23,0,74917.22,February,Low Risk,3,12
6401,33,USA,17-05-2023,Deluxe,Corporate,36,8866.87,0,35467.48,May,Low Risk,3,13
6402,53,UK,11-06-2023,Deluxe,Agent,11,11189.6,1,78327.2,June,Low Risk,2,2
6409,40,UAE,15-11-2023,Deluxe,Corporate,108,12266.4,1,147196.8,November,High Risk,4,6
6414,62,UAE,26-06-2023,Deluxe,Agent,117,7396.19,1,103546.66,June,High Risk,2,8
6418,20,Germany,09-05-2023,Deluxe,Online,85,11697.69,1,58488.45,May,Medium Risk,2,3
6422,63,UAE,21-10-2023,Deluxe,Corporate,179,3731.34,1,44776.08,October,High Risk,4,7
6423,69,UK,04-12-2023,Deluxe,Corporate,164,7962.57,1,79625.7,December,High Risk,3,16
6426,59,UAE,28-06-2023,Deluxe,Corporate,156,7684.17,1,23052.51,June,High Risk,2,17
6427,38,UK,10-02-2023,Deluxe,Online,100,3321.03,0,3321.03,February,Medium Risk,2,19
6432,37,UK,13-08-2023,Deluxe,Online,173,10951.76,1,54758.8,August,High Risk,3,12
6433,42,UK,24-04-2023,Deluxe,Online,97,8408.23,1,92490.53,April,Medium Risk,3,17
6439,33,USA,11-12-2023,Deluxe,Corporate,119,5201.53,1,15604.59,December,High Risk,2,3
6442,53,USA,17-12-2023,Deluxe,Agent,72,9229.93,1,9229.93,December,Medium Risk,2,8
6446,40,UAE,23-02-2023,Deluxe,Agent,155,9120.21,1,100322.31,February,High Risk,4,15
6447,51,UAE,31-10-2023,Deluxe,Corporate,33,14379.47,0,100656.29,October,Low Risk,3,7
6449,60,UK,17-04-2023,Deluxe,Online,64,6480.39,0,77764.68,April,Medium Risk,3,19
6451,53,UAE,18-03-2023,Deluxe,Online,3,9193.09,1,110317.08,March,Low Risk,3,17
6452,39,UAE,27-01-2023,Deluxe,Online,118,9110.63,1,9110.63,January,High Risk,4,20
6455,64,USA,13-03-2023,Deluxe,Online,112,3044.42,1,6088.84,March,High Risk,3,2
6457,26,UK,16-02-2023,Deluxe,Corporate,75,4462.96,1,44629.6,February,Medium Risk,4,17
6460,36,USA,04-10-2023,Deluxe,Agent,113,10279.58,1,10279.58,October,High Risk,4,19
6461,55,UK,09-11-2023,Deluxe,Corporate,104,3538.51,1,17692.55,November,High Risk,2,11
6462,23,USA,15-04-2023,Deluxe,Corporate,94,8045.43,1,96545.16,April,Medium Risk,2,6
6463,69,Germany,05-04-2023,Deluxe,Online,116,2820.68,1,2820.68,April,High Risk,2,9
6471,35,Germany,20-12-2023,Deluxe,Corporate,77,12740.33,0,63701.65,December,Medium Risk,3,13
6475,28,Germany,07-08-2023,Deluxe,Agent,124,6570.53,1,65705.3,August,High Risk,2,18
6477,39,USA,25-05-2023,Deluxe,Online,111,2008.71,1,24104.52,May,High Risk,2,3
6478,21,UK,01-08-2023,Deluxe,Agent,39,10354.18,0,134604.34,August,Low Risk,3,8
6480,61,Germany,16-04-2023,Deluxe,Online,125,7045.15,1,77496.65,April,High Risk,3,15
6483,59,USA,26-05-2023,Deluxe,Agent,4,4187.09,1,41870.9,May,Low Risk,2,8
6490,59,India,18-05-2023,Deluxe,Agent,173,5731.73,1,68780.76,May,High Risk,3,15
6491,47,India,22-07-2023,Deluxe,Agent,154,9834.84,1,39339.36,July,High Risk,4,15
6493,52,USA,30-10-2023,Deluxe,Corporate,158,9734.88,1,136288.32,October,High Risk,4,5
6497,48,India,12-05-2023,Deluxe,Online,1,8750.81,0,96258.91,May,Low Risk,2,7
6499,19,Germany,01-06-2023,Deluxe,Agent,148,8879.06,1,106548.72,June,High Risk,4,13
6501,27,India,09-03-2023,Deluxe,Corporate,85,3628.45,0,43541.4,March,Medium Risk,3,19
6502,19,UK,06-05-2023,Deluxe,Online,12,11148.44,0,33445.32,May,Low Risk,2,19
6505,34,UAE,10-04-2023,Deluxe,Agent,123,10889.8,1,76228.6,April,High Risk,3,14
6507,33,UK,28-08-2023,Deluxe,Corporate,103,10817.43,1,140626.59,August,High Risk,2,14
6509,63,USA,26-04-2023,Deluxe,Agent,2,14604.93,0,102234.51,April,Low Risk,4,5
6511,48,UK,22-05-2023,Deluxe,Corporate,70,8432.79,0,118059.06,May,Medium Risk,4,5
6513,41,USA,03-04-2023,Deluxe,Agent,37,5634.7,1,39442.9,April,Low Risk,2,17
6514,18,Germany,09-01-2023,Deluxe,Corporate,152,9483.96,1,85355.64,January,High Risk,2,20
6517,21,UAE,27-08-2023,Deluxe,Online,9,8962.48,1,107549.76,August,Low Risk,4,15
6518,24,UK,28-12-2023,Deluxe,Online,99,6276.8,1,81598.4,December,Medium Risk,2,20
6520,64,Germany,09-03-2023,Deluxe,Corporate,177,2568.33,1,25683.3,March,High Risk,4,3
6523,48,UAE,09-08-2023,Deluxe,Agent,179,3603.43,1,21620.58,August,High Risk,2,10
6530,64,India,01-01-2023,Deluxe,Corporate,147,6059.07,1,72708.84,January,High Risk,4,14
6534,19,UK,13-09-2023,Deluxe,Online,145,13572.98,1,40718.94,September,High Risk,3,16
6538,61,UK,21-05-2023,Deluxe,Online,51,7480.87,0,52366.09,May,Medium Risk,2,20
6539,36,India,27-01-2023,Deluxe,Corporate,42,5518.26,0,22073.04,January,Low Risk,2,3
6541,28,Germany,28-07-2023,Deluxe,Agent,121,7120.2,1,92562.6,July,High Risk,3,14
6542,57,India,19-02-2023,Deluxe,Corporate,172,3767.86,1,11303.58,February,High Risk,2,16
6544,60,Germany,31-08-2023,Deluxe,Corporate,131,13240.67,1,158888.04,August,High Risk,4,6
6546,62,Germany,20-05-2023,Deluxe,Corporate,165,4734.64,1,66284.96,May,High Risk,2,19
6548,29,India,26-03-2023,Deluxe,Corporate,76,4229.06,0,29603.42,March,Medium Risk,2,20
6550,59,UAE,03-10-2023,Deluxe,Agent,82,12464.74,0,162041.62,October,Medium Risk,3,4
6551,44,UAE,31-01-2023,Deluxe,Corporate,148,9559.97,1,9559.97,January,High Risk,4,8
6554,66,UAE,22-07-2023,Deluxe,Corporate,13,3476.25,1,34762.5,July,Low Risk,3,16
6555,33,USA,02-02-2023,Deluxe,Agent,69,5219.54,1,62634.48,February,Medium Risk,4,5
6559,55,UAE,06-02-2023,Deluxe,Online,1,13219.16,1,105753.28,February,Low Risk,3,12
6560,45,India,27-05-2023,Deluxe,Corporate,5,5211.59,0,46904.31,May,Low Risk,3,5
6562,49,UAE,03-02-2023,Deluxe,Agent,21,7663.43,0,15326.86,February,Low Risk,4,20
6563,27,USA,25-08-2023,Deluxe,Online,131,14670.42,1,44011.26,August,High Risk,4,10
6564,59,India,31-07-2023,Deluxe,Agent,112,3981.9,1,23891.4,July,High Risk,4,6
6568,58,UK,06-04-2023,Deluxe,Online,89,12793.73,1,127937.3,April,Medium Risk,3,1
6574,39,India,11-08-2023,Deluxe,Corporate,161,13425.98,1,187963.72,August,High Risk,3,8
6583,43,UAE,11-06-2023,Deluxe,Agent,59,12867.66,1,38602.98,June,Medium Risk,2,13
6584,42,India,11-03-2023,Deluxe,Online,144,10976.1,1,43904.4,March,High Risk,4,9
6586,29,UAE,28-06-2023,Deluxe,Corporate,100,3829.47,0,7658.94,June,Medium Risk,3,20
6589,29,UAE,16-01-2023,Deluxe,Corporate,169,2755.94,1,11023.76,January,High Risk,3,14
6593,49,UK,20-09-2023,Deluxe,Agent,128,12981.89,1,90873.23,September,High Risk,3,18
6596,37,UAE,08-07-2023,Deluxe,Corporate,144,5432.22,1,5432.22,July,High Risk,4,7
6598,19,USA,12-03-2023,Deluxe,Online,127,4279.94,1,59919.16,March,High Risk,2,5
6599,18,Germany,23-10-2023,Deluxe,Agent,90,7033.46,0,21100.38,October,Medium Risk,4,5
6600,68,Germany,29-03-2023,Deluxe,Online,78,6815.95,0,74975.45,March,Medium Risk,3,6
6603,44,Germany,01-07-2023,Deluxe,Agent,132,7815.94,1,7815.94,July,High Risk,4,15
6605,48,USA,22-01-2023,Deluxe,Corporate,115,7291.85,1,58334.8,January,High Risk,4,12
6611,54,USA,09-05-2023,Deluxe,Online,31,8358.85,1,117023.9,May,Low Risk,4,7
6614,56,India,05-04-2023,Deluxe,Online,123,4493.47,1,58415.11,April,High Risk,4,2
6615,41,UK,28-01-2023,Deluxe,Agent,80,12012.46,0,48049.84,January,Medium Risk,2,8
6618,63,UAE,19-08-2023,Deluxe,Agent,123,5508.53,1,38559.71,August,High Risk,2,14
6627,23,UK,12-06-2023,Deluxe,Online,15,5692.42,1,68309.04,June,Low Risk,4,19
6629,62,UAE,10-07-2023,Deluxe,Agent,112,8385,1,25155,July,High Risk,4,13
6630,53,UAE,12-05-2023,Deluxe,Online,29,10117.31,0,80938.48,May,Low Risk,4,6
6631,39,UK,11-02-2023,Deluxe,Agent,19,14362.48,1,14362.48,February,Low Risk,4,16
6634,53,Germany,07-09-2023,Deluxe,Corporate,179,8899.5,1,17799,September,High Risk,3,13
6637,50,UAE,26-08-2023,Deluxe,Corporate,128,3221.31,1,9663.93,August,High Risk,2,7
6641,35,India,31-03-2023,Deluxe,Corporate,119,6903.56,1,69035.6,March,High Risk,2,13
6644,40,UK,20-09-2023,Deluxe,Corporate,78,14714.86,0,73574.3,September,Medium Risk,3,18
6645,49,India,16-05-2023,Deluxe,Agent,44,13159.3,0,118433.7,May,Low Risk,2,7
6650,38,Germany,12-12-2023,Deluxe,Online,169,4886.5,1,19546,December,High Risk,2,6
6654,56,USA,09-01-2023,Deluxe,Corporate,23,2943.31,0,20603.17,January,Low Risk,4,17
6657,23,USA,20-09-2023,Deluxe,Agent,146,14344.58,1,71722.9,September,High Risk,3,10
6659,33,USA,19-08-2023,Deluxe,Corporate,69,11888.45,0,154549.85,August,Medium Risk,3,7
6662,40,USA,08-03-2023,Deluxe,Online,148,13675.52,1,177781.76,March,High Risk,2,18
6663,31,USA,24-10-2023,Deluxe,Agent,42,9126.64,0,118646.32,October,Low Risk,3,3
6665,63,India,14-06-2023,Deluxe,Online,149,9701.79,1,116421.48,June,High Risk,2,8
6668,61,India,16-01-2023,Deluxe,Corporate,32,8934.75,0,107217,January,Low Risk,3,3
6670,58,UK,02-11-2023,Deluxe,Corporate,175,5934.56,1,11869.12,November,High Risk,4,19
6674,22,India,27-05-2023,Deluxe,Agent,98,13742.08,1,54968.32,May,Medium Risk,2,11
6679,57,USA,03-09-2023,Deluxe,Online,136,4942.2,1,4942.2,September,High Risk,3,14
6681,32,UAE,06-11-2023,Deluxe,Online,52,11883.17,0,71299.02,November,Medium Risk,2,8
6684,48,India,07-02-2023,Deluxe,Agent,112,6730.71,1,60576.39,February,High Risk,2,11
6685,52,UK,11-10-2023,Deluxe,Online,47,5921.71,1,11843.42,October,Low Risk,3,15
6687,45,USA,31-08-2023,Deluxe,Agent,78,10355.08,0,51775.4,August,Medium Risk,4,1
6693,30,India,03-09-2023,Deluxe,Agent,144,12075.95,1,96607.6,September,High Risk,2,14
6694,37,UAE,28-03-2023,Deluxe,Online,43,13460.39,1,188445.46,March,Low Risk,4,14
6701,48,UK,14-12-2023,Deluxe,Agent,91,11528.75,1,34586.25,December,Medium Risk,2,15
6705,22,USA,31-03-2023,Deluxe,Online,27,11395.05,0,91160.4,March,Low Risk,3,17
6706,44,UAE,19-02-2023,Deluxe,Agent,148,9184.03,1,119392.39,February,High Risk,2,11
6708,25,UAE,20-03-2023,Deluxe,Agent,27,14846.69,0,148466.9,March,Low Risk,4,10
6709,18,USA,06-02-2023,Deluxe,Agent,85,2136.99,1,10684.95,February,Medium Risk,4,15
6711,61,Germany,29-03-2023,Deluxe,Corporate,18,11800.67,0,165209.38,March,Low Risk,2,13
6716,64,UAE,11-09-2023,Deluxe,Online,45,9128.66,0,109543.92,September,Low Risk,3,20
6719,46,Germany,06-02-2023,Deluxe,Online,172,14857.72,1,59430.88,February,High Risk,3,14
6720,43,Germany,28-10-2023,Deluxe,Corporate,8,13779.58,1,179134.54,October,Low Risk,2,16
6722,52,Germany,12-02-2023,Deluxe,Online,20,13165.79,0,39497.37,February,Low Risk,3,10
6726,18,USA,16-09-2023,Deluxe,Corporate,39,8121.21,0,8121.21,September,Low Risk,2,10
6731,46,UK,18-10-2023,Deluxe,Online,20,3458.29,0,31124.61,October,Low Risk,2,1
6732,37,UK,06-04-2023,Deluxe,Corporate,7,14888.37,0,14888.37,April,Low Risk,2,4
6735,46,Germany,16-05-2023,Deluxe,Online,128,13082.2,1,183150.8,May,High Risk,2,7
6736,65,UAE,05-09-2023,Deluxe,Agent,13,11581.88,0,127400.68,September,Low Risk,4,18
6737,68,UK,02-04-2023,Deluxe,Corporate,75,3905.64,0,46867.68,April,Medium Risk,2,4
6741,22,UK,04-05-2023,Deluxe,Online,163,10156.09,1,71092.63,May,High Risk,4,13
6743,61,UK,18-06-2023,Deluxe,Corporate,143,14957.82,1,74789.1,June,High Risk,2,10
6744,29,UAE,31-12-2023,Deluxe,Agent,10,5724.99,0,62974.89,December,Low Risk,3,7
6746,62,Germany,17-10-2023,Deluxe,Agent,97,7032.32,1,35161.6,October,Medium Risk,2,12
6747,37,India,28-03-2023,Deluxe,Agent,152,3278.16,1,39337.92,March,High Risk,3,11
6752,36,UAE,19-07-2023,Deluxe,Agent,88,12661.88,1,88633.16,July,Medium Risk,3,19
6757,30,India,14-08-2023,Deluxe,Agent,115,9885.07,1,108735.77,August,High Risk,4,9
6758,30,UAE,25-06-2023,Deluxe,Online,165,6906.98,1,55255.84,June,High Risk,2,1
6759,39,UAE,29-01-2023,Deluxe,Online,1,11377.09,1,34131.27,January,Low Risk,2,20
6762,64,UK,21-10-2023,Deluxe,Agent,6,8679.07,0,86790.7,October,Low Risk,3,11
6768,69,UAE,30-11-2023,Deluxe,Online,33,10602.18,1,42408.72,November,Low Risk,3,9
6771,43,India,16-04-2023,Deluxe,Online,145,8844.73,1,70757.84,April,High Risk,2,16
6779,26,USA,19-04-2023,Deluxe,Online,161,9803.27,1,107835.97,April,High Risk,2,3
6781,36,India,23-11-2023,Deluxe,Agent,71,12037.6,0,12037.6,November,Medium Risk,2,1
6785,29,USA,07-07-2023,Deluxe,Agent,145,8896.25,1,80066.25,July,High Risk,3,11
6790,43,Germany,01-06-2023,Deluxe,Corporate,157,6862.32,1,20586.96,June,High Risk,2,12
6795,51,India,19-05-2023,Deluxe,Corporate,132,13199.54,1,171594.02,May,High Risk,4,6
6801,55,USA,16-10-2023,Deluxe,Agent,178,4207.57,1,4207.57,October,High Risk,2,7
6802,66,India,25-07-2023,Deluxe,Agent,120,11695.17,1,11695.17,July,High Risk,4,14
6805,18,USA,09-06-2023,Deluxe,Corporate,101,13823.14,1,96761.98,June,High Risk,3,7
6806,52,UK,09-09-2023,Deluxe,Online,31,13891.72,0,83350.32,September,Low Risk,3,12
6807,57,UAE,28-06-2023,Deluxe,Corporate,56,5914.53,1,53230.77,June,Medium Risk,2,17
6810,64,UK,03-10-2023,Deluxe,Agent,153,3090.45,1,9271.35,October,High Risk,2,17
6811,24,UK,01-08-2023,Deluxe,Agent,47,2571.6,0,12858,August,Low Risk,3,11
6815,42,India,22-07-2023,Deluxe,Agent,174,12666.82,1,126668.2,July,High Risk,4,12
6823,54,India,12-10-2023,Deluxe,Corporate,40,14018.77,0,182244.01,October,Low Risk,2,8
6824,63,UK,17-08-2023,Deluxe,Online,25,7374.81,0,88497.72,August,Low Risk,4,9
6825,41,USA,31-08-2023,Deluxe,Corporate,18,7303.34,0,65730.06,August,Low Risk,4,13
6827,30,Germany,27-10-2023,Deluxe,Agent,24,12846.55,1,25693.1,October,Low Risk,2,17
6830,21,USA,22-06-2023,Deluxe,Agent,2,4175.69,0,54283.97,June,Low Risk,2,13
6831,28,India,04-10-2023,Deluxe,Online,32,4796.46,0,28778.76,October,Low Risk,4,20
6832,49,UAE,30-11-2023,Deluxe,Online,111,5945.9,1,65404.9,November,High Risk,3,3
6836,28,India,05-01-2023,Deluxe,Online,97,4375.02,1,35000.16,January,Medium Risk,4,9
6839,40,India,11-11-2023,Deluxe,Online,163,7796.7,1,101357.1,November,High Risk,3,1
6840,62,India,23-03-2023,Deluxe,Agent,58,12206.71,0,24413.42,March,Medium Risk,4,6
6844,60,Germany,17-11-2023,Deluxe,Online,13,3415.08,0,30735.72,November,Low Risk,4,3
6850,50,Germany,11-03-2023,Deluxe,Agent,147,3491.58,1,17457.9,March,High Risk,4,9
6855,47,Germany,19-10-2023,Deluxe,Corporate,160,12773.04,1,51092.16,October,High Risk,2,2
6858,20,India,21-03-2023,Deluxe,Agent,81,2264.56,0,13587.36,March,Medium Risk,3,11
6859,33,USA,07-03-2023,Deluxe,Corporate,40,4943.34,1,34603.38,March,Low Risk,3,20
6861,47,Germany,10-07-2023,Deluxe,Corporate,130,14444.91,1,101114.37,July,High Risk,2,15
6864,62,USA,28-02-2023,Deluxe,Agent,143,10214.23,1,132784.99,February,High Risk,2,18
6866,63,USA,07-01-2023,Deluxe,Agent,22,11104.24,0,22208.48,January,Low Risk,2,2
6873,55,UK,31-08-2023,Deluxe,Online,116,8813.5,1,114575.5,August,High Risk,2,4
6874,40,India,15-10-2023,Deluxe,Corporate,81,8576.14,0,51456.84,October,Medium Risk,4,3
6876,59,India,25-04-2023,Deluxe,Agent,133,12068.94,1,144827.28,April,High Risk,3,12
6877,24,India,24-04-2023,Deluxe,Agent,107,2875.29,1,2875.29,April,High Risk,2,1
6883,27,UAE,24-04-2023,Deluxe,Corporate,18,11588.57,0,150651.41,April,Low Risk,2,2
6893,61,USA,16-01-2023,Deluxe,Online,107,6880.91,1,48166.37,January,High Risk,4,6
6899,43,USA,21-03-2023,Deluxe,Corporate,87,10149.81,1,142097.34,March,Medium Risk,4,1
6900,21,India,17-03-2023,Deluxe,Online,89,6489.42,1,51915.36,March,Medium Risk,3,11
6901,18,UK,03-10-2023,Deluxe,Online,15,12540.91,1,150490.92,October,Low Risk,3,13
6903,47,UAE,22-04-2023,Deluxe,Agent,133,6266.95,1,50135.6,April,High Risk,3,6
6909,36,UK,15-06-2023,Deluxe,Online,176,2654.54,1,18581.78,June,High Risk,2,12
6911,67,Germany,19-10-2023,Deluxe,Agent,105,12917.85,1,51671.4,October,High Risk,4,6
6912,69,USA,28-01-2023,Deluxe,Online,120,14385.92,1,86315.52,January,High Risk,2,11
6913,60,UAE,22-10-2023,Deluxe,Agent,88,10527.81,0,115805.91,October,Medium Risk,4,8
6915,49,India,26-12-2023,Deluxe,Agent,155,9862.97,1,9862.97,December,High Risk,3,4
6916,31,Germany,01-04-2023,Deluxe,Online,158,2355.72,1,21201.48,April,High Risk,2,19
6919,46,UK,15-09-2023,Deluxe,Agent,45,2470.69,0,2470.69,September,Low Risk,4,7
6920,33,India,04-12-2023,Deluxe,Corporate,107,9842.04,1,127946.52,December,High Risk,4,5
6921,52,India,31-03-2023,Deluxe,Agent,3,9648.19,0,106130.09,March,Low Risk,2,9
6925,54,India,13-11-2023,Deluxe,Corporate,137,8224.78,1,8224.78,November,High Risk,4,16
6926,34,Germany,24-12-2023,Deluxe,Agent,176,6230.28,1,12460.56,December,High Risk,3,4
6927,56,USA,08-11-2023,Deluxe,Agent,94,12534.48,1,62672.4,November,Medium Risk,3,20
6928,65,India,16-08-2023,Deluxe,Agent,105,6753.48,1,54027.84,August,High Risk,4,13
6929,63,UAE,05-12-2023,Deluxe,Online,79,12280.53,0,73683.18,December,Medium Risk,3,15
6931,65,Germany,27-09-2023,Deluxe,Agent,170,5621.52,1,22486.08,September,High Risk,2,5
6933,58,Germany,28-07-2023,Deluxe,Corporate,120,7259.53,1,21778.59,July,High Risk,4,10
6935,47,India,02-11-2023,Deluxe,Online,3,10481.06,0,62886.36,November,Low Risk,3,18
6937,39,India,23-12-2023,Deluxe,Online,90,8773.62,1,43868.1,December,Medium Risk,4,3
6942,47,Germany,28-12-2023,Deluxe,Agent,75,4544.03,1,4544.03,December,Medium Risk,3,11
6944,35,Germany,08-05-2023,Deluxe,Corporate,105,4902.61,1,24513.05,May,High Risk,3,10
6945,43,UK,21-09-2023,Deluxe,Agent,58,14256.67,0,114053.36,September,Medium Risk,4,8
6946,24,UK,09-08-2023,Deluxe,Online,39,8408.35,1,75675.15,August,Low Risk,3,10
6947,18,India,30-08-2023,Deluxe,Agent,44,4648.39,0,65077.46,August,Low Risk,3,3
6949,40,India,19-01-2023,Deluxe,Agent,14,11193.72,0,145518.36,January,Low Risk,2,14
6952,23,UK,27-02-2023,Deluxe,Corporate,24,11557.79,0,115577.9,February,Low Risk,2,11
6955,25,UK,12-04-2023,Deluxe,Online,60,10833.24,1,108332.4,April,Medium Risk,4,4
6956,41,Germany,17-02-2023,Deluxe,Agent,172,12923.19,1,155078.28,February,High Risk,4,4
6963,47,Germany,30-11-2023,Deluxe,Agent,83,14784.02,0,147840.2,November,Medium Risk,3,10
6965,50,UAE,02-07-2023,Deluxe,Online,26,4562.53,0,36500.24,July,Low Risk,4,15
6968,29,India,24-09-2023,Deluxe,Corporate,75,9531.93,0,114383.16,September,Medium Risk,4,16
6969,47,UAE,13-06-2023,Deluxe,Agent,34,11293.6,0,112936,June,Low Risk,2,13
6970,44,UAE,23-05-2023,Deluxe,Agent,175,13769.65,1,110157.2,May,High Risk,3,5
6974,29,UAE,07-09-2023,Deluxe,Corporate,12,14149.49,1,113195.92,September,Low Risk,4,14
6975,46,India,09-12-2023,Deluxe,Corporate,157,6278.94,1,6278.94,December,High Risk,3,13
6977,60,UAE,12-11-2023,Deluxe,Online,5,6072.46,0,72869.52,November,Low Risk,2,15
6978,32,UAE,28-08-2023,Deluxe,Corporate,146,8740.45,1,26221.35,August,High Risk,3,6
6985,24,UK,14-10-2023,Deluxe,Online,129,13209.34,1,66046.7,October,High Risk,3,13
6986,60,UK,14-03-2023,Deluxe,Online,38,9374.29,0,46871.45,March,Low Risk,2,18
6990,54,USA,13-08-2023,Deluxe,Agent,155,13596.69,1,81580.14,August,High Risk,3,7
6994,28,UAE,20-02-2023,Deluxe,Online,108,7753.2,1,85285.2,February,High Risk,3,19
6996,35,India,12-05-2023,Deluxe,Corporate,40,2340.22,0,21061.98,May,Low Risk,2,18
6997,21,UAE,07-10-2023,Deluxe,Corporate,139,10827.03,1,75789.21,October,High Risk,4,1
6999,51,UAE,01-11-2023,Deluxe,Agent,161,6053.78,1,66591.58,November,High Risk,3,19
7001,41,UK,23-06-2023,Deluxe,Corporate,35,4371.4,1,56828.2,June,Low Risk,2,16
7002,39,UK,19-10-2023,Deluxe,Agent,20,4923.21,1,29539.26,October,Low Risk,3,12
7005,23,UK,19-03-2023,Deluxe,Online,126,11041.46,1,121456.06,March,High Risk,3,1
7006,59,UAE,15-05-2023,Deluxe,Online,168,7997.14,1,71974.26,May,High Risk,3,19
7007,42,UK,20-05-2023,Deluxe,Agent,170,8158.5,1,24475.5,May,High Risk,3,9
7016,68,Germany,20-06-2023,Deluxe,Online,107,6657.97,1,6657.97,June,High Risk,3,10
7018,26,UK,03-12-2023,Deluxe,Corporate,169,12523.73,1,162808.49,December,High Risk,4,20
7019,62,UAE,08-12-2023,Deluxe,Agent,63,7148.2,1,71482,December,Medium Risk,2,11
7021,49,Germany,25-03-2023,Deluxe,Online,178,10356.85,1,62141.1,March,High Risk,2,12
7022,22,Germany,27-04-2023,Deluxe,Agent,100,10426.02,0,135538.26,April,Medium Risk,4,13
7030,24,Germany,27-05-2023,Deluxe,Agent,166,7366.56,1,51565.92,May,High Risk,2,5
7039,52,UAE,31-01-2023,Deluxe,Online,84,2191.7,0,26300.4,January,Medium Risk,2,2
7040,23,UK,20-06-2023,Deluxe,Agent,152,8216.18,1,90377.98,June,High Risk,4,9
7041,29,India,21-12-2023,Deluxe,Agent,37,14486.12,1,101402.84,December,Low Risk,2,10
7046,36,Germany,02-07-2023,Deluxe,Online,174,13436.16,1,40308.48,July,High Risk,3,14
7054,38,Germany,18-04-2023,Deluxe,Corporate,171,9365.97,1,131123.58,April,High Risk,2,3
7055,20,India,04-02-2023,Deluxe,Agent,22,10257.11,1,51285.55,February,Low Risk,2,9
7057,25,UAE,13-02-2023,Deluxe,Agent,80,9384.38,0,56306.28,February,Medium Risk,3,12
7059,33,USA,30-07-2023,Deluxe,Agent,138,14193.08,1,170316.96,July,High Risk,4,13
7061,20,USA,06-01-2023,Deluxe,Agent,57,14455.99,0,202383.86,January,Medium Risk,3,17
7067,32,UAE,06-11-2023,Deluxe,Corporate,114,5093.14,1,40745.12,November,High Risk,4,14
7068,24,India,02-12-2023,Deluxe,Agent,33,8190.68,0,49144.08,December,Low Risk,2,12
7069,55,UAE,15-04-2023,Deluxe,Agent,124,11657.68,1,128234.48,April,High Risk,2,3
7074,66,USA,15-03-2023,Deluxe,Agent,80,3713.29,1,33419.61,March,Medium Risk,3,10
7076,61,UAE,23-09-2023,Deluxe,Online,71,4095.15,0,20475.75,September,Medium Risk,3,9
7082,25,UAE,03-02-2023,Deluxe,Agent,167,7055.5,1,49388.5,February,High Risk,3,13
7086,29,India,23-07-2023,Deluxe,Online,29,4862.45,1,9724.9,July,Low Risk,2,1
7088,34,UAE,02-12-2023,Deluxe,Agent,171,14308.53,1,171702.36,December,High Risk,4,17
7090,63,USA,15-09-2023,Deluxe,Agent,132,3143.95,1,9431.85,September,High Risk,2,7
7091,65,USA,19-10-2023,Deluxe,Online,175,2760.45,1,2760.45,October,High Risk,4,14
7093,58,Germany,31-05-2023,Deluxe,Corporate,94,2805.45,0,19638.15,May,Medium Risk,4,3
7095,40,India,04-09-2023,Deluxe,Agent,151,3526.22,1,49367.08,September,High Risk,2,20
7100,60,Germany,17-04-2023,Deluxe,Online,4,14618.76,1,43856.28,April,Low Risk,4,2
7106,45,USA,15-05-2023,Deluxe,Online,120,2888.5,1,40439,May,High Risk,4,8
7108,45,UK,18-06-2023,Deluxe,Corporate,46,11045.85,1,55229.25,June,Low Risk,2,9
7111,49,Germany,24-08-2023,Deluxe,Corporate,176,9943.53,1,59661.18,August,High Risk,4,9
7117,45,UK,29-03-2023,Deluxe,Online,60,3321.1,0,43174.3,March,Medium Risk,4,5
7121,51,UAE,23-09-2023,Deluxe,Online,108,4532.56,1,13597.68,September,High Risk,3,7
7126,23,Germany,13-01-2023,Deluxe,Online,42,7033.04,0,70330.4,January,Low Risk,2,2
7133,30,UAE,20-01-2023,Deluxe,Agent,68,6187.3,0,30936.5,January,Medium Risk,3,3
7136,37,Germany,12-12-2023,Deluxe,Agent,35,8541.57,1,93957.27,December,Low Risk,2,12
7146,64,Germany,17-07-2023,Deluxe,Agent,34,4338.98,1,4338.98,July,Low Risk,3,4
7160,58,UAE,02-02-2023,Deluxe,Online,160,11369.5,1,22739,February,High Risk,4,2
7161,18,UAE,30-10-2023,Deluxe,Agent,60,13944.61,1,27889.22,October,Medium Risk,4,3
7163,60,UK,21-06-2023,Deluxe,Corporate,67,12022.67,1,156294.71,June,Medium Risk,3,10
7167,35,USA,16-02-2023,Deluxe,Online,100,13457.61,0,174948.93,February,Medium Risk,4,18
7168,29,Germany,15-12-2023,Deluxe,Online,89,4661.61,0,18646.44,December,Medium Risk,2,14
7169,45,UK,07-06-2023,Deluxe,Online,132,6140.59,1,6140.59,June,High Risk,2,8
7174,69,UAE,27-01-2023,Deluxe,Agent,142,9165.65,1,73325.2,January,High Risk,3,20
7176,54,USA,16-03-2023,Deluxe,Online,7,4876.92,1,19507.68,March,Low Risk,3,12
7178,52,Germany,10-01-2023,Deluxe,Online,100,14565.93,1,43697.79,January,Medium Risk,2,11
7180,52,UAE,16-10-2023,Deluxe,Online,132,14808.6,1,177703.2,October,High Risk,2,9
7184,30,UK,23-11-2023,Deluxe,Corporate,176,10092.7,1,60556.2,November,High Risk,2,13
7186,39,UAE,28-04-2023,Deluxe,Agent,171,12769.55,1,102156.4,April,High Risk,3,20
7187,33,UK,07-11-2023,Deluxe,Agent,47,11491.05,0,103419.45,November,Low Risk,2,11
7190,52,UAE,26-05-2023,Deluxe,Online,164,4883.48,1,39067.84,May,High Risk,3,18
7192,63,Germany,30-11-2023,Deluxe,Corporate,6,12426.98,0,37280.94,November,Low Risk,3,16
7195,39,India,29-05-2023,Deluxe,Agent,31,4645.56,0,13936.68,May,Low Risk,4,8
7198,57,India,13-12-2023,Deluxe,Agent,110,14129.64,1,141296.4,December,High Risk,4,10
7202,18,India,19-06-2023,Deluxe,Corporate,136,6484.95,1,32424.75,June,High Risk,3,9
7204,40,USA,16-04-2023,Deluxe,Online,172,11023.9,1,11023.9,April,High Risk,3,18
7205,68,India,20-06-2023,Deluxe,Agent,90,7345.25,0,44071.5,June,Medium Risk,4,19
7217,50,UAE,29-11-2023,Deluxe,Agent,11,2236.83,1,4473.66,November,Low Risk,3,4
7220,40,India,25-11-2023,Deluxe,Corporate,172,5677.52,1,34065.12,November,High Risk,2,1
7225,41,Germany,20-07-2023,Deluxe,Online,159,5004.09,1,50040.9,July,High Risk,4,1
7227,64,Germany,17-06-2023,Deluxe,Corporate,130,2746.97,1,19228.79,June,High Risk,2,1
7231,24,UAE,12-03-2023,Deluxe,Agent,38,11540.09,0,46160.36,March,Low Risk,2,9
7238,26,India,14-10-2023,Deluxe,Online,52,4637.22,0,27823.32,October,Medium Risk,2,12
7249,37,India,02-01-2023,Deluxe,Agent,22,4040.83,0,52530.79,January,Low Risk,4,12
7251,45,UK,05-03-2023,Deluxe,Corporate,95,11062.11,0,66372.66,March,Medium Risk,3,6
7252,34,India,18-09-2023,Deluxe,Agent,48,9913.71,0,118964.52,September,Low Risk,2,18
7253,45,UK,13-12-2023,Deluxe,Corporate,112,10110.72,1,20221.44,December,High Risk,2,4
7254,58,Germany,20-11-2023,Deluxe,Corporate,113,9419.29,1,47096.45,November,High Risk,3,17
7255,19,USA,27-08-2023,Deluxe,Corporate,44,11678.68,0,105108.12,August,Low Risk,3,13
7266,19,UK,22-09-2023,Deluxe,Corporate,173,14136.86,1,183779.18,September,High Risk,4,7
7267,57,USA,12-05-2023,Deluxe,Online,52,5537.74,0,11075.48,May,Medium Risk,2,4
7273,35,UK,19-04-2023,Deluxe,Corporate,18,6209.94,1,18629.82,April,Low Risk,2,16
7274,66,UAE,26-08-2023,Deluxe,Corporate,29,4852.65,0,9705.3,August,Low Risk,4,1
7275,69,UAE,20-10-2023,Deluxe,Corporate,77,10113.09,0,40452.36,October,Medium Risk,3,12
7278,52,USA,06-07-2023,Deluxe,Corporate,63,8441.46,0,101297.52,July,Medium Risk,4,6
7279,18,Germany,05-02-2023,Deluxe,Agent,31,3436.17,1,17180.85,February,Low Risk,3,2
7281,42,UK,13-09-2023,Deluxe,Agent,35,8956.08,1,116429.04,September,Low Risk,4,3
7284,60,UAE,24-08-2023,Deluxe,Online,101,2017.41,1,26226.33,August,High Risk,4,11
7288,51,USA,23-12-2023,Deluxe,Online,165,12901.59,1,51606.36,December,High Risk,3,11
7291,40,UK,31-12-2023,Deluxe,Online,90,9448.99,1,103938.89,December,Medium Risk,4,4
7293,42,UAE,15-06-2023,Deluxe,Corporate,179,3719.42,1,29755.36,June,High Risk,4,5
7294,33,India,08-12-2023,Deluxe,Agent,128,13330.54,1,119974.86,December,High Risk,2,19
7295,68,UK,19-03-2023,Deluxe,Agent,13,6181.2,0,24724.8,March,Low Risk,3,1
7299,36,USA,17-11-2023,Deluxe,Online,128,6597.99,1,6597.99,November,High Risk,4,20
7300,50,UK,05-03-2023,Deluxe,Corporate,173,8858.46,1,97443.06,March,High Risk,2,18
7302,33,Germany,11-02-2023,Deluxe,Corporate,163,2552.05,1,22968.45,February,High Risk,3,13
7306,51,India,14-03-2023,Deluxe,Corporate,104,3877.67,1,42654.37,March,High Risk,2,18
7311,23,UK,04-08-2023,Deluxe,Online,43,9191.71,1,36766.84,August,Low Risk,4,13
7315,60,India,31-01-2023,Deluxe,Corporate,77,12327.92,0,135607.12,January,Medium Risk,4,20
7317,48,Germany,07-05-2023,Deluxe,Online,56,10876.37,0,43505.48,May,Medium Risk,3,4
7319,27,UK,13-07-2023,Deluxe,Corporate,123,8411.45,1,84114.5,July,High Risk,3,20
7320,47,India,20-05-2023,Deluxe,Agent,161,4660.07,1,4660.07,May,High Risk,4,20
7324,69,USA,13-11-2023,Deluxe,Online,135,10396.95,1,41587.8,November,High Risk,2,9
7327,32,USA,10-04-2023,Deluxe,Online,61,10409,0,52045,April,Medium Risk,3,11
7328,21,India,18-02-2023,Deluxe,Online,120,4858.93,1,43730.37,February,High Risk,2,3
7332,26,UK,25-05-2023,Deluxe,Online,111,5076.1,1,20304.4,May,High Risk,2,13
7334,21,UAE,10-01-2023,Deluxe,Online,105,4131.87,1,28923.09,January,High Risk,4,15
7336,33,India,02-08-2023,Deluxe,Online,50,9999.1,1,139987.4,August,Low Risk,3,18
7337,32,Germany,04-01-2023,Deluxe,Online,28,3028.01,0,21196.07,January,Low Risk,2,7
7338,52,Germany,12-08-2023,Deluxe,Agent,136,4072.65,1,32581.2,August,High Risk,3,15
7342,37,India,18-03-2023,Deluxe,Corporate,99,9151.27,0,64058.89,March,Medium Risk,4,9
7347,46,USA,08-12-2023,Deluxe,Corporate,63,9968.55,0,99685.5,December,Medium Risk,4,5
7350,59,Germany,29-05-2023,Deluxe,Online,119,13079.03,1,91553.21,May,High Risk,3,5
7352,27,UK,12-01-2023,Deluxe,Agent,95,8207.26,0,114901.64,January,Medium Risk,2,13
7353,48,USA,23-03-2023,Deluxe,Agent,141,3408.24,1,20449.44,March,High Risk,4,10
7356,20,USA,22-02-2023,Deluxe,Online,16,6250.54,0,37503.24,February,Low Risk,2,18
7362,52,USA,10-12-2023,Deluxe,Online,71,4190.4,0,58665.6,December,Medium Risk,2,8
7363,54,UK,18-06-2023,Deluxe,Online,168,10621.77,1,74352.39,June,High Risk,3,10
7364,59,UAE,10-06-2023,Deluxe,Corporate,84,11479.23,1,103313.07,June,Medium Risk,2,7
7366,53,UAE,10-07-2023,Deluxe,Online,164,11282.68,1,112826.8,July,High Risk,4,11
7377,57,USA,21-03-2023,Deluxe,Online,72,6416.89,1,25667.56,March,Medium Risk,4,16
7384,68,India,08-11-2023,Deluxe,Online,47,3548.63,1,17743.15,November,Low Risk,4,15
7385,22,UK,24-06-2023,Deluxe,Agent,65,9863.59,0,78908.72,June,Medium Risk,3,19
7391,61,UK,22-09-2023,Deluxe,Online,10,10451.52,0,114966.72,September,Low Risk,3,20
7393,62,USA,29-04-2023,Deluxe,Agent,48,11626.17,1,162766.38,April,Low Risk,2,7
7396,30,USA,28-03-2023,Deluxe,Corporate,176,2254.06,1,29302.78,March,High Risk,4,13
7398,45,India,17-05-2023,Deluxe,Agent,79,14485.38,0,173824.56,May,Medium Risk,2,16
7403,35,USA,23-11-2023,Deluxe,Online,54,13333.37,1,26666.74,November,Medium Risk,3,3
7404,28,Germany,09-02-2023,Deluxe,Online,40,10795.56,1,64773.36,February,Low Risk,4,7
7405,37,India,07-09-2023,Deluxe,Corporate,5,11245.08,0,146186.04,September,Low Risk,3,13
7415,32,Germany,31-08-2023,Deluxe,Corporate,155,7599.03,1,68391.27,August,High Risk,4,2
7416,42,Germany,22-06-2023,Deluxe,Online,132,13470.57,1,80823.42,June,High Risk,2,9
7418,52,UK,28-03-2023,Deluxe,Agent,62,14550.09,0,101850.63,March,Medium Risk,2,6
7420,66,India,13-07-2023,Deluxe,Agent,83,7358.29,0,51508.03,July,Medium Risk,2,12
7422,55,India,12-02-2023,Deluxe,Corporate,133,4987.33,1,19949.32,February,High Risk,2,18
7423,53,India,22-12-2023,Deluxe,Online,156,14544.42,1,130899.78,December,High Risk,3,1
7424,24,India,08-06-2023,Deluxe,Online,108,2564.58,1,7693.74,June,High Risk,4,6
7430,64,USA,18-12-2023,Deluxe,Corporate,32,14854.71,0,89128.26,December,Low Risk,3,4
7439,59,UAE,16-07-2023,Deluxe,Agent,172,6774.7,1,60972.3,July,High Risk,2,5
7441,62,Germany,14-12-2023,Deluxe,Agent,74,7140.91,0,85690.92,December,Medium Risk,3,14
7443,24,India,21-09-2023,Deluxe,Corporate,20,7589,1,83479,September,Low Risk,2,16
7445,27,India,15-11-2023,Deluxe,Corporate,152,13376.44,1,147140.84,November,High Risk,4,15
7447,53,UK,25-01-2023,Deluxe,Online,128,6894.99,1,13789.98,January,High Risk,2,20
7448,42,Germany,05-07-2023,Deluxe,Online,41,14290.73,0,114325.84,July,Low Risk,4,2
7450,41,UK,04-05-2023,Deluxe,Corporate,102,9468.1,1,66276.7,May,High Risk,4,17
7455,42,UK,06-08-2023,Deluxe,Agent,114,4217.17,1,29520.19,August,High Risk,2,18
7457,63,USA,22-12-2023,Deluxe,Online,63,5934.61,0,5934.61,December,Medium Risk,2,6
7460,43,UK,07-09-2023,Deluxe,Online,79,12431.15,1,174036.1,September,Medium Risk,4,6
7467,31,Germany,29-10-2023,Deluxe,Online,8,10271.7,0,123260.4,October,Low Risk,2,7
7469,43,USA,08-11-2023,Deluxe,Agent,145,12398.34,1,99186.72,November,High Risk,4,7
7470,65,India,10-07-2023,Deluxe,Agent,172,6868.98,1,89296.74,July,High Risk,4,12
7471,38,India,20-09-2023,Deluxe,Agent,109,14120.76,1,14120.76,September,High Risk,2,9
7474,25,UAE,01-07-2023,Deluxe,Agent,65,11698.06,1,128678.66,July,Medium Risk,4,20
7475,68,Germany,08-06-2023,Deluxe,Online,138,14693.19,1,88159.14,June,High Risk,4,15
7480,24,India,20-09-2023,Deluxe,Corporate,39,10774.69,0,96972.21,September,Low Risk,3,17
7484,46,UAE,17-01-2023,Deluxe,Online,125,12358.23,1,135940.53,January,High Risk,4,9
7486,21,India,17-09-2023,Deluxe,Corporate,108,11898,1,154674,September,High Risk,3,18
7487,52,Germany,21-12-2023,Deluxe,Online,109,7352.24,1,95579.12,December,High Risk,2,19
7488,20,India,02-08-2023,Deluxe,Online,161,14927.74,1,104494.18,August,High Risk,4,7
7489,62,USA,27-08-2023,Deluxe,Agent,15,5896.57,0,82551.98,August,Low Risk,4,7
7495,33,UK,20-08-2023,Deluxe,Agent,42,10020.86,0,110229.46,August,Low Risk,4,17
7497,24,India,04-10-2023,Deluxe,Agent,47,10846.73,0,43386.92,October,Low Risk,2,6
7499,40,Germany,30-10-2023,Deluxe,Corporate,141,2200.46,1,28605.98,October,High Risk,4,11
7501,28,USA,18-02-2023,Deluxe,Agent,54,14915.64,0,134240.76,February,Medium Risk,3,10
7503,50,India,10-10-2023,Deluxe,Corporate,107,13008.42,1,39025.26,October,High Risk,3,2
7507,58,India,18-01-2023,Deluxe,Corporate,20,12902.1,1,12902.1,January,Low Risk,3,16
7509,52,India,08-05-2023,Deluxe,Corporate,147,2997.06,1,35964.72,May,High Risk,2,6
7513,49,India,17-05-2023,Deluxe,Corporate,24,4500.31,0,49503.41,May,Low Risk,2,20
7515,69,UAE,22-10-2023,Deluxe,Online,142,4232.07,1,59248.98,October,High Risk,2,12
7517,52,India,17-08-2023,Deluxe,Agent,96,8302.05,1,41510.25,August,Medium Risk,4,9
7518,69,UK,29-06-2023,Deluxe,Online,31,4155.79,1,29090.53,June,Low Risk,4,17
7522,48,Germany,16-05-2023,Deluxe,Online,24,10839.38,0,151751.32,May,Low Risk,4,7
7523,34,UK,06-08-2023,Deluxe,Corporate,48,8536.52,1,42682.6,August,Low Risk,4,11
7525,69,UAE,29-04-2023,Deluxe,Agent,119,12347.54,1,148170.48,April,High Risk,3,3
7526,40,Germany,18-01-2023,Deluxe,Online,135,12745.9,1,127459,January,High Risk,2,16
7534,44,UAE,12-05-2023,Deluxe,Corporate,79,3804.36,1,7608.72,May,Medium Risk,4,18
7535,32,Germany,02-03-2023,Deluxe,Agent,147,9139.54,1,118814.02,March,High Risk,3,19
7539,32,India,04-02-2023,Deluxe,Agent,157,12087.97,1,12087.97,February,High Risk,2,6
7542,30,India,16-08-2023,Deluxe,Corporate,112,11222.37,1,123446.07,August,High Risk,4,10
7544,51,Germany,18-11-2023,Deluxe,Corporate,91,11718.26,1,128900.86,November,Medium Risk,4,12
7546,57,UAE,26-06-2023,Deluxe,Corporate,111,6019.14,1,42133.98,June,High Risk,3,2
7554,51,UAE,25-02-2023,Deluxe,Corporate,173,10383.22,1,31149.66,February,High Risk,2,7
7557,31,UAE,26-05-2023,Deluxe,Online,97,11424.76,0,45699.04,May,Medium Risk,4,5
7560,35,USA,19-02-2023,Deluxe,Agent,66,5434.33,0,43474.64,February,Medium Risk,3,9
7571,54,India,15-04-2023,Deluxe,Agent,128,4786.43,1,19145.72,April,High Risk,4,7
7572,31,UK,20-05-2023,Deluxe,Online,10,12718.36,0,139901.96,May,Low Risk,2,9
7575,46,UK,24-01-2023,Deluxe,Corporate,176,6673.52,1,46714.64,January,High Risk,3,11
7576,37,UAE,15-02-2023,Deluxe,Online,90,2579.22,1,10316.88,February,Medium Risk,4,5
7580,54,UAE,08-06-2023,Deluxe,Online,101,8298.1,1,99577.2,June,High Risk,2,1
7586,33,USA,15-01-2023,Deluxe,Corporate,7,4195.27,1,50343.24,January,Low Risk,3,3
7588,21,Germany,17-03-2023,Deluxe,Corporate,161,4333.59,1,56336.67,March,High Risk,4,10
7589,38,Germany,24-11-2023,Deluxe,Online,176,11000.36,1,154005.04,November,High Risk,4,11
7592,47,UK,07-08-2023,Deluxe,Agent,28,4067.71,0,24406.26,August,Low Risk,4,5
7594,34,India,27-12-2023,Deluxe,Agent,20,3159.85,0,18959.1,December,Low Risk,2,3
7596,42,USA,21-08-2023,Deluxe,Agent,71,8993.35,0,107920.2,August,Medium Risk,2,13
7597,22,UK,20-04-2023,Deluxe,Online,170,9891.4,1,79131.2,April,High Risk,2,15
7600,33,Germany,07-01-2023,Deluxe,Agent,86,3464.48,0,45038.24,January,Medium Risk,2,12
7601,68,UK,19-05-2023,Deluxe,Corporate,83,7483.04,1,22449.12,May,Medium Risk,4,14
7612,39,USA,20-11-2023,Deluxe,Agent,117,8052.35,1,8052.35,November,High Risk,2,10
7615,51,UK,06-07-2023,Deluxe,Corporate,63,3174.37,0,31743.7,July,Medium Risk,4,5
7617,55,USA,03-07-2023,Deluxe,Online,7,9147.16,1,18294.32,July,Low Risk,2,12
7618,63,Germany,03-11-2023,Deluxe,Online,144,6488.54,1,25954.16,November,High Risk,2,11
7619,50,USA,19-09-2023,Deluxe,Agent,4,5652.11,0,73477.43,September,Low Risk,4,18
7621,24,Germany,10-12-2023,Deluxe,Agent,20,5500.51,1,27502.55,December,Low Risk,4,7
7625,41,USA,10-11-2023,Deluxe,Online,43,10655.54,1,149177.56,November,Low Risk,3,3
7629,44,UAE,18-06-2023,Deluxe,Agent,148,7590.77,1,83498.47,June,High Risk,3,4
7630,60,USA,28-05-2023,Deluxe,Online,104,6197.48,1,30987.4,May,High Risk,3,4
7631,49,UAE,19-07-2023,Deluxe,Online,125,8276.07,1,24828.21,July,High Risk,4,5
7633,45,UK,11-03-2023,Deluxe,Agent,56,10311.82,0,113430.02,March,Medium Risk,4,14
7635,58,India,23-02-2023,Deluxe,Agent,129,10206.57,1,91859.13,February,High Risk,3,9
7636,53,USA,16-09-2023,Deluxe,Online,93,14746.43,1,162210.73,September,Medium Risk,4,7
7637,23,UK,17-12-2023,Deluxe,Agent,64,12536.05,0,162968.65,December,Medium Risk,3,19
7640,40,Germany,30-04-2023,Deluxe,Corporate,4,4981.69,0,34871.83,April,Low Risk,3,5
7641,67,UK,13-05-2023,Deluxe,Agent,65,8745.54,0,87455.4,May,Medium Risk,3,7
7654,32,UK,17-04-2023,Deluxe,Agent,121,7963.24,1,71669.16,April,High Risk,4,15
7656,40,UK,11-08-2023,Deluxe,Agent,55,11762.82,0,82339.74,August,Medium Risk,4,12
7660,21,UAE,01-04-2023,Deluxe,Agent,150,3884.01,1,42724.11,April,High Risk,3,1
7680,26,Germany,06-11-2023,Deluxe,Online,65,11822.22,0,141866.64,November,Medium Risk,3,6
7681,64,Germany,06-10-2023,Deluxe,Agent,168,3179.21,1,41329.73,October,High Risk,2,4
7682,29,UK,01-06-2023,Deluxe,Corporate,154,8762.33,1,122672.62,June,High Risk,2,7
7687,37,USA,17-02-2023,Deluxe,Agent,140,3146.55,1,44051.7,February,High Risk,2,5
7688,41,UAE,22-04-2023,Deluxe,Corporate,79,3604.76,1,50466.64,April,Medium Risk,3,15
7689,44,UK,23-07-2023,Deluxe,Online,89,7502.06,1,75020.6,July,Medium Risk,2,19
7694,66,India,15-06-2023,Deluxe,Agent,35,9286.04,0,102146.44,June,Low Risk,3,4
7704,28,India,22-11-2023,Deluxe,Agent,58,8541.52,0,102498.24,November,Medium Risk,2,7
7709,59,India,07-02-2023,Deluxe,Online,170,6944.99,1,34724.95,February,High Risk,4,5
7711,18,UAE,23-10-2023,Deluxe,Corporate,6,12994.17,0,12994.17,October,Low Risk,4,7
7712,48,India,17-05-2023,Deluxe,Online,58,9768.63,1,48843.15,May,Medium Risk,4,10
7714,65,UAE,03-09-2023,Deluxe,Agent,115,9258.19,1,120356.47,September,High Risk,4,17
7715,35,India,17-07-2023,Deluxe,Online,50,7616.33,1,22848.99,July,Low Risk,2,9
7718,31,Germany,21-02-2023,Deluxe,Corporate,53,11983.59,1,59917.95,February,Medium Risk,2,13
7720,42,UK,01-01-2023,Deluxe,Corporate,33,9850.89,1,98508.9,January,Low Risk,4,9
7723,39,USA,25-05-2023,Deluxe,Agent,54,9011.43,0,99125.73,May,Medium Risk,3,13
7725,36,UAE,12-04-2023,Deluxe,Agent,78,10737.84,1,75164.88,April,Medium Risk,2,4
7728,52,UK,08-06-2023,Deluxe,Online,60,3521.48,0,14085.92,June,Medium Risk,4,18
7731,69,UK,05-02-2023,Deluxe,Corporate,124,4936.76,1,19747.04,February,High Risk,2,18
7732,38,UK,04-09-2023,Deluxe,Agent,127,9291.98,1,27875.94,September,High Risk,4,14
7739,44,UAE,10-10-2023,Deluxe,Agent,119,10101.49,1,131319.37,October,High Risk,2,4
7741,33,India,15-11-2023,Deluxe,Agent,132,13952.98,1,111623.84,November,High Risk,3,14
7745,33,India,25-02-2023,Deluxe,Corporate,62,3589.79,1,7179.58,February,Medium Risk,2,1
7747,18,USA,09-10-2023,Deluxe,Online,33,14252.35,0,171028.2,October,Low Risk,3,2
7748,53,Germany,18-07-2023,Deluxe,Online,21,9554.72,1,105101.92,July,Low Risk,4,8
7758,51,USA,16-07-2023,Deluxe,Agent,112,6465.03,1,38790.18,July,High Risk,3,5
7760,62,UAE,28-01-2023,Deluxe,Corporate,18,2628.45,0,26284.5,January,Low Risk,2,12
7763,31,UK,18-01-2023,Deluxe,Online,144,9907.83,1,99078.3,January,High Risk,4,3
7764,33,USA,10-04-2023,Deluxe,Corporate,34,11660.31,0,69961.86,April,Low Risk,3,18
7767,36,Germany,19-10-2023,Deluxe,Agent,54,5392.44,0,59316.84,October,Medium Risk,2,11
7769,27,India,07-01-2023,Deluxe,Online,72,8058.17,0,80581.7,January,Medium Risk,3,20
7772,54,USA,27-04-2023,Deluxe,Agent,77,10934.52,1,142148.76,April,Medium Risk,2,4
7774,23,USA,21-01-2023,Deluxe,Corporate,167,3443.45,1,10330.35,January,High Risk,2,18
7775,39,UAE,09-09-2023,Deluxe,Corporate,83,8581.02,0,85810.2,September,Medium Risk,2,19
7777,58,UAE,05-11-2023,Deluxe,Agent,131,2636.22,1,5272.44,November,High Risk,3,18
7778,37,Germany,25-03-2023,Deluxe,Corporate,126,14472.4,1,101306.8,March,High Risk,2,8
7786,50,USA,17-04-2023,Deluxe,Corporate,88,12762.16,0,178670.24,April,Medium Risk,4,19
7787,40,UAE,17-01-2023,Deluxe,Agent,134,8216.94,1,24650.82,January,High Risk,4,11
7788,40,USA,25-01-2023,Deluxe,Agent,162,10483.79,1,20967.58,January,High Risk,2,11
7792,32,USA,25-06-2023,Deluxe,Online,68,8859.03,0,88590.3,June,Medium Risk,4,7
7793,61,UK,18-10-2023,Deluxe,Online,154,6142.83,1,6142.83,October,High Risk,3,12
7801,22,Germany,13-01-2023,Deluxe,Agent,111,12109.96,1,84769.72,January,High Risk,3,20
7805,40,India,22-02-2023,Deluxe,Corporate,65,9440.4,0,56642.4,February,Medium Risk,2,12
7808,31,UAE,13-03-2023,Deluxe,Online,134,14150.08,1,70750.4,March,High Risk,3,20
7809,46,UAE,08-04-2023,Deluxe,Corporate,21,8215.4,0,32861.6,April,Low Risk,3,2
7818,58,India,06-04-2023,Deluxe,Agent,80,13403.03,1,120627.27,April,Medium Risk,3,20
7822,20,USA,28-11-2023,Deluxe,Online,37,13983.1,1,69915.5,November,Low Risk,4,12
7824,48,UAE,14-11-2023,Deluxe,Online,63,3351.48,1,23460.36,November,Medium Risk,3,9
7825,35,UAE,12-06-2023,Deluxe,Online,152,2677.6,1,26776,June,High Risk,2,9
7828,58,UK,26-03-2023,Deluxe,Agent,76,9035.49,1,126496.86,March,Medium Risk,4,5
7842,34,India,15-10-2023,Deluxe,Agent,168,7491.36,1,52439.52,October,High Risk,4,17
7854,44,UK,12-10-2023,Deluxe,Agent,14,4998.8,0,54986.8,October,Low Risk,4,19
7856,34,UK,18-02-2023,Deluxe,Agent,177,8738.84,1,52433.04,February,High Risk,2,20
7861,67,UK,30-11-2023,Deluxe,Agent,173,14186.68,1,56746.72,November,High Risk,4,19
7862,24,Germany,31-08-2023,Deluxe,Online,44,5382.18,0,64586.16,August,Low Risk,4,5
7867,39,Germany,24-05-2023,Deluxe,Online,139,14073.41,1,168880.92,May,High Risk,3,6
7869,50,UK,16-06-2023,Deluxe,Online,25,10487.5,0,31462.5,June,Low Risk,4,19
7870,28,Germany,14-10-2023,Deluxe,Corporate,113,14613.75,1,14613.75,October,High Risk,4,12
7873,54,USA,05-07-2023,Deluxe,Agent,64,14680.68,0,29361.36,July,Medium Risk,3,5
7874,65,UAE,12-01-2023,Deluxe,Online,44,2466.1,1,17262.7,January,Low Risk,4,7
7875,60,Germany,08-10-2023,Deluxe,Corporate,73,10188.11,1,101881.1,October,Medium Risk,4,16
7878,62,Germany,24-02-2023,Deluxe,Online,175,6202.13,1,80627.69,February,High Risk,4,14
7884,41,UAE,14-06-2023,Deluxe,Corporate,159,13803.36,1,138033.6,June,High Risk,2,14
7886,19,Germany,02-02-2023,Deluxe,Online,6,13692.62,0,164311.44,February,Low Risk,4,19
7888,41,Germany,25-05-2023,Deluxe,Online,42,10738.35,1,42953.4,May,Low Risk,2,15
7893,67,Germany,04-01-2023,Deluxe,Corporate,110,14066.94,1,28133.88,January,High Risk,4,11
7896,57,Germany,14-10-2023,Deluxe,Corporate,101,10881.9,1,152346.6,October,High Risk,4,19
7897,28,Germany,11-12-2023,Deluxe,Corporate,13,13514.2,1,27028.4,December,Low Risk,2,14
7899,38,Germany,10-04-2023,Deluxe,Agent,29,3738.64,1,11215.92,April,Low Risk,2,8
7905,34,Germany,11-08-2023,Deluxe,Corporate,74,13500.37,0,40501.11,August,Medium Risk,3,16
7914,26,Germany,13-10-2023,Deluxe,Agent,166,6792.82,1,6792.82,October,High Risk,2,18
7916,66,UK,04-03-2023,Deluxe,Online,85,2251.2,0,22512,March,Medium Risk,2,4
7917,46,UK,28-01-2023,Deluxe,Online,36,2098.99,0,20989.9,January,Low Risk,4,15
7919,21,Germany,22-02-2023,Deluxe,Agent,122,8658.9,1,8658.9,February,High Risk,2,13
7920,35,Germany,09-09-2023,Deluxe,Online,155,14423.99,1,144239.9,September,High Risk,4,15
7922,64,UK,04-11-2023,Deluxe,Corporate,9,10413.4,1,31240.2,November,Low Risk,3,4
7923,60,UK,30-11-2023,Deluxe,Online,26,12751.12,1,25502.24,November,Low Risk,2,10
7926,30,USA,04-04-2023,Deluxe,Agent,4,9068.19,1,99750.09,April,Low Risk,2,13
7927,32,Germany,04-04-2023,Deluxe,Agent,177,11154.26,1,145005.38,April,High Risk,3,8
7928,44,India,20-09-2023,Deluxe,Online,159,2047.34,1,10236.7,September,High Risk,4,11
7932,36,UK,06-02-2023,Deluxe,Online,30,11027.3,0,77191.1,February,Low Risk,2,15
7935,43,UK,08-01-2023,Deluxe,Online,127,4284.51,1,8569.02,January,High Risk,2,11
7936,42,Germany,08-09-2023,Deluxe,Online,161,2135.98,1,17087.84,September,High Risk,3,12
7938,43,UK,28-02-2023,Deluxe,Online,175,3165.66,1,41153.58,February,High Risk,3,13
7942,35,UK,16-09-2023,Deluxe,Online,171,5405.87,1,70276.31,September,High Risk,2,8
7944,20,India,18-01-2023,Deluxe,Agent,55,2813.45,0,25321.05,January,Medium Risk,4,11
7950,61,UK,01-12-2023,Deluxe,Online,35,14620.65,0,131585.85,December,Low Risk,3,12
7952,29,UK,26-08-2023,Deluxe,Agent,24,3599.85,1,35998.5,August,Low Risk,4,4
7953,66,Germany,23-06-2023,Deluxe,Corporate,176,14738.03,1,103166.21,June,High Risk,3,2
7955,60,USA,06-06-2023,Deluxe,Corporate,168,11151.88,1,133822.56,June,High Risk,3,7
7959,25,USA,10-09-2023,Deluxe,Agent,156,8220.4,1,24661.2,September,High Risk,2,16
7961,53,India,04-06-2023,Deluxe,Online,47,5827.96,0,75763.48,June,Low Risk,2,1
7963,63,India,05-12-2023,Deluxe,Online,2,6113.6,1,79476.8,December,Low Risk,4,1
7964,63,UK,06-05-2023,Deluxe,Online,84,2394.58,1,4789.16,May,Medium Risk,3,19
7969,66,USA,07-03-2023,Deluxe,Corporate,59,2885.68,0,20199.76,March,Medium Risk,3,15
7970,42,India,21-04-2023,Deluxe,Online,77,6097.4,1,6097.4,April,Medium Risk,3,17
7974,25,India,28-12-2023,Deluxe,Agent,30,12666.66,1,177333.24,December,Low Risk,4,14
7975,46,UAE,01-09-2023,Deluxe,Corporate,8,13474.85,1,53899.4,September,Low Risk,3,12
7979,33,UK,07-01-2023,Deluxe,Corporate,0,8519.45,1,51116.7,January,Low Risk,2,20
7980,37,India,29-11-2023,Deluxe,Online,82,6216.85,0,24867.4,November,Medium Risk,3,14
7989,24,UAE,17-02-2023,Deluxe,Agent,24,4455.54,1,8911.08,February,Low Risk,4,12
7991,43,USA,13-04-2023,Deluxe,Corporate,94,3936.12,1,55105.68,April,Medium Risk,4,16
7994,20,UK,06-01-2023,Deluxe,Agent,9,13242.29,0,66211.45,January,Low Risk,3,9
7998,28,India,29-09-2023,Deluxe,Agent,133,5192.65,1,57119.15,September,High Risk,2,5
7999,19,India,08-11-2023,Deluxe,Corporate,123,6750.4,1,94505.6,November,High Risk,3,2
8001,61,India,05-12-2023,Deluxe,Online,45,3431.19,1,13724.76,December,Low Risk,4,3
8002,47,Germany,27-11-2023,Deluxe,Online,103,13471.22,1,161654.64,November,High Risk,4,18
8008,30,UAE,30-03-2023,Deluxe,Corporate,100,3563.55,1,21381.3,March,Medium Risk,2,10
8019,19,USA,06-07-2023,Deluxe,Corporate,141,10780.8,1,129369.6,July,High Risk,2,17
8020,59,USA,01-10-2023,Deluxe,Corporate,153,11256.97,1,78798.79,October,High Risk,4,11
8022,40,Germany,14-01-2023,Deluxe,Agent,100,9203.14,0,18406.28,January,Medium Risk,2,7
8026,34,USA,14-04-2023,Deluxe,Corporate,93,8559.04,1,119826.56,April,Medium Risk,3,8
8029,37,USA,05-11-2023,Deluxe,Corporate,22,5914.93,0,76894.09,November,Low Risk,2,9
8031,63,India,17-11-2023,Deluxe,Agent,121,12439.64,1,62198.2,November,High Risk,4,4
8034,57,UAE,02-11-2023,Deluxe,Online,138,11411.49,1,159760.86,November,High Risk,2,20
8035,19,USA,18-07-2023,Deluxe,Corporate,40,5404.6,0,75664.4,July,Low Risk,4,19
8036,53,UK,05-02-2023,Deluxe,Agent,14,2179.74,1,10898.7,February,Low Risk,2,4
8037,31,UAE,06-10-2023,Deluxe,Corporate,90,2998.66,1,32985.26,October,Medium Risk,2,17
8040,51,Germany,02-11-2023,Deluxe,Agent,59,6934.5,0,27738,November,Medium Risk,2,15
8043,23,USA,24-03-2023,Deluxe,Agent,148,5318.15,1,26590.75,March,High Risk,4,5
8048,29,Germany,20-07-2023,Deluxe,Online,100,2359.92,0,18879.36,July,Medium Risk,3,5
8052,57,India,29-08-2023,Deluxe,Corporate,30,4381.26,0,17525.04,August,Low Risk,2,15
8053,24,Germany,24-07-2023,Deluxe,Agent,161,11363.84,1,159093.76,July,High Risk,4,16
8055,65,India,01-09-2023,Deluxe,Online,105,5470.78,1,27353.9,September,High Risk,2,19
8060,60,UAE,19-05-2023,Deluxe,Online,60,6842.83,1,20528.49,May,Medium Risk,2,11
8062,65,UAE,02-01-2023,Deluxe,Online,12,10280.02,1,61680.12,January,Low Risk,3,18
8069,40,Germany,07-08-2023,Deluxe,Online,168,3317.35,1,9952.05,August,High Risk,4,11
8070,54,India,05-01-2023,Deluxe,Agent,143,14013.79,1,196193.06,January,High Risk,3,17
8071,26,UAE,03-08-2023,Deluxe,Corporate,12,14735.69,0,14735.69,August,Low Risk,4,6
8073,20,UK,09-10-2023,Deluxe,Corporate,145,11767.6,1,94140.8,October,High Risk,4,13
8075,23,UAE,27-10-2023,Deluxe,Online,117,12827.91,1,76967.46,October,High Risk,3,3
8076,34,UK,27-02-2023,Deluxe,Corporate,97,3255.9,1,22791.3,February,Medium Risk,2,7
8082,55,USA,12-06-2023,Deluxe,Corporate,5,14572.54,0,14572.54,June,Low Risk,3,7
8089,27,UK,24-03-2023,Deluxe,Online,142,2215,1,11075,March,High Risk,4,4
8092,61,UK,30-09-2023,Deluxe,Agent,165,5411.37,1,70347.81,September,High Risk,4,2
8093,63,USA,07-08-2023,Deluxe,Corporate,135,12682.03,1,101456.24,August,High Risk,3,7
8094,51,India,13-08-2023,Deluxe,Corporate,135,6293.16,1,75517.92,August,High Risk,2,20
8095,58,USA,23-04-2023,Deluxe,Corporate,99,10176.7,0,132297.1,April,Medium Risk,2,12
8097,34,UK,04-07-2023,Deluxe,Agent,77,3317.28,1,9951.84,July,Medium Risk,4,3
8101,68,UK,24-07-2023,Deluxe,Agent,100,13433.47,1,94034.29,July,Medium Risk,3,5
8102,18,UK,18-08-2023,Deluxe,Agent,126,6264.27,1,43849.89,August,High Risk,2,5
8104,56,USA,15-11-2023,Deluxe,Agent,5,13469.58,1,94287.06,November,Low Risk,2,5
8106,59,USA,05-10-2023,Deluxe,Agent,118,12315.96,1,36947.88,October,High Risk,3,17
8110,38,Germany,26-01-2023,Deluxe,Online,163,11447.43,1,148816.59,January,High Risk,2,13
8113,35,USA,13-05-2023,Deluxe,Online,140,4456.07,1,40104.63,May,High Risk,3,17
8117,29,India,30-08-2023,Deluxe,Agent,121,11954.14,1,35862.42,August,High Risk,4,9
8120,51,UAE,27-04-2023,Deluxe,Online,97,3383.74,0,40604.88,April,Medium Risk,3,2
8122,25,India,01-11-2023,Deluxe,Agent,22,6080.62,0,72967.44,November,Low Risk,2,1
8125,29,UK,09-10-2023,Deluxe,Online,88,3722.35,1,40945.85,October,Medium Risk,4,15
8126,26,USA,28-10-2023,Deluxe,Corporate,92,3078.48,0,33863.28,October,Medium Risk,3,5
8127,19,USA,13-11-2023,Deluxe,Corporate,99,13668.84,1,95681.88,November,Medium Risk,3,13
8130,53,USA,28-07-2023,Deluxe,Corporate,100,13545.58,1,67727.9,July,Medium Risk,4,16
8131,27,USA,10-11-2023,Deluxe,Agent,98,14096.78,1,140967.8,November,Medium Risk,2,10
8134,65,USA,17-12-2023,Deluxe,Corporate,46,9976.45,1,59858.7,December,Low Risk,4,9
8138,59,UAE,30-11-2023,Deluxe,Corporate,172,9933.5,1,19867,November,High Risk,2,3
8139,29,UK,05-02-2023,Deluxe,Online,29,4796.27,0,47962.7,February,Low Risk,3,19
8142,67,UK,04-05-2023,Deluxe,Corporate,96,2889.95,1,11559.8,May,Medium Risk,2,16
8143,38,Germany,29-03-2023,Deluxe,Agent,46,6473.02,1,32365.1,March,Low Risk,4,18
8145,38,UK,21-05-2023,Deluxe,Online,78,7067.53,0,98945.42,May,Medium Risk,3,7
8149,56,India,03-12-2023,Deluxe,Corporate,132,13466.7,1,53866.8,December,High Risk,3,18
8152,40,UAE,07-08-2023,Deluxe,Corporate,149,2099.57,1,10497.85,August,High Risk,4,5
8153,24,India,07-08-2023,Deluxe,Corporate,94,10659.83,1,10659.83,August,Medium Risk,2,6
8154,26,India,08-12-2023,Deluxe,Agent,150,5899.07,1,76687.91,December,High Risk,2,8
8160,39,UAE,05-10-2023,Deluxe,Agent,167,8038.44,1,8038.44,October,High Risk,2,19
8161,61,India,11-12-2023,Deluxe,Agent,142,12793.88,1,153526.56,December,High Risk,4,18
8163,23,UAE,25-05-2023,Deluxe,Online,139,6324.25,1,44269.75,May,High Risk,3,14
8164,34,USA,23-08-2023,Deluxe,Agent,76,9947.57,0,39790.28,August,Medium Risk,4,6
8165,68,Germany,28-06-2023,Deluxe,Corporate,66,10412.07,0,31236.21,June,Medium Risk,4,15
8167,55,India,16-05-2023,Deluxe,Agent,18,13705.74,0,95940.18,May,Low Risk,2,7
8170,27,UK,19-11-2023,Deluxe,Agent,91,8815.63,0,8815.63,November,Medium Risk,4,15
8171,25,Germany,02-07-2023,Deluxe,Online,17,12415.88,1,136574.68,July,Low Risk,4,10
8174,38,Germany,27-12-2023,Deluxe,Corporate,87,8579.34,0,68634.72,December,Medium Risk,2,19
8182,29,USA,16-11-2023,Deluxe,Agent,137,10820.35,1,64922.1,November,High Risk,2,5
8184,59,India,29-07-2023,Deluxe,Agent,19,2438.09,0,7314.27,July,Low Risk,2,16
8187,63,Germany,05-12-2023,Deluxe,Online,98,14228.94,1,113831.52,December,Medium Risk,3,13
8190,49,USA,21-08-2023,Deluxe,Agent,157,14097.49,1,155072.39,August,High Risk,4,19
8191,59,USA,18-06-2023,Deluxe,Corporate,57,9073.9,1,36295.6,June,Medium Risk,4,3
8192,43,USA,08-09-2023,Deluxe,Agent,69,5609.64,1,11219.28,September,Medium Risk,3,5
8196,51,Germany,01-06-2023,Deluxe,Online,166,12182.99,1,158378.87,June,High Risk,4,1
8198,57,UAE,24-10-2023,Deluxe,Online,58,3791.66,0,22749.96,October,Medium Risk,3,9
8202,24,India,18-12-2023,Deluxe,Corporate,81,10149.49,0,40597.96,December,Medium Risk,3,20
8203,57,UK,03-03-2023,Deluxe,Online,136,12621.41,1,50485.64,March,High Risk,2,17
8204,50,UK,16-01-2023,Deluxe,Online,45,8153.76,0,8153.76,January,Low Risk,2,1
8206,19,USA,30-05-2023,Deluxe,Agent,70,4347.24,0,43472.4,May,Medium Risk,3,1
8213,52,India,08-12-2023,Deluxe,Corporate,39,6153.74,0,43076.18,December,Low Risk,4,3
8216,35,India,27-12-2023,Deluxe,Corporate,166,3346.64,1,33466.4,December,High Risk,3,18
8217,63,Germany,05-10-2023,Deluxe,Online,169,12786.42,1,12786.42,October,High Risk,2,8
8223,40,India,07-01-2023,Deluxe,Agent,169,10510.56,1,63063.36,January,High Risk,4,4
8227,19,Germany,17-03-2023,Deluxe,Agent,56,13964.95,0,69824.75,March,Medium Risk,3,13
8228,43,USA,07-09-2023,Deluxe,Online,66,11661.63,0,58308.15,September,Medium Risk,4,12
8229,53,UK,13-12-2023,Deluxe,Online,29,14140.52,0,70702.6,December,Low Risk,4,6
8230,50,Germany,28-07-2023,Deluxe,Agent,120,3816.89,1,26718.23,July,High Risk,2,14
8232,30,UK,11-08-2023,Deluxe,Corporate,53,4496.53,1,44965.3,August,Medium Risk,2,14
8233,57,Germany,10-09-2023,Deluxe,Corporate,31,4801.4,0,52815.4,September,Low Risk,4,3
8238,35,Germany,13-03-2023,Deluxe,Corporate,13,7908.3,0,63266.4,March,Low Risk,2,19
8246,41,USA,28-08-2023,Deluxe,Agent,34,5964.11,0,65605.21,August,Low Risk,2,4
8247,51,India,06-02-2023,Deluxe,Online,67,3472.84,0,34728.4,February,Medium Risk,4,14
8248,25,UAE,20-08-2023,Deluxe,Online,153,9592.52,1,95925.2,August,High Risk,4,7
8252,43,USA,08-07-2023,Deluxe,Agent,33,3989.9,0,55858.6,July,Low Risk,4,12
8258,43,Germany,08-11-2023,Deluxe,Corporate,121,7934.95,1,71414.55,November,High Risk,4,14
8261,19,UAE,04-04-2023,Deluxe,Agent,127,4918.69,1,59024.28,April,High Risk,3,1
8264,45,UAE,12-10-2023,Deluxe,Agent,45,2117.04,1,12702.24,October,Low Risk,2,9
8267,54,UK,19-12-2023,Deluxe,Online,1,7101.53,1,78116.83,December,Low Risk,3,18
8269,29,Germany,27-04-2023,Deluxe,Online,160,13548.64,1,108389.12,April,High Risk,3,3
8272,24,India,11-03-2023,Deluxe,Corporate,110,12763.36,1,25526.72,March,High Risk,2,11
8275,41,UAE,20-12-2023,Deluxe,Corporate,165,11614.43,1,46457.72,December,High Risk,3,14
8276,29,UK,14-01-2023,Deluxe,Agent,148,4895.36,1,4895.36,January,High Risk,4,3
8279,57,India,09-12-2023,Deluxe,Corporate,21,12298.78,0,49195.12,December,Low Risk,2,4
8282,32,UAE,17-09-2023,Deluxe,Online,109,6560.88,1,39365.28,September,High Risk,3,8
8283,54,India,12-01-2023,Deluxe,Corporate,67,6298.29,0,50386.32,January,Medium Risk,3,5
8284,30,UK,25-10-2023,Deluxe,Corporate,95,12498.82,0,112489.38,October,Medium Risk,4,1
8290,58,UK,06-01-2023,Deluxe,Online,46,7023.03,0,63207.27,January,Low Risk,3,11
8291,63,India,04-09-2023,Deluxe,Online,42,10418.67,0,62512.02,September,Low Risk,4,8
8294,59,Germany,06-03-2023,Deluxe,Agent,146,4955.74,1,49557.4,March,High Risk,4,3
8295,24,Germany,27-05-2023,Deluxe,Online,175,4109.53,1,20547.65,May,High Risk,4,1
8298,49,UK,13-01-2023,Deluxe,Agent,2,5401.79,1,5401.79,January,Low Risk,2,12
8299,52,UAE,18-01-2023,Deluxe,Agent,145,12464.41,1,62322.05,January,High Risk,2,13
8302,53,UK,09-12-2023,Deluxe,Corporate,39,13775.2,0,192852.8,December,Low Risk,3,9
8306,21,UK,15-06-2023,Deluxe,Corporate,23,4486.42,1,35891.36,June,Low Risk,4,15
8309,43,India,06-05-2023,Deluxe,Agent,50,3320.11,0,36521.21,May,Low Risk,2,15
8311,40,USA,08-10-2023,Deluxe,Online,165,9956.77,1,79654.16,October,High Risk,2,7
8313,38,UAE,10-10-2023,Deluxe,Corporate,60,13582.79,1,40748.37,October,Medium Risk,2,10
8315,62,Germany,11-04-2023,Deluxe,Corporate,22,9936.6,0,39746.4,April,Low Risk,4,2
8316,62,India,11-01-2023,Deluxe,Agent,3,3274.23,0,13096.92,January,Low Risk,4,13
8318,44,UAE,30-01-2023,Deluxe,Corporate,36,9764.51,1,58587.06,January,Low Risk,2,19
8321,30,USA,28-09-2023,Deluxe,Online,155,12776.85,1,178875.9,September,High Risk,2,1
8324,47,India,24-01-2023,Deluxe,Agent,143,13457.72,1,148034.92,January,High Risk,2,13
8329,59,USA,18-06-2023,Deluxe,Online,119,14836.81,1,192878.53,June,High Risk,2,12
8330,42,USA,30-10-2023,Deluxe,Online,52,3917,1,3917,October,Medium Risk,2,12
8332,29,USA,29-06-2023,Deluxe,Corporate,27,12763.35,0,38290.05,June,Low Risk,4,15
8336,50,India,13-06-2023,Deluxe,Corporate,40,3531.1,0,38842.1,June,Low Risk,2,2
8337,45,USA,11-04-2023,Deluxe,Agent,166,14786.11,1,133074.99,April,High Risk,3,3
8340,22,UAE,26-07-2023,Deluxe,Agent,30,13635.11,0,27270.22,July,Low Risk,3,12
8344,22,USA,29-01-2023,Deluxe,Agent,103,13568.84,1,162826.08,January,High Risk,3,12
8345,51,India,19-01-2023,Deluxe,Corporate,165,10267.56,1,82140.48,January,High Risk,4,15
8346,63,UAE,14-03-2023,Deluxe,Online,42,4526.84,1,36214.72,March,Low Risk,3,10
8348,30,UAE,03-09-2023,Deluxe,Agent,133,13878,1,13878,September,High Risk,4,14
8351,62,Germany,28-03-2023,Deluxe,Online,157,12332.37,1,135656.07,March,High Risk,3,17
8356,55,India,24-11-2023,Deluxe,Agent,117,7390.58,1,14781.16,November,High Risk,3,17
8357,21,USA,28-04-2023,Deluxe,Agent,134,4155.56,1,54022.28,April,High Risk,3,16
8359,24,USA,04-09-2023,Deluxe,Agent,145,7393.85,1,36969.25,September,High Risk,3,11
8364,27,USA,04-02-2023,Deluxe,Online,175,7696.85,1,69271.65,February,High Risk,2,15
8366,32,India,30-07-2023,Deluxe,Online,57,2326.9,1,25595.9,July,Medium Risk,4,11
8376,48,Germany,22-08-2023,Deluxe,Agent,76,4612.09,1,13836.27,August,Medium Risk,3,8
8378,33,UAE,20-08-2023,Deluxe,Corporate,105,6315.61,1,50524.88,August,High Risk,4,6
8382,40,UK,02-02-2023,Deluxe,Corporate,120,6592.65,1,85704.45,February,High Risk,2,17
8384,51,India,01-03-2023,Deluxe,Online,89,11891.53,0,107023.77,March,Medium Risk,2,7
8385,53,India,02-01-2023,Deluxe,Corporate,174,13954.59,1,41863.77,January,High Risk,4,2
8390,60,UK,06-10-2023,Deluxe,Corporate,29,2736.25,0,13681.25,October,Low Risk,2,7
8391,52,Germany,02-08-2023,Deluxe,Agent,13,3046.09,0,12184.36,August,Low Risk,2,8
8393,58,USA,12-10-2023,Deluxe,Online,129,7803.36,1,54623.52,October,High Risk,4,1
8401,45,UAE,10-05-2023,Deluxe,Online,114,2477.32,1,7431.96,May,High Risk,4,16
8405,69,USA,22-01-2023,Deluxe,Online,50,4891.55,1,29349.3,January,Low Risk,4,11
8407,51,Germany,20-01-2023,Deluxe,Online,89,14585.4,0,102097.8,January,Medium Risk,3,9
8412,43,Germany,31-03-2023,Deluxe,Online,55,8452.47,0,8452.47,March,Medium Risk,4,15
8413,34,UAE,16-09-2023,Deluxe,Online,0,12330.95,0,61654.75,September,Low Risk,2,16
8414,65,UAE,25-10-2023,Deluxe,Agent,166,14631.62,1,175579.44,October,High Risk,4,1
8417,52,USA,22-06-2023,Deluxe,Corporate,78,5297.38,0,21189.52,June,Medium Risk,2,17
8421,43,India,03-02-2023,Deluxe,Online,10,13666.26,1,54665.04,February,Low Risk,4,7
8423,55,Germany,05-09-2023,Deluxe,Agent,8,10553.48,0,10553.48,September,Low Risk,2,7
8425,39,UAE,16-10-2023,Deluxe,Online,130,5124.9,1,15374.7,October,High Risk,4,12
8426,21,USA,03-05-2023,Deluxe,Agent,134,10212.66,1,81701.28,May,High Risk,3,20
8440,57,UK,26-04-2023,Deluxe,Agent,10,10931.61,0,98384.49,April,Low Risk,3,8
8448,33,USA,04-09-2023,Deluxe,Agent,5,14347.77,0,28695.54,September,Low Risk,4,8
8451,32,UAE,23-01-2023,Deluxe,Corporate,161,10923.49,1,152928.86,January,High Risk,3,13
8453,21,UK,10-11-2023,Deluxe,Agent,126,4121.02,1,20605.1,November,High Risk,3,16
8456,61,UK,23-12-2023,Deluxe,Online,164,11820.16,1,70920.96,December,High Risk,2,8
8457,47,India,14-07-2023,Deluxe,Online,7,5700.28,0,68403.36,July,Low Risk,3,20
8458,53,UAE,15-09-2023,Deluxe,Corporate,164,5494.63,1,43957.04,September,High Risk,3,10
8465,66,Germany,24-01-2023,Deluxe,Corporate,144,12011.53,1,132126.83,January,High Risk,3,6
8468,21,USA,05-12-2023,Deluxe,Agent,38,3424.11,1,30816.99,December,Low Risk,4,7
8470,61,UAE,23-07-2023,Deluxe,Online,115,11118.41,1,133420.92,July,High Risk,3,20
8471,48,UAE,12-08-2023,Deluxe,Agent,36,6882.18,0,48175.26,August,Low Risk,2,11
8475,40,UK,10-07-2023,Deluxe,Corporate,18,10749.31,0,42997.24,July,Low Risk,2,19
8478,54,USA,09-10-2023,Deluxe,Agent,146,10459.25,1,104592.5,October,High Risk,4,2
8479,38,India,11-01-2023,Deluxe,Corporate,68,12223.38,1,97787.04,January,Medium Risk,2,1
8480,32,Germany,03-10-2023,Deluxe,Agent,129,8627.47,1,103529.64,October,High Risk,2,1
8484,30,UAE,23-07-2023,Deluxe,Corporate,29,14800.64,1,29601.28,July,Low Risk,3,12
8487,62,India,10-11-2023,Deluxe,Online,145,7978.36,1,55848.52,November,High Risk,4,1
8489,31,UAE,22-01-2023,Deluxe,Online,91,14100.03,0,126900.27,January,Medium Risk,4,10
8491,53,USA,24-01-2023,Deluxe,Online,39,7856.78,1,70711.02,January,Low Risk,3,9
8492,37,USA,13-07-2023,Deluxe,Agent,133,3874.18,1,3874.18,July,High Risk,2,9
8494,36,UAE,20-09-2023,Deluxe,Agent,170,13636.89,1,54547.56,September,High Risk,3,12
8497,24,UK,07-02-2023,Deluxe,Agent,146,2385.93,1,19087.44,February,High Risk,2,8
8501,19,USA,23-02-2023,Deluxe,Online,156,6725.78,1,40354.68,February,High Risk,4,2
8508,56,India,28-11-2023,Deluxe,Online,49,8803.2,1,96835.2,November,Low Risk,4,9
8509,22,UK,06-02-2023,Deluxe,Agent,3,3405.3,0,20431.8,February,Low Risk,2,19
8514,68,UAE,31-03-2023,Deluxe,Online,169,7068.49,1,42410.94,March,High Risk,4,10
8515,38,UK,06-01-2023,Deluxe,Corporate,109,10874.49,1,10874.49,January,High Risk,2,5
8519,66,UAE,30-04-2023,Deluxe,Corporate,71,4521.33,0,49734.63,April,Medium Risk,2,16
8520,56,India,03-05-2023,Deluxe,Corporate,103,6443.8,1,6443.8,May,High Risk,4,18
8525,66,USA,08-11-2023,Deluxe,Corporate,62,10772.56,1,129270.72,November,Medium Risk,4,14
8529,48,USA,14-11-2023,Deluxe,Agent,108,10035.26,1,110387.86,November,High Risk,2,13
8530,69,UK,15-03-2023,Deluxe,Online,84,11995.43,1,107958.87,March,Medium Risk,4,12
8532,55,UAE,05-11-2023,Deluxe,Online,105,11124.96,1,100124.64,November,High Risk,3,14
8533,60,UAE,30-04-2023,Deluxe,Online,56,9083.66,0,99920.26,April,Medium Risk,3,8
8535,53,UAE,26-07-2023,Deluxe,Corporate,161,11596.51,1,46386.04,July,High Risk,3,2
8536,67,Germany,27-09-2023,Deluxe,Online,178,14151.77,1,28303.54,September,High Risk,3,10
8538,30,USA,26-06-2023,Deluxe,Corporate,137,9600.23,1,124802.99,June,High Risk,4,13
8544,53,USA,05-03-2023,Deluxe,Corporate,100,14621.01,0,175452.12,March,Medium Risk,3,15
8546,27,UAE,07-08-2023,Deluxe,Corporate,101,4426.18,1,57540.34,August,High Risk,2,16
8547,48,Germany,05-08-2023,Deluxe,Agent,29,12814.6,0,76887.6,August,Low Risk,4,18
8548,23,Germany,18-06-2023,Deluxe,Corporate,104,9571.59,1,114859.08,June,High Risk,4,9
8549,18,India,29-05-2023,Deluxe,Online,42,13496.79,1,94477.53,May,Low Risk,4,5
8550,24,India,27-09-2023,Deluxe,Online,90,6517.73,0,19553.19,September,Medium Risk,4,2
8560,42,UK,30-03-2023,Deluxe,Online,0,12575.53,1,37726.59,March,Low Risk,3,17
8565,64,USA,05-04-2023,Deluxe,Corporate,154,12500.6,1,37501.8,April,High Risk,4,19
8589,65,USA,22-01-2023,Deluxe,Agent,61,8942.83,1,53656.98,January,Medium Risk,2,19
8590,40,USA,28-04-2023,Deluxe,Online,161,4449.57,1,48945.27,April,High Risk,2,1
8591,23,UAE,05-04-2023,Deluxe,Agent,7,10226.14,0,81809.12,April,Low Risk,3,1
8592,68,Germany,14-09-2023,Deluxe,Corporate,24,2047.33,1,2047.33,September,Low Risk,4,20
8596,26,India,14-11-2023,Deluxe,Agent,71,2252.96,0,20276.64,November,Medium Risk,3,1
8597,34,UK,27-02-2023,Deluxe,Agent,62,4675.58,1,32729.06,February,Medium Risk,2,7
8599,36,Germany,18-04-2023,Deluxe,Online,6,13037.79,1,104302.32,April,Low Risk,2,5
8601,24,India,31-12-2023,Deluxe,Online,84,9038.52,0,27115.56,December,Medium Risk,2,2
8602,59,India,21-05-2023,Deluxe,Agent,68,3127.1,1,31271,May,Medium Risk,4,2
8603,59,Germany,09-06-2023,Deluxe,Agent,49,10540.28,1,115943.08,June,Low Risk,2,8
8604,37,USA,10-04-2023,Deluxe,Online,170,4026.56,1,8053.12,April,High Risk,4,1
8608,64,Germany,18-02-2023,Deluxe,Online,5,12483.81,0,74902.86,February,Low Risk,2,11
8609,19,UAE,14-06-2023,Deluxe,Corporate,108,4471.37,1,26828.22,June,High Risk,3,8
8610,53,India,14-10-2023,Deluxe,Agent,74,13910.49,1,166925.88,October,Medium Risk,2,14
8611,36,UAE,28-02-2023,Deluxe,Online,81,2035.81,0,6107.43,February,Medium Risk,3,4
8612,34,USA,02-07-2023,Deluxe,Corporate,37,6291.63,1,88082.82,July,Low Risk,4,18
8615,35,UK,06-04-2023,Deluxe,Corporate,139,8502.92,1,68023.36,April,High Risk,3,8
8620,57,USA,08-07-2023,Deluxe,Agent,86,10809.51,0,118904.61,July,Medium Risk,3,7
8621,62,USA,11-05-2023,Deluxe,Agent,120,5149.13,1,41193.04,May,High Risk,4,4
8625,22,USA,17-05-2023,Deluxe,Online,107,7522.99,1,105321.86,May,High Risk,4,19
8629,41,UAE,15-04-2023,Deluxe,Agent,102,14109.41,1,42328.23,April,High Risk,2,6
8631,26,UK,10-07-2023,Deluxe,Online,31,10607.54,0,21215.08,July,Low Risk,2,16
8635,31,India,01-01-2023,Deluxe,Online,101,14703.17,1,44109.51,January,High Risk,2,10
8637,35,UAE,04-12-2023,Deluxe,Online,98,6098.81,0,85383.34,December,Medium Risk,4,1
8638,59,USA,02-10-2023,Deluxe,Agent,87,12116.22,0,24232.44,October,Medium Risk,2,2
8642,34,UK,22-02-2023,Deluxe,Agent,32,7943.52,0,95322.24,February,Low Risk,4,7
8645,28,Germany,29-10-2023,Deluxe,Agent,10,4383.68,0,35069.44,October,Low Risk,4,13
8647,40,USA,14-03-2023,Deluxe,Online,137,14824.8,1,118598.4,March,High Risk,4,12
8650,32,USA,06-01-2023,Deluxe,Online,122,4607.93,1,50687.23,January,High Risk,3,13
8652,26,UAE,31-12-2023,Deluxe,Corporate,164,12655.78,1,25311.56,December,High Risk,3,19
8654,45,UK,23-10-2023,Deluxe,Agent,16,3128.2,1,34410.2,October,Low Risk,3,12
8655,41,USA,13-12-2023,Deluxe,Corporate,147,10602.94,1,74220.58,December,High Risk,4,2
8656,52,India,18-11-2023,Deluxe,Online,131,10756.65,1,107566.5,November,High Risk,3,16
8662,37,UAE,27-02-2023,Deluxe,Agent,104,11526.28,1,126789.08,February,High Risk,3,18
8663,18,USA,25-07-2023,Deluxe,Agent,115,7017.21,1,14034.42,July,High Risk,2,1
8667,18,Germany,18-08-2023,Deluxe,Corporate,58,12742.2,1,50968.8,August,Medium Risk,4,15
8668,27,UK,15-08-2023,Deluxe,Corporate,73,7057.3,0,77630.3,August,Medium Risk,3,8
8671,56,Germany,11-05-2023,Deluxe,Agent,51,14370.12,0,100590.84,May,Medium Risk,4,7
8672,39,Germany,06-03-2023,Deluxe,Agent,150,14781.71,1,59126.84,March,High Risk,4,6
8675,63,Germany,05-07-2023,Deluxe,Agent,106,6762.22,1,13524.44,July,High Risk,2,6
8677,44,UAE,31-05-2023,Deluxe,Agent,67,6272.85,0,81547.05,May,Medium Risk,2,6
8679,35,India,31-05-2023,Deluxe,Corporate,103,14058.13,1,42174.39,May,High Risk,2,7
8683,35,Germany,14-05-2023,Deluxe,Corporate,43,4093.88,0,4093.88,May,Low Risk,3,3
8684,61,Germany,11-06-2023,Deluxe,Agent,32,2617.01,0,13085.05,June,Low Risk,2,16
8685,25,India,13-02-2023,Deluxe,Corporate,109,4301.19,1,8602.38,February,High Risk,2,15
8687,51,UAE,10-10-2023,Deluxe,Online,62,7083.81,0,28335.24,October,Medium Risk,2,18
8696,68,USA,20-05-2023,Deluxe,Agent,52,10692.81,1,21385.62,May,Medium Risk,4,8
8697,52,India,19-05-2023,Deluxe,Corporate,36,5290.4,0,42323.2,May,Low Risk,4,16
8705,37,India,04-08-2023,Deluxe,Corporate,119,4807.6,1,52883.6,August,High Risk,4,6
8706,42,USA,27-09-2023,Deluxe,Agent,24,13154.9,0,184168.6,September,Low Risk,3,9
8709,19,UK,27-08-2023,Deluxe,Online,165,6766.39,1,54131.12,August,High Risk,3,18
8711,31,UAE,21-02-2023,Deluxe,Agent,12,9698.12,1,48490.6,February,Low Risk,2,17
8718,21,USA,21-04-2023,Deluxe,Corporate,53,14564.72,1,160211.92,April,Medium Risk,3,7
8719,32,USA,24-11-2023,Deluxe,Agent,19,2904.99,0,23239.92,November,Low Risk,2,7
8722,18,UAE,10-01-2023,Deluxe,Agent,89,2064.6,1,12387.6,January,Medium Risk,4,15
8725,29,USA,11-09-2023,Deluxe,Online,53,2661.33,0,37258.62,September,Medium Risk,4,5
8727,22,UAE,24-05-2023,Deluxe,Agent,160,7211.94,1,64907.46,May,High Risk,3,19
8731,55,USA,22-06-2023,Deluxe,Online,127,3501.55,1,38517.05,June,High Risk,2,1
8733,56,India,02-10-2023,Deluxe,Online,116,8131.66,1,16263.32,October,High Risk,4,11
8740,34,UAE,02-09-2023,Deluxe,Corporate,105,12096.57,1,24193.14,September,High Risk,3,17
8743,58,Germany,23-03-2023,Deluxe,Online,20,7271.83,0,50902.81,March,Low Risk,4,17
8745,68,USA,18-04-2023,Deluxe,Online,85,2696.28,0,24266.52,April,Medium Risk,3,5
8750,55,USA,10-12-2023,Deluxe,Online,128,3090.04,1,6180.08,December,High Risk,4,15
8755,32,USA,12-01-2023,Deluxe,Online,23,7216.47,1,50515.29,January,Low Risk,4,7
8760,67,UK,24-12-2023,Deluxe,Corporate,83,9597.45,0,76779.6,December,Medium Risk,4,19
8761,49,India,11-05-2023,Deluxe,Corporate,65,11514.96,0,103634.64,May,Medium Risk,4,16
8763,20,Germany,27-02-2023,Deluxe,Online,144,13617.34,1,68086.7,February,High Risk,2,3
8764,39,UK,04-01-2023,Deluxe,Online,87,13073.46,1,143808.06,January,Medium Risk,3,11
8766,27,India,22-06-2023,Deluxe,Agent,60,8685.85,0,34743.4,June,Medium Risk,2,1
8774,30,UAE,27-02-2023,Deluxe,Agent,136,7107.57,1,49752.99,February,High Risk,4,1
8776,21,UK,18-01-2023,Deluxe,Corporate,31,7703.68,0,69333.12,January,Low Risk,2,11
8777,27,UK,05-02-2023,Deluxe,Corporate,10,2052.5,0,18472.5,February,Low Risk,3,7
8779,41,India,01-01-2023,Deluxe,Corporate,25,12058.29,0,108524.61,January,Low Risk,3,5
8788,44,UAE,15-08-2023,Deluxe,Online,94,8362.02,1,16724.04,August,Medium Risk,4,15
8793,55,UK,22-08-2023,Deluxe,Corporate,176,7003.69,1,98051.66,August,High Risk,2,8
8795,41,USA,07-03-2023,Deluxe,Online,90,2476.73,1,29720.76,March,Medium Risk,2,13
8798,21,Germany,02-09-2023,Deluxe,Agent,155,5484.13,1,65809.56,September,High Risk,3,7
8799,54,Germany,02-09-2023,Deluxe,Corporate,152,5337.99,1,48041.91,September,High Risk,2,19
8801,65,Germany,23-12-2023,Deluxe,Agent,3,7188.72,1,57509.76,December,Low Risk,3,20
8803,48,India,12-12-2023,Deluxe,Online,90,10039.46,0,130512.98,December,Medium Risk,2,11
8804,61,USA,09-07-2023,Deluxe,Online,68,9122.48,1,109469.76,July,Medium Risk,3,6
8805,42,UAE,20-10-2023,Deluxe,Agent,137,14442.73,1,72213.65,October,High Risk,4,13
8806,57,Germany,26-06-2023,Deluxe,Agent,49,12338.17,0,12338.17,June,Low Risk,2,18
8809,63,Germany,11-03-2023,Deluxe,Corporate,143,3392.5,1,27140,March,High Risk,2,1
8810,31,UK,02-02-2023,Deluxe,Agent,165,6200.14,1,31000.7,February,High Risk,3,19
8815,53,UK,18-03-2023,Deluxe,Corporate,24,12782.01,1,102256.08,March,Low Risk,3,17
8823,69,USA,21-11-2023,Deluxe,Online,78,3145.99,0,9437.97,November,Medium Risk,2,10
8824,19,India,31-05-2023,Deluxe,Corporate,131,11985.85,1,119858.5,May,High Risk,2,5
8825,69,India,03-02-2023,Deluxe,Online,18,9146.72,0,27440.16,February,Low Risk,3,1
8826,45,India,04-05-2023,Deluxe,Online,80,3617.52,0,3617.52,May,Medium Risk,2,4
8831,60,Germany,04-05-2023,Deluxe,Agent,146,2089.68,1,25076.16,May,High Risk,2,20
8835,41,Germany,01-03-2023,Deluxe,Online,80,6555.94,1,13111.88,March,Medium Risk,4,15
8836,22,UAE,26-03-2023,Deluxe,Online,18,10190.17,0,81521.36,March,Low Risk,2,16
8840,30,India,06-10-2023,Deluxe,Online,27,13558.97,1,149148.67,October,Low Risk,3,10
8844,30,India,23-02-2023,Deluxe,Corporate,20,3296.31,1,16481.55,February,Low Risk,3,6
8847,57,USA,03-12-2023,Deluxe,Online,109,5888.98,1,53000.82,December,High Risk,4,7
8849,62,USA,22-11-2023,Deluxe,Corporate,91,14230.55,0,156536.05,November,Medium Risk,3,3
8850,52,India,21-06-2023,Deluxe,Agent,90,6437.96,1,45065.72,June,Medium Risk,4,2
8851,20,UK,25-03-2023,Deluxe,Corporate,69,13025.51,0,78153.06,March,Medium Risk,4,6
8855,24,USA,01-02-2023,Deluxe,Agent,98,5704.99,1,79869.86,February,Medium Risk,4,17
8858,69,UK,16-11-2023,Deluxe,Agent,115,3181.13,1,38173.56,November,High Risk,2,7
8860,20,UK,29-09-2023,Deluxe,Online,51,10187.79,1,112065.69,September,Medium Risk,2,6
8862,48,UK,24-04-2023,Deluxe,Agent,52,7715.92,0,84875.12,April,Medium Risk,2,16
8864,62,Germany,25-08-2023,Deluxe,Online,79,7549.05,1,75490.5,August,Medium Risk,2,18
8865,24,UK,06-11-2023,Deluxe,Agent,55,2842.27,0,31264.97,November,Medium Risk,2,10
8866,62,USA,21-06-2023,Deluxe,Corporate,102,5685.85,1,28429.25,June,High Risk,2,1
8868,23,India,06-02-2023,Deluxe,Online,32,11288.82,0,124177.02,February,Low Risk,3,20
8870,49,Germany,13-01-2023,Deluxe,Agent,5,5188.53,0,15565.59,January,Low Risk,2,20
8875,42,USA,10-05-2023,Deluxe,Corporate,82,5353.75,0,58891.25,May,Medium Risk,4,4
8876,29,Germany,12-11-2023,Deluxe,Agent,8,7484.48,0,37422.4,November,Low Risk,2,10
8882,23,UAE,19-05-2023,Deluxe,Agent,138,7928.51,1,103070.63,May,High Risk,3,9
8891,42,USA,02-06-2023,Deluxe,Online,23,7615.57,1,7615.57,June,Low Risk,2,18
8893,66,UK,05-02-2023,Deluxe,Agent,95,14904.88,1,119239.04,February,Medium Risk,4,10
8894,46,UK,02-11-2023,Deluxe,Agent,112,8554.1,1,94095.1,November,High Risk,2,16
8896,54,UAE,13-09-2023,Deluxe,Online,163,12475.35,1,137228.85,September,High Risk,4,17
8904,56,UK,26-07-2023,Deluxe,Corporate,136,13868.97,1,69344.85,July,High Risk,2,17
8907,54,Germany,30-04-2023,Deluxe,Online,127,6414.42,1,19243.26,April,High Risk,3,12
8910,48,USA,28-07-2023,Deluxe,Agent,32,2051.44,0,22565.84,July,Low Risk,2,7
8912,32,UAE,27-07-2023,Deluxe,Online,104,4477.7,1,44777,July,High Risk,3,13
8913,59,Germany,03-06-2023,Deluxe,Corporate,120,8939.86,1,62579.02,June,High Risk,4,3
8921,52,India,04-04-2023,Deluxe,Online,115,10373.28,1,134852.64,April,High Risk,2,12
8922,51,USA,07-04-2023,Deluxe,Online,38,4640.76,1,60329.88,April,Low Risk,3,7
8929,22,UK,12-01-2023,Deluxe,Agent,4,4490.36,0,8980.72,January,Low Risk,2,19
8931,56,India,26-02-2023,Deluxe,Corporate,131,11577.74,1,81044.18,February,High Risk,4,19
8933,37,USA,15-03-2023,Deluxe,Online,10,3578.67,1,25050.69,March,Low Risk,3,15
8937,62,UAE,10-11-2023,Deluxe,Corporate,139,12992.66,1,103941.28,November,High Risk,2,3
8938,44,India,05-04-2023,Deluxe,Online,148,8772.38,1,43861.9,April,High Risk,4,11
8943,55,USA,30-12-2023,Deluxe,Agent,25,3945.03,0,31560.24,December,Low Risk,4,9
8952,48,UK,19-12-2023,Deluxe,Online,123,5644.82,1,5644.82,December,High Risk,4,18
8953,36,India,22-04-2023,Deluxe,Online,165,12567.34,1,75404.04,April,High Risk,2,3
8954,26,USA,12-07-2023,Deluxe,Online,145,8634.14,1,120877.96,July,High Risk,2,7
8958,21,USA,15-12-2023,Deluxe,Agent,148,8929.43,1,26788.29,December,High Risk,2,7
8959,20,UAE,05-04-2023,Deluxe,Online,70,2388.73,0,2388.73,April,Medium Risk,3,1
8961,69,UAE,02-01-2023,Deluxe,Online,35,11551.18,0,57755.9,January,Low Risk,4,1
8962,28,UAE,05-10-2023,Deluxe,Agent,121,12349.13,1,135840.43,October,High Risk,3,9
8963,50,India,30-05-2023,Deluxe,Online,10,12592.49,1,100739.92,May,Low Risk,2,17
8964,55,USA,10-02-2023,Deluxe,Online,127,2486.11,1,22374.99,February,High Risk,4,7
8968,38,India,25-08-2023,Deluxe,Corporate,106,4769.2,1,19076.8,August,High Risk,4,13
8973,19,Germany,27-08-2023,Deluxe,Online,63,3089.1,1,15445.5,August,Medium Risk,4,19
8975,53,UAE,18-12-2023,Deluxe,Online,178,8460.77,1,93068.47,December,High Risk,4,18
8976,28,Germany,11-11-2023,Deluxe,Corporate,104,2195.96,1,24155.56,November,High Risk,2,12
8977,64,India,08-11-2023,Deluxe,Corporate,88,3522.71,1,38749.81,November,Medium Risk,4,19
8984,56,UK,22-09-2023,Deluxe,Corporate,41,6354.93,0,57194.37,September,Low Risk,4,15
8985,18,UK,23-11-2023,Deluxe,Agent,168,5065.43,1,65850.59,November,High Risk,4,13
8990,20,Germany,09-08-2023,Deluxe,Corporate,141,10075.72,1,120908.64,August,High Risk,2,16
8991,68,Germany,07-11-2023,Deluxe,Corporate,3,11866.36,0,83064.52,November,Low Risk,4,10
8995,27,UK,03-09-2023,Deluxe,Corporate,141,6265.07,1,56385.63,September,High Risk,3,3
8996,22,UAE,25-06-2023,Deluxe,Corporate,8,11309.99,1,56549.95,June,Low Risk,2,4
9003,67,UAE,29-12-2023,Deluxe,Online,16,13016.52,0,104132.16,December,Low Risk,2,10
9010,65,Germany,19-03-2023,Deluxe,Corporate,174,3864.19,1,34777.71,March,High Risk,4,18
9011,66,Germany,17-08-2023,Deluxe,Online,49,5870.29,0,35221.74,August,Low Risk,4,18
9016,43,India,04-12-2023,Deluxe,Corporate,50,10544.6,1,147624.4,December,Low Risk,3,3
9018,62,UK,07-03-2023,Deluxe,Online,129,9572.92,1,95729.2,March,High Risk,3,4
9019,43,USA,06-04-2023,Deluxe,Agent,13,4405.79,1,8811.58,April,Low Risk,2,14
9024,22,Germany,05-07-2023,Deluxe,Corporate,118,5293.76,1,21175.04,July,High Risk,4,1
9026,33,USA,31-01-2023,Deluxe,Agent,0,3864.26,0,34778.34,January,Low Risk,2,11
9027,18,USA,31-05-2023,Deluxe,Corporate,110,2499.14,1,4998.28,May,High Risk,3,9
9029,54,UAE,30-08-2023,Deluxe,Corporate,115,11399.72,1,79798.04,August,High Risk,3,7
9034,30,USA,04-05-2023,Deluxe,Corporate,72,12057.3,0,48229.2,May,Medium Risk,2,5
9042,55,Germany,23-01-2023,Deluxe,Agent,1,3733.28,1,33599.52,January,Low Risk,4,13
9048,50,India,07-07-2023,Deluxe,Online,60,14071.77,0,70358.85,July,Medium Risk,2,6
9054,38,India,06-12-2023,Deluxe,Agent,137,9719.78,1,136076.92,December,High Risk,4,18
9057,63,Germany,04-06-2023,Deluxe,Agent,175,10541.48,1,147580.72,June,High Risk,4,9
9060,46,UAE,30-05-2023,Deluxe,Agent,138,11228.15,1,22456.3,May,High Risk,2,1
9062,26,USA,29-03-2023,Deluxe,Corporate,58,7465.03,0,82115.33,March,Medium Risk,2,19
9066,27,USA,10-09-2023,Deluxe,Online,109,4688.08,1,32816.56,September,High Risk,2,15
9073,39,Germany,22-04-2023,Deluxe,Online,1,4421.84,0,57483.92,April,Low Risk,2,18
9078,46,UAE,21-02-2023,Deluxe,Corporate,94,9740.02,1,87660.18,February,Medium Risk,2,15
9079,33,India,11-06-2023,Deluxe,Online,157,2765.64,1,22125.12,June,High Risk,4,16
9082,65,USA,30-11-2023,Deluxe,Online,96,13560.06,0,176280.78,November,Medium Risk,3,3
9083,55,Germany,13-11-2023,Deluxe,Agent,168,6533,1,91462,November,High Risk,2,14
9084,48,UK,21-04-2023,Deluxe,Agent,112,6252.52,1,25010.08,April,High Risk,4,10
9086,50,India,09-01-2023,Deluxe,Corporate,86,14637.03,0,131733.27,January,Medium Risk,2,20
9088,44,UAE,01-05-2023,Deluxe,Agent,12,11957.05,0,47828.2,May,Low Risk,2,12
9089,41,USA,15-04-2023,Deluxe,Agent,44,6988.17,0,27952.68,April,Low Risk,3,12
9091,43,USA,02-12-2023,Deluxe,Online,146,5425.76,1,10851.52,December,High Risk,4,9
9093,68,UK,23-10-2023,Deluxe,Agent,167,4343.87,1,47782.57,October,High Risk,4,16
9095,60,UAE,21-12-2023,Deluxe,Corporate,24,8964.81,0,35859.24,December,Low Risk,4,12
9096,45,USA,10-03-2023,Deluxe,Agent,176,11288.97,1,22577.94,March,High Risk,3,15
9097,45,UAE,23-11-2023,Deluxe,Corporate,103,7897.34,1,63178.72,November,High Risk,3,12
9099,40,UK,11-12-2023,Deluxe,Agent,70,5115.56,1,56271.16,December,Medium Risk,3,2
9100,46,Germany,06-03-2023,Deluxe,Corporate,118,9441.63,1,94416.3,March,High Risk,3,13
9101,22,UAE,30-05-2023,Deluxe,Agent,83,2898.51,1,5797.02,May,Medium Risk,3,18
9108,63,USA,19-12-2023,Deluxe,Corporate,178,5866.38,1,35198.28,December,High Risk,4,19
9110,42,UAE,22-07-2023,Deluxe,Online,52,14833.55,0,163169.05,July,Medium Risk,4,18
9111,26,UK,04-01-2023,Deluxe,Corporate,37,11997.25,0,11997.25,January,Low Risk,3,18
9113,18,USA,26-01-2023,Deluxe,Corporate,4,12146.65,1,133613.15,January,Low Risk,4,18
9114,40,Germany,16-10-2023,Deluxe,Online,117,8697.94,1,52187.64,October,High Risk,4,14
9117,69,UK,12-03-2023,Deluxe,Corporate,31,8057.57,0,112805.98,March,Low Risk,2,10
9120,23,UK,13-03-2023,Deluxe,Online,178,5734.35,1,5734.35,March,High Risk,4,2
9121,23,UAE,27-12-2023,Deluxe,Corporate,53,6337.18,0,19011.54,December,Medium Risk,2,9
9122,19,UK,25-09-2023,Deluxe,Corporate,27,11197.73,0,11197.73,September,Low Risk,3,5
9123,35,UAE,10-11-2023,Deluxe,Online,170,4230.83,1,12692.49,November,High Risk,3,1
9124,40,Germany,05-04-2023,Deluxe,Online,11,12345.05,0,24690.1,April,Low Risk,4,19
9133,37,USA,02-11-2023,Deluxe,Corporate,43,2204.98,1,15434.86,November,Low Risk,2,20
9136,34,USA,19-07-2023,Deluxe,Online,110,13717,1,96019,July,High Risk,2,19
9140,47,USA,16-08-2023,Deluxe,Corporate,2,7398.57,0,73985.7,August,Low Risk,2,14
9141,58,UK,09-09-2023,Deluxe,Corporate,103,9422.35,1,9422.35,September,High Risk,4,5
9142,64,India,26-10-2023,Deluxe,Corporate,55,5026.62,0,45239.58,October,Medium Risk,4,10
9145,28,UK,21-05-2023,Deluxe,Online,128,7424.2,1,14848.4,May,High Risk,3,2
9146,41,UAE,15-06-2023,Deluxe,Corporate,87,12807.7,0,25615.4,June,Medium Risk,4,10
9151,30,USA,06-04-2023,Deluxe,Agent,150,9286.67,1,18573.34,April,High Risk,4,7
9155,52,USA,08-12-2023,Deluxe,Online,161,4861.21,1,63195.73,December,High Risk,2,13
9156,41,India,03-03-2023,Deluxe,Corporate,177,12945.01,1,64725.05,March,High Risk,4,5
9157,45,India,23-06-2023,Deluxe,Corporate,46,14642.14,0,131779.26,June,Low Risk,3,13
9158,53,UK,10-09-2023,Deluxe,Agent,35,5830.74,0,11661.48,September,Low Risk,4,14
9161,33,Germany,27-08-2023,Deluxe,Agent,176,2534.26,1,20274.08,August,High Risk,2,8
9163,68,UAE,18-08-2023,Deluxe,Corporate,62,11605.04,0,46420.16,August,Medium Risk,4,16
9164,32,UAE,21-08-2023,Deluxe,Online,51,2692.94,0,26929.4,August,Medium Risk,4,8
9168,28,Germany,29-11-2023,Deluxe,Agent,16,12405.6,1,136461.6,November,Low Risk,3,11
9170,32,USA,16-07-2023,Deluxe,Agent,28,8737.21,0,43686.05,July,Low Risk,2,16
9171,43,UAE,02-05-2023,Deluxe,Agent,30,10058.46,1,60350.76,May,Low Risk,4,7
9172,68,UK,21-09-2023,Deluxe,Agent,53,12478.27,1,149739.24,September,Medium Risk,2,5
9174,60,USA,15-05-2023,Deluxe,Online,25,10739.42,0,21478.84,May,Low Risk,4,1
9175,22,UAE,05-12-2023,Deluxe,Agent,140,12083.55,1,108751.95,December,High Risk,4,8
9178,27,USA,10-04-2023,Deluxe,Corporate,26,8153.73,0,73383.57,April,Low Risk,3,6
9180,35,UK,01-02-2023,Deluxe,Online,51,8470.43,0,42352.15,February,Medium Risk,3,8
9184,59,UK,31-08-2023,Deluxe,Agent,2,14595.51,0,160550.61,August,Low Risk,3,7
9187,24,UK,13-05-2023,Deluxe,Agent,5,3488.73,0,3488.73,May,Low Risk,3,16
9192,66,USA,12-10-2023,Deluxe,Agent,9,14353.53,1,43060.59,October,Low Risk,3,3
9193,43,UAE,20-06-2023,Deluxe,Corporate,15,13699.59,1,178094.67,June,Low Risk,2,6
9194,50,USA,11-02-2023,Deluxe,Corporate,22,6549.79,0,52398.32,February,Low Risk,2,10
9198,19,UAE,08-08-2023,Deluxe,Corporate,76,12887.93,0,51551.72,August,Medium Risk,2,18
9200,24,India,06-04-2023,Deluxe,Corporate,57,9486.73,0,132814.22,April,Medium Risk,2,1
9201,49,India,08-12-2023,Deluxe,Agent,129,12915.57,1,90408.99,December,High Risk,3,9
9205,53,UK,25-11-2023,Deluxe,Online,63,11704.9,1,128753.9,November,Medium Risk,4,1
9207,45,India,31-01-2023,Deluxe,Agent,53,12438.54,1,174139.56,January,Medium Risk,2,1
9208,30,India,08-02-2023,Deluxe,Agent,170,4975.05,1,59700.6,February,High Risk,3,6
9212,47,UAE,06-05-2023,Deluxe,Online,37,3626.59,0,3626.59,May,Low Risk,2,12
9217,18,Germany,19-07-2023,Deluxe,Agent,73,13022.62,1,65113.1,July,Medium Risk,3,10
9218,22,India,28-09-2023,Deluxe,Agent,29,9939.97,1,19879.94,September,Low Risk,2,18
9219,68,India,20-02-2023,Deluxe,Corporate,67,13952.78,1,139527.8,February,Medium Risk,3,15
9223,62,Germany,11-08-2023,Deluxe,Corporate,36,3853.27,0,46239.24,August,Low Risk,3,6
9224,69,Germany,09-08-2023,Deluxe,Agent,54,4930.51,0,14791.53,August,Medium Risk,3,2
9225,54,UK,31-05-2023,Deluxe,Online,166,7430.77,1,96600.01,May,High Risk,4,14
9228,21,India,18-03-2023,Deluxe,Online,98,7697.93,0,23093.79,March,Medium Risk,4,9
9230,69,Germany,06-03-2023,Deluxe,Agent,117,11639.33,1,23278.66,March,High Risk,4,12
9231,35,UK,23-12-2023,Deluxe,Corporate,161,2446.63,1,34252.82,December,High Risk,2,17
9236,39,UAE,04-03-2023,Deluxe,Agent,73,2694.84,0,13474.2,March,Medium Risk,2,20
9238,38,UAE,27-08-2023,Deluxe,Online,28,9157.14,1,100728.54,August,Low Risk,4,3
9239,53,India,09-01-2023,Deluxe,Online,30,13113.1,0,91791.7,January,Low Risk,2,15
9241,56,India,14-12-2023,Deluxe,Corporate,38,2405.95,1,21653.55,December,Low Risk,3,12
9247,34,UK,23-02-2023,Deluxe,Agent,170,4200.14,1,12600.42,February,High Risk,2,3
9250,68,USA,19-12-2023,Deluxe,Agent,105,2337.86,1,30392.18,December,High Risk,2,13
9254,66,UK,04-09-2023,Deluxe,Agent,80,7852.42,0,7852.42,September,Medium Risk,4,2
9258,65,Germany,31-03-2023,Deluxe,Online,42,13970.13,1,111761.04,March,Low Risk,2,10
9262,52,Germany,14-12-2023,Deluxe,Online,45,9889.57,0,49447.85,December,Low Risk,2,4
9263,56,Germany,20-09-2023,Deluxe,Corporate,6,2085.78,0,8343.12,September,Low Risk,3,20
9265,68,Germany,15-04-2023,Deluxe,Agent,114,12432.44,1,49729.76,April,High Risk,4,19
9266,37,Germany,13-03-2023,Deluxe,Online,6,6088.37,0,24353.48,March,Low Risk,2,2
9271,54,UAE,15-02-2023,Deluxe,Agent,52,10517.46,1,52587.3,February,Medium Risk,4,16
9273,33,UAE,15-04-2023,Deluxe,Corporate,15,4085.93,0,44945.23,April,Low Risk,3,4
9275,29,USA,13-11-2023,Deluxe,Corporate,64,4623.25,0,50855.75,November,Medium Risk,2,2
9278,31,Germany,09-04-2023,Deluxe,Corporate,35,14640.25,0,146402.5,April,Low Risk,4,4
9282,34,India,17-08-2023,Deluxe,Online,118,8198.24,1,40991.2,August,High Risk,4,17
9283,59,UAE,04-07-2023,Deluxe,Online,156,4920.73,1,49207.3,July,High Risk,4,12
9284,49,Germany,22-04-2023,Deluxe,Online,128,14266.41,1,57065.64,April,High Risk,3,7
9288,22,UK,12-04-2023,Deluxe,Online,14,13855.07,1,110840.56,April,Low Risk,4,19
9290,59,India,15-08-2023,Deluxe,Corporate,143,13626.22,1,68131.1,August,High Risk,2,11
9291,26,Germany,08-10-2023,Deluxe,Agent,175,13910.33,1,139103.3,October,High Risk,4,10
9292,66,UAE,22-01-2023,Deluxe,Online,35,3007.48,1,18044.88,January,Low Risk,3,8
9294,53,USA,08-06-2023,Deluxe,Corporate,78,10638.78,1,74471.46,June,Medium Risk,3,7
9297,26,UAE,06-07-2023,Deluxe,Corporate,40,12296.41,1,86074.87,July,Low Risk,3,4
9298,46,USA,23-05-2023,Deluxe,Online,36,11294.82,0,90358.56,May,Low Risk,4,20
9299,67,USA,04-12-2023,Deluxe,Agent,135,10067.56,1,140945.84,December,High Risk,4,10
9302,32,Germany,21-05-2023,Deluxe,Agent,34,14172.45,0,28344.9,May,Low Risk,4,8
9306,32,India,23-03-2023,Deluxe,Online,7,11699.49,0,11699.49,March,Low Risk,4,4
9313,56,India,14-01-2023,Deluxe,Online,162,14853.55,1,103974.85,January,High Risk,2,14
9315,28,USA,20-04-2023,Deluxe,Agent,40,6150.07,1,86100.98,April,Low Risk,4,18
9318,68,India,18-11-2023,Deluxe,Corporate,142,2229.25,1,11146.25,November,High Risk,4,6
9320,59,UK,25-03-2023,Deluxe,Corporate,66,9502.73,0,57016.38,March,Medium Risk,3,17
9323,59,Germany,13-09-2023,Deluxe,Corporate,133,3616.97,1,14467.88,September,High Risk,3,2
9324,35,USA,15-03-2023,Deluxe,Agent,15,2278.09,0,22780.9,March,Low Risk,2,7
9325,37,USA,08-08-2023,Deluxe,Online,22,4193.96,0,41939.6,August,Low Risk,3,20
9329,30,India,07-08-2023,Deluxe,Agent,157,5706.16,1,62767.76,August,High Risk,2,18
9333,45,USA,17-02-2023,Deluxe,Corporate,131,10556.08,1,84448.64,February,High Risk,2,9
9338,51,UAE,28-12-2023,Deluxe,Agent,27,2975.03,0,29750.3,December,Low Risk,3,9
9342,48,India,28-06-2023,Deluxe,Corporate,12,2180.27,0,13081.62,June,Low Risk,3,15
9343,62,UK,18-02-2023,Deluxe,Corporate,70,2312.13,0,6936.39,February,Medium Risk,3,6
9352,46,UK,17-03-2023,Deluxe,Corporate,76,6131.18,1,30655.9,March,Medium Risk,3,14
9355,47,UAE,06-09-2023,Deluxe,Agent,18,5647.09,0,39529.63,September,Low Risk,3,11
9356,26,USA,06-12-2023,Deluxe,Corporate,29,6594.64,0,52757.12,December,Low Risk,2,5
9363,68,UAE,15-09-2023,Deluxe,Online,136,11952.15,1,23904.3,September,High Risk,4,18
9365,56,Germany,30-10-2023,Deluxe,Agent,139,2976.49,1,26788.41,October,High Risk,2,8
9366,61,Germany,21-02-2023,Deluxe,Agent,41,8732.67,0,104792.04,February,Low Risk,4,6
9367,52,India,30-10-2023,Deluxe,Online,89,4390.95,1,8781.9,October,Medium Risk,2,5
9375,64,UAE,24-04-2023,Deluxe,Agent,27,13791.38,1,96539.66,April,Low Risk,2,19
9377,49,USA,24-04-2023,Deluxe,Agent,139,10573.35,1,105733.5,April,High Risk,3,10
9381,22,Germany,18-12-2023,Deluxe,Online,161,5715.77,1,68589.24,December,High Risk,4,4
9382,59,Germany,25-11-2023,Deluxe,Online,130,9473.54,1,94735.4,November,High Risk,3,15
9384,27,USA,27-09-2023,Deluxe,Agent,84,5759.42,0,5759.42,September,Medium Risk,4,16
9385,60,UAE,15-07-2023,Deluxe,Online,26,9884.57,0,9884.57,July,Low Risk,3,16
9386,42,UAE,05-05-2023,Deluxe,Agent,148,11360.19,1,147682.47,May,High Risk,3,4
9387,51,Germany,20-03-2023,Deluxe,Agent,140,10147.24,1,40588.96,March,High Risk,2,3
9389,47,UK,25-05-2023,Deluxe,Online,79,14281.81,1,142818.1,May,Medium Risk,2,19
9391,23,USA,18-08-2023,Deluxe,Corporate,23,4916.68,1,44250.12,August,Low Risk,3,17
9393,30,UK,27-01-2023,Deluxe,Online,16,10526.42,1,42105.68,January,Low Risk,2,19
9397,23,USA,07-11-2023,Deluxe,Agent,154,2944.75,1,23558,November,High Risk,2,6
9398,60,USA,01-08-2023,Deluxe,Online,104,4992.6,1,19970.4,August,High Risk,2,4
9401,29,UK,20-10-2023,Deluxe,Online,70,14600.42,1,204405.88,October,Medium Risk,3,16
9402,66,USA,28-06-2023,Deluxe,Online,99,14262.49,0,14262.49,June,Medium Risk,2,3
9407,51,USA,21-03-2023,Deluxe,Online,165,6294.3,1,44060.1,March,High Risk,3,11
9411,53,Germany,06-03-2023,Deluxe,Corporate,172,12515.3,1,62576.5,March,High Risk,3,2
9413,69,UAE,06-04-2023,Deluxe,Online,156,4505.55,1,4505.55,April,High Risk,4,8
9418,67,USA,07-05-2023,Deluxe,Corporate,137,2910.47,1,17462.82,May,High Risk,4,2
9420,47,UK,25-09-2023,Deluxe,Agent,27,5845.54,0,35073.24,September,Low Risk,4,4
9421,25,UAE,08-05-2023,Deluxe,Agent,105,13485.42,1,188795.88,May,High Risk,3,17
9422,51,India,30-01-2023,Deluxe,Online,29,7263.45,0,101688.3,January,Low Risk,3,16
9426,37,Germany,10-04-2023,Deluxe,Online,106,12076.39,1,169069.46,April,High Risk,4,17
9428,42,UAE,22-03-2023,Deluxe,Corporate,108,2716.08,1,32592.96,March,High Risk,4,8
9429,36,UK,27-10-2023,Deluxe,Online,30,8474.38,1,76269.42,October,Low Risk,3,17
9431,28,USA,12-04-2023,Deluxe,Agent,63,4055.81,0,8111.62,April,Medium Risk,3,6
9439,43,India,30-03-2023,Deluxe,Agent,107,10630.65,1,138198.45,March,High Risk,4,17
9440,44,Germany,05-04-2023,Deluxe,Corporate,31,14168.43,0,42505.29,April,Low Risk,4,11
9441,36,UK,29-09-2023,Deluxe,Agent,103,2493.16,1,7479.48,September,High Risk,3,3
9442,67,India,04-09-2023,Deluxe,Agent,166,14554.51,1,58218.04,September,High Risk,4,15
9444,46,UK,25-07-2023,Deluxe,Corporate,91,12206.11,1,36618.33,July,Medium Risk,3,2
9445,56,India,11-12-2023,Deluxe,Corporate,24,10126.58,0,81012.64,December,Low Risk,4,3
9449,54,UAE,08-03-2023,Deluxe,Agent,177,7101.07,1,99414.98,March,High Risk,4,19
9454,40,USA,22-08-2023,Deluxe,Online,112,3305.66,1,42973.58,August,High Risk,2,6
9456,43,UAE,02-12-2023,Deluxe,Agent,101,11273.82,1,157833.48,December,High Risk,2,8
9460,22,UK,14-11-2023,Deluxe,Agent,125,11280.55,1,67683.3,November,High Risk,4,8
9463,22,UAE,23-12-2023,Deluxe,Corporate,82,13950.19,1,83701.14,December,Medium Risk,3,19
9467,39,Germany,17-09-2023,Deluxe,Corporate,72,11441.58,0,80091.06,September,Medium Risk,4,14
9469,30,USA,06-12-2023,Deluxe,Corporate,2,11908.58,1,11908.58,December,Low Risk,2,19
9470,45,UAE,11-06-2023,Deluxe,Corporate,29,5660.84,0,22643.36,June,Low Risk,4,10
9473,40,UK,02-02-2023,Deluxe,Online,65,14934.08,1,194143.04,February,Medium Risk,3,11
9476,35,UAE,12-08-2023,Deluxe,Corporate,104,4310,1,8620,August,High Risk,4,8
9479,43,UK,17-06-2023,Deluxe,Online,15,11129.72,0,11129.72,June,Low Risk,4,17
9482,56,UAE,21-12-2023,Deluxe,Agent,46,8960.42,1,71683.36,December,Low Risk,3,12
9487,66,Germany,21-03-2023,Deluxe,Agent,29,8716.6,0,34866.4,March,Low Risk,4,4
9489,19,UAE,24-02-2023,Deluxe,Online,148,6348.16,1,19044.48,February,High Risk,3,2
9497,35,India,19-09-2023,Deluxe,Online,95,4296.98,0,42969.8,September,Medium Risk,2,12
9502,27,India,16-12-2023,Deluxe,Online,115,12095.69,1,108861.21,December,High Risk,4,10
9503,34,UK,05-01-2023,Deluxe,Corporate,34,2453.2,0,12266,January,Low Risk,2,9
9504,46,India,23-06-2023,Deluxe,Corporate,143,2539.76,1,2539.76,June,High Risk,4,5
9507,39,UAE,18-05-2023,Deluxe,Agent,108,7857.4,1,7857.4,May,High Risk,3,3
9509,43,India,26-04-2023,Deluxe,Agent,118,14699.32,1,191091.16,April,High Risk,4,3
9511,29,UK,12-12-2023,Deluxe,Corporate,106,10927.05,1,142051.65,December,High Risk,4,14
9512,52,Germany,16-10-2023,Deluxe,Agent,112,8626.47,1,69011.76,October,High Risk,3,18
9513,31,USA,07-08-2023,Deluxe,Agent,152,12723.83,1,89066.81,August,High Risk,3,17
9517,65,Germany,01-01-2023,Deluxe,Corporate,129,9366.77,1,37467.08,January,High Risk,4,16
9520,67,India,19-10-2023,Deluxe,Corporate,10,6356.25,1,57206.25,October,Low Risk,3,15
9522,30,UK,25-03-2023,Deluxe,Corporate,81,12237.28,1,97898.24,March,Medium Risk,2,19
9523,38,India,26-01-2023,Deluxe,Online,158,14827.99,1,163107.89,January,High Risk,2,17
9524,58,India,24-06-2023,Deluxe,Online,34,9963.49,0,49817.45,June,Low Risk,3,7
9533,68,Germany,25-02-2023,Deluxe,Agent,160,8797.65,1,61583.55,February,High Risk,3,7
9535,52,USA,15-11-2023,Deluxe,Corporate,2,7181.11,1,35905.55,November,Low Risk,2,7
9537,20,Germany,21-12-2023,Deluxe,Online,139,11188.34,1,78318.38,December,High Risk,2,9
9539,23,Germany,11-02-2023,Deluxe,Corporate,143,12751.89,1,63759.45,February,High Risk,2,1
9541,66,USA,20-04-2023,Deluxe,Agent,87,13632.73,1,68163.65,April,Medium Risk,4,17
9542,36,UK,11-03-2023,Deluxe,Online,26,12908.53,0,90359.71,March,Low Risk,2,10
9543,20,UAE,11-10-2023,Deluxe,Online,28,10918.47,1,120103.17,October,Low Risk,2,9
9544,35,UK,06-05-2023,Deluxe,Agent,126,8054.2,1,80542,May,High Risk,3,9
9546,26,Germany,23-10-2023,Deluxe,Agent,104,5998.72,1,41991.04,October,High Risk,2,14
9548,29,UK,25-10-2023,Deluxe,Online,68,2773.54,1,8320.62,October,Medium Risk,3,10
9550,20,Germany,18-09-2023,Deluxe,Corporate,179,8712.99,1,43564.95,September,High Risk,4,19
9554,22,USA,24-10-2023,Deluxe,Corporate,39,4229.56,1,16918.24,October,Low Risk,4,7
9558,46,UK,23-02-2023,Deluxe,Online,66,13757.56,0,41272.68,February,Medium Risk,3,18
9562,58,USA,03-02-2023,Deluxe,Corporate,77,12126.04,0,133386.44,February,Medium Risk,4,8
9563,19,UAE,14-06-2023,Deluxe,Corporate,93,10528.75,1,136873.75,June,Medium Risk,3,6
9565,62,India,27-09-2023,Deluxe,Online,135,10471.58,1,31414.74,September,High Risk,4,15
9568,41,USA,20-12-2023,Deluxe,Agent,165,4932.53,1,24662.65,December,High Risk,4,6
9573,63,UAE,04-05-2023,Deluxe,Corporate,94,7094.89,1,28379.56,May,Medium Risk,2,20
9574,46,USA,22-07-2023,Deluxe,Corporate,138,14184.75,1,70923.75,July,High Risk,3,7
9578,48,USA,04-04-2023,Deluxe,Corporate,167,7646.59,1,30586.36,April,High Risk,2,16
9583,27,UK,27-02-2023,Deluxe,Agent,47,3689.12,0,36891.2,February,Low Risk,4,20
9586,68,Germany,19-01-2023,Deluxe,Corporate,152,12140.69,1,48562.76,January,High Risk,2,4
9588,41,UAE,27-04-2023,Deluxe,Agent,172,10302.99,1,82423.92,April,High Risk,4,18
9590,19,UK,23-11-2023,Deluxe,Online,100,9165.87,0,109990.44,November,Medium Risk,2,3
9591,55,USA,23-10-2023,Deluxe,Online,31,4700.12,1,37600.96,October,Low Risk,2,18
9592,48,India,13-01-2023,Deluxe,Agent,122,14068.66,1,84411.96,January,High Risk,4,5
9593,68,UK,11-04-2023,Deluxe,Online,93,10814.74,0,97332.66,April,Medium Risk,4,6
9595,43,UK,23-03-2023,Deluxe,Corporate,122,5212.85,1,20851.4,March,High Risk,2,14
9596,46,India,29-03-2023,Deluxe,Agent,81,7316.72,0,36583.6,March,Medium Risk,4,15
9597,20,UK,15-04-2023,Deluxe,Corporate,107,12142.82,1,48571.28,April,High Risk,4,12
9598,31,Germany,10-05-2023,Deluxe,Corporate,66,5112.31,0,25561.55,May,Medium Risk,3,1
9601,18,UK,08-05-2023,Deluxe,Agent,49,12328.13,1,123281.3,May,Low Risk,4,6
9602,20,India,01-03-2023,Deluxe,Online,135,13480.51,1,107844.08,March,High Risk,4,17
9604,35,UAE,17-01-2023,Deluxe,Corporate,151,12156.35,1,85094.45,January,High Risk,3,14
9605,26,India,14-02-2023,Deluxe,Corporate,125,6318.91,1,44232.37,February,High Risk,2,1
9606,55,Germany,07-02-2023,Deluxe,Corporate,140,8614.28,1,120599.92,February,High Risk,2,1
9608,38,Germany,26-12-2023,Deluxe,Corporate,77,11255.95,0,22511.9,December,Medium Risk,4,20
9609,18,UK,05-03-2023,Deluxe,Online,78,11343.24,0,113432.4,March,Medium Risk,3,11
9613,23,Germany,12-04-2023,Deluxe,Corporate,37,12063.38,0,156823.94,April,Low Risk,3,6
9615,53,Germany,04-10-2023,Deluxe,Online,137,11349.06,1,158886.84,October,High Risk,3,20
9616,45,Germany,15-08-2023,Deluxe,Agent,10,4806.01,0,24030.05,August,Low Risk,2,13
9619,57,USA,04-07-2023,Deluxe,Online,22,10283.41,0,51417.05,July,Low Risk,2,16
9622,29,India,10-10-2023,Deluxe,Online,120,11512.25,1,126634.75,October,High Risk,3,2
9627,39,UAE,13-05-2023,Deluxe,Agent,50,7305.47,0,36527.35,May,Low Risk,4,13
9628,40,India,10-11-2023,Deluxe,Corporate,106,6527.93,1,19583.79,November,High Risk,2,20
9629,47,USA,12-05-2023,Deluxe,Agent,176,7656.57,1,38282.85,May,High Risk,2,9
9635,52,UK,05-01-2023,Deluxe,Online,135,14963.63,1,89781.78,January,High Risk,4,10
9640,48,Germany,24-10-2023,Deluxe,Corporate,71,11579.44,0,11579.44,October,Medium Risk,2,2
9641,50,USA,27-11-2023,Deluxe,Corporate,6,7622.43,0,53357.01,November,Low Risk,3,19
9644,63,UK,05-12-2023,Deluxe,Agent,80,6398.43,0,44789.01,December,Medium Risk,4,18
9650,40,Germany,08-11-2023,Deluxe,Online,142,3400.68,1,6801.36,November,High Risk,3,3
9652,57,India,19-08-2023,Deluxe,Corporate,82,14113.74,0,112909.92,August,Medium Risk,3,16
9653,58,UK,24-02-2023,Deluxe,Online,43,11604.82,0,81233.74,February,Low Risk,4,11
9656,19,Germany,10-10-2023,Deluxe,Agent,63,6309.62,0,69405.82,October,Medium Risk,3,11
9662,62,India,27-10-2023,Deluxe,Corporate,85,13019.08,1,117171.72,October,Medium Risk,3,11
9666,55,India,22-06-2023,Deluxe,Corporate,36,10710.66,0,10710.66,June,Low Risk,3,3
9667,37,USA,23-01-2023,Deluxe,Corporate,137,7035.3,1,77388.3,January,High Risk,2,19
9669,42,UK,28-07-2023,Deluxe,Online,157,13386.39,1,80318.34,July,High Risk,4,17
9672,43,Germany,21-05-2023,Deluxe,Online,165,7311.98,1,65807.82,May,High Risk,2,4
9673,23,USA,06-12-2023,Deluxe,Agent,55,4778.55,0,28671.3,December,Medium Risk,3,6
9674,58,UAE,28-12-2023,Deluxe,Online,113,8880.55,1,71044.4,December,High Risk,2,15
9675,20,UK,16-11-2023,Deluxe,Corporate,121,7187.5,1,100625,November,High Risk,3,7
9677,18,USA,02-08-2023,Deluxe,Corporate,77,2301.5,1,13809,August,Medium Risk,4,18
9689,22,Germany,09-02-2023,Deluxe,Agent,147,10504.05,1,10504.05,February,High Risk,2,9
9690,51,USA,06-04-2023,Deluxe,Corporate,6,2966.62,1,35599.44,April,Low Risk,2,4
9693,30,India,14-03-2023,Deluxe,Online,97,2814.12,0,25327.08,March,Medium Risk,3,8
9700,57,UAE,16-04-2023,Deluxe,Online,79,5213.43,1,62561.16,April,Medium Risk,2,9
9703,41,UAE,23-08-2023,Deluxe,Corporate,31,13978.22,0,13978.22,August,Low Risk,2,20
9704,67,Germany,07-10-2023,Deluxe,Online,165,2234.33,1,6702.99,October,High Risk,2,12
9708,69,USA,06-06-2023,Deluxe,Agent,168,10420.72,1,93786.48,June,High Risk,2,2
9709,29,UAE,30-09-2023,Deluxe,Agent,102,13834.47,1,83006.82,September,High Risk,4,10
9715,63,USA,02-11-2023,Deluxe,Online,80,7552.75,0,105738.5,November,Medium Risk,2,8
9717,41,Germany,24-01-2023,Deluxe,Agent,148,4042.48,1,44467.28,January,High Risk,4,19
9718,65,India,20-10-2023,Deluxe,Agent,75,2762.73,0,13813.65,October,Medium Risk,3,9
9720,61,UK,24-09-2023,Deluxe,Corporate,68,13163.47,0,65817.35,September,Medium Risk,2,18
9721,26,USA,21-12-2023,Deluxe,Corporate,17,6298.35,1,44088.45,December,Low Risk,2,9
9725,67,India,19-11-2023,Deluxe,Agent,130,5396.9,1,43175.2,November,High Risk,3,2
9726,30,Germany,02-01-2023,Deluxe,Corporate,0,4209.82,1,8419.64,January,Low Risk,3,12
9734,33,Germany,05-06-2023,Deluxe,Corporate,118,12663.07,1,75978.42,June,High Risk,4,18
9735,58,Germany,06-06-2023,Deluxe,Corporate,142,14172.22,1,155894.42,June,High Risk,4,2
9738,35,UAE,07-07-2023,Deluxe,Corporate,160,10355.43,1,62132.58,July,High Risk,2,14
9739,66,USA,15-04-2023,Deluxe,Corporate,168,12910.35,1,180744.9,April,High Risk,2,2
9741,24,USA,13-05-2023,Deluxe,Agent,19,12045.18,0,168632.52,May,Low Risk,3,15
9744,22,UAE,14-03-2023,Deluxe,Online,141,5046.9,1,25234.5,March,High Risk,2,16
9749,46,India,02-09-2023,Deluxe,Online,64,3904.56,1,50759.28,September,Medium Risk,4,5
9751,31,USA,04-06-2023,Deluxe,Corporate,97,11152.48,1,22304.96,June,Medium Risk,4,12
9752,32,USA,29-05-2023,Deluxe,Online,175,2298.86,1,4597.72,May,High Risk,4,16
9755,42,India,11-07-2023,Deluxe,Online,74,5570.79,1,22283.16,July,Medium Risk,4,6
9756,38,UAE,23-11-2023,Deluxe,Online,67,13728.14,0,54912.56,November,Medium Risk,4,20
9760,34,USA,12-09-2023,Deluxe,Agent,16,11353.91,1,22707.82,September,Low Risk,2,20
9765,36,Germany,23-09-2023,Deluxe,Agent,117,12364.64,1,111281.76,September,High Risk,2,6
9766,56,USA,10-10-2023,Deluxe,Agent,154,8083.07,1,16166.14,October,High Risk,2,17
9770,63,UK,10-03-2023,Deluxe,Corporate,88,6715.6,0,53724.8,March,Medium Risk,3,12
9771,50,UAE,15-11-2023,Deluxe,Corporate,91,10599.75,0,21199.5,November,Medium Risk,2,3
9775,26,Germany,15-08-2023,Deluxe,Corporate,33,10530.5,0,73713.5,August,Low Risk,3,20
9776,50,India,01-07-2023,Deluxe,Online,85,13858.05,0,180154.65,July,Medium Risk,3,18
9779,36,India,23-05-2023,Deluxe,Corporate,29,5022.3,0,10044.6,May,Low Risk,4,13
9780,44,India,22-07-2023,Deluxe,Online,47,14334.95,1,57339.8,July,Low Risk,2,10
9782,52,Germany,24-09-2023,Deluxe,Corporate,146,3948.77,1,3948.77,September,High Risk,2,11
9788,27,UAE,07-04-2023,Deluxe,Agent,101,14473.21,1,28946.42,April,High Risk,2,16
9789,27,Germany,03-02-2023,Deluxe,Online,177,5130.29,1,5130.29,February,High Risk,2,11
9794,33,USA,21-04-2023,Deluxe,Agent,144,14267.32,1,57069.28,April,High Risk,2,5
9795,43,UK,04-09-2023,Deluxe,Corporate,83,11104.52,0,133254.24,September,Medium Risk,2,12
9799,24,UAE,31-07-2023,Deluxe,Agent,104,3973.13,1,11919.39,July,High Risk,3,19
9802,33,USA,26-06-2023,Deluxe,Corporate,168,8589.22,1,34356.88,June,High Risk,2,19
9812,34,India,07-11-2023,Deluxe,Online,177,6702.34,1,60321.06,November,High Risk,2,14
9815,23,USA,01-05-2023,Deluxe,Agent,53,14638.56,0,131747.04,May,Medium Risk,2,7
9816,41,UAE,02-09-2023,Deluxe,Online,124,6620.28,1,92683.92,September,High Risk,4,6
9818,37,Germany,16-08-2023,Deluxe,Online,122,14179.47,1,85076.82,August,High Risk,2,2
9824,20,Germany,13-03-2023,Deluxe,Online,112,2151.02,1,25812.24,March,High Risk,3,19
9827,56,USA,13-02-2023,Deluxe,Agent,91,4799.16,0,23995.8,February,Medium Risk,4,7
9828,50,UAE,06-06-2023,Deluxe,Online,127,9606.85,1,9606.85,June,High Risk,3,19
9836,62,USA,21-02-2023,Deluxe,Corporate,135,5325.86,1,74562.04,February,High Risk,2,19
9842,41,UK,20-02-2023,Deluxe,Online,67,11080.9,1,88647.2,February,Medium Risk,4,6
9845,59,USA,11-01-2023,Deluxe,Agent,86,11375.74,0,34127.22,January,Medium Risk,2,5
9848,31,UK,14-02-2023,Deluxe,Agent,113,14560.17,1,116481.36,February,High Risk,2,10
9850,53,Germany,24-07-2023,Deluxe,Agent,134,8758.6,1,8758.6,July,High Risk,3,11
9851,65,UAE,07-08-2023,Deluxe,Corporate,94,9518.06,1,38072.24,August,Medium Risk,2,1
9853,62,UAE,13-09-2023,Deluxe,Online,122,9695.85,1,87262.65,September,High Risk,3,14
9857,69,UK,05-10-2023,Deluxe,Corporate,18,7826.73,1,15653.46,October,Low Risk,2,9
9862,43,Germany,01-12-2023,Deluxe,Corporate,24,12682.08,0,139502.88,December,Low Risk,2,19
9872,52,India,09-05-2023,Deluxe,Agent,18,4588.7,1,4588.7,May,Low Risk,2,8
9876,66,India,31-12-2023,Deluxe,Corporate,129,9679.18,1,116150.16,December,High Risk,3,11
9878,56,India,03-08-2023,Deluxe,Online,108,5794.36,1,23177.44,August,High Risk,3,3
9881,40,Germany,15-10-2023,Deluxe,Agent,74,5898.04,0,58980.4,October,Medium Risk,3,10
9887,54,Germany,09-03-2023,Deluxe,Corporate,80,9726.75,0,106994.25,March,Medium Risk,3,20
9888,54,UK,15-11-2023,Deluxe,Online,7,10171.89,0,50859.45,November,Low Risk,4,17
9889,32,India,23-03-2023,Deluxe,Corporate,76,8236.82,0,8236.82,March,Medium Risk,2,19
9893,43,Germany,03-01-2023,Deluxe,Corporate,79,6630.23,0,26520.92,January,Medium Risk,4,6
9896,37,UK,16-08-2023,Deluxe,Corporate,75,2149.11,1,17192.88,August,Medium Risk,3,5
9901,67,UAE,28-11-2023,Deluxe,Online,124,12150.69,1,36452.07,November,High Risk,2,19
9902,55,USA,18-06-2023,Deluxe,Corporate,64,13183.33,0,52733.32,June,Medium Risk,4,11
9905,68,UK,03-12-2023,Deluxe,Agent,99,13072.73,1,65363.65,December,Medium Risk,4,10
9906,28,USA,18-06-2023,Deluxe,Online,144,8522.05,1,8522.05,June,High Risk,2,2
9912,54,USA,25-04-2023,Deluxe,Corporate,176,6511.26,1,19533.78,April,High Risk,4,5
9913,35,UK,01-06-2023,Deluxe,Corporate,57,4228.78,1,59202.92,June,Medium Risk,2,8
9914,67,India,28-03-2023,Deluxe,Agent,123,3765.4,1,22592.4,March,High Risk,3,19
9915,31,USA,05-04-2023,Deluxe,Agent,0,7393.61,1,88723.32,April,Low Risk,3,15
9916,27,India,19-08-2023,Deluxe,Agent,140,10133.6,1,20267.2,August,High Risk,3,14
9923,20,Germany,19-03-2023,Deluxe,Corporate,175,10841.1,1,75887.7,March,High Risk,2,11
9924,56,Germany,20-11-2023,Deluxe,Online,81,5746.06,0,80444.84,November,Medium Risk,2,11
9925,31,UAE,19-08-2023,Deluxe,Online,24,11308.55,0,124394.05,August,Low Risk,4,16
9930,38,USA,24-10-2023,Deluxe,Online,118,14121.51,1,112972.08,October,High Risk,4,3
9931,27,Germany,03-12-2023,Deluxe,Corporate,115,11774.12,1,23548.24,December,High Risk,4,18
9932,60,India,28-03-2023,Deluxe,Online,148,5203.73,1,52037.3,March,High Risk,3,9
9933,32,Germany,22-01-2023,Deluxe,Online,69,3958.25,0,35624.25,January,Medium Risk,3,11
9934,36,India,29-07-2023,Deluxe,Corporate,20,2641.03,1,5282.06,July,Low Risk,3,7
9935,65,UAE,01-11-2023,Deluxe,Online,93,4477.19,1,58203.47,November,Medium Risk,3,11
9940,49,UAE,07-12-2023,Deluxe,Agent,127,12225.8,1,97806.4,December,High Risk,3,17
9941,67,UK,20-08-2023,Deluxe,Online,30,3565.97,1,35659.7,August,Low Risk,4,18
9942,40,UAE,21-08-2023,Deluxe,Online,99,9313.58,0,27940.74,August,Medium Risk,3,7
9945,21,India,18-10-2023,Deluxe,Agent,16,11120.84,0,55604.2,October,Low Risk,2,9
9946,45,UK,03-02-2023,Deluxe,Agent,147,4526.1,1,9052.2,February,High Risk,2,11
9948,25,USA,29-11-2023,Deluxe,Corporate,110,12700.86,1,101606.88,November,High Risk,2,14
9950,68,UAE,05-05-2023,Deluxe,Agent,178,12738.39,1,63691.95,May,High Risk,3,11
9951,52,UK,11-01-2023,Deluxe,Agent,119,14439.84,1,202157.76,January,High Risk,4,20
9952,54,UK,13-11-2023,Deluxe,Corporate,160,13573.67,1,40721.01,November,High Risk,3,13
9958,66,India,12-01-2023,Deluxe,Corporate,2,12007.27,1,84050.89,January,Low Risk,3,11
9961,48,India,27-05-2023,Deluxe,Corporate,75,6488.86,0,19466.58,May,Medium Risk,2,19
9962,51,UAE,18-03-2023,Deluxe,Corporate,4,6049.67,0,66546.37,March,Low Risk,3,13
9963,23,USA,09-03-2023,Deluxe,Agent,2,9235.85,1,55415.1,March,Low Risk,4,14
9964,39,UAE,25-07-2023,Deluxe,Agent,3,6161.96,1,80105.48,July,Low Risk,4,9
9969,29,Germany,31-08-2023,Deluxe,Agent,82,8645.42,0,112390.46,August,Medium Risk,2,7
9977,49,UK,16-03-2023,Deluxe,Online,84,7778.61,0,38893.05,March,Medium Risk,4,14
9979,47,UK,25-08-2023,Deluxe,Agent,133,8557.14,1,34228.56,August,High Risk,2,6
9989,41,India,21-08-2023,Deluxe,Online,155,5758.45,1,51826.05,August,High Risk,4,14
9993,41,UK,28-09-2023,Deluxe,Corporate,18,3551.63,1,10654.89,September,Low Risk,3,15
9994,54,UK,14-07-2023,Deluxe,Corporate,96,10185.37,0,71297.59,July,Medium Risk,4,13
9995,41,USA,21-05-2023,Deluxe,Corporate,135,7103.77,1,92349.01,May,High Risk,3,4
9997,51,India,21-05-2023,Deluxe,Online,35,8842.76,0,123798.64,May,Low Risk,2,18
3,46,USA,14-06-2023,Standard,Online,94,8841.7,0,26525.1,June,Medium Risk,1,6
4,32,UAE,01-07-2023,Standard,Online,122,5471.92,1,49247.28,July,High Risk,2,5
10,40,Germany,09-02-2023,Standard,Corporate,27,12489.67,0,174855.38,February,Low Risk,1,7
11,28,USA,06-11-2023,Standard,Corporate,80,5159.51,1,41276.08,November,Medium Risk,1,16
16,41,Germany,25-06-2023,Standard,Online,153,5795.41,1,63749.51,June,High Risk,1,16
17,20,USA,19-09-2023,Standard,Corporate,3,14569.83,1,174837.96,September,Low Risk,1,8
20,41,USA,19-07-2023,Standard,Online,106,7660.48,1,99586.24,July,High Risk,2,20
23,55,USA,10-11-2023,Standard,Agent,22,11906.47,1,59532.35,November,Low Risk,1,4
26,50,UAE,03-03-2023,Standard,Online,153,13510.33,1,189144.62,March,High Risk,2,1
27,29,UK,23-11-2023,Standard,Agent,115,5073.74,1,35516.18,November,High Risk,2,1
29,61,Germany,07-09-2023,Standard,Online,174,8343.17,1,91774.87,September,High Risk,1,5
33,59,USA,23-07-2023,Standard,Corporate,0,3764.35,0,18821.75,July,Low Risk,1,11
35,33,Germany,28-11-2023,Standard,Agent,172,9741.51,1,97415.1,November,High Risk,1,4
36,32,USA,22-11-2023,Standard,Corporate,93,5362.33,0,42898.64,November,Medium Risk,1,13
39,61,Germany,18-07-2023,Standard,Corporate,18,9871.81,0,88846.29,July,Low Risk,2,1
43,68,USA,02-05-2023,Standard,Agent,38,8436.46,1,33745.84,May,Low Risk,1,12
45,38,India,31-10-2023,Standard,Corporate,159,10510.79,1,147151.06,October,High Risk,2,2
46,26,UAE,25-04-2023,Standard,Corporate,64,11535.94,0,161503.16,April,Medium Risk,1,20
47,56,Germany,09-12-2023,Standard,Agent,46,4244.5,1,21222.5,December,Low Risk,1,5
48,35,UK,08-09-2023,Standard,Agent,140,2422.82,1,12114.1,September,High Risk,2,16
49,21,UAE,07-01-2023,Standard,Corporate,73,7910.49,1,31641.96,January,Medium Risk,1,6
51,31,USA,18-03-2023,Standard,Corporate,154,5545.54,1,38818.78,March,High Risk,2,16
53,26,UK,25-05-2023,Standard,Online,151,3968.88,1,19844.4,May,High Risk,2,5
54,43,UAE,03-06-2023,Standard,Online,147,2370.41,1,21333.69,June,High Risk,2,15
55,19,UK,01-05-2023,Standard,Corporate,85,9209.81,0,64468.67,May,Medium Risk,1,14
62,64,India,01-09-2023,Standard,Corporate,104,12334.49,1,123344.9,September,High Risk,2,5
75,35,UAE,29-03-2023,Standard,Agent,125,12274.3,1,61371.5,March,High Risk,2,19
76,43,UK,08-09-2023,Standard,Agent,58,6284.67,0,87985.38,September,Medium Risk,2,20
77,61,UK,01-12-2023,Standard,Online,105,9315.83,1,65210.81,December,High Risk,2,13
79,27,Germany,12-03-2023,Standard,Corporate,24,14431,1,202034,March,Low Risk,1,19
80,53,UK,17-05-2023,Standard,Corporate,144,5115.25,1,61383,May,High Risk,1,20
86,31,India,14-09-2023,Standard,Agent,22,12698.15,0,88887.05,September,Low Risk,2,19
91,62,UK,08-03-2023,Standard,Corporate,89,11430.23,0,114302.3,March,Medium Risk,2,13
94,41,Germany,05-11-2023,Standard,Online,146,11512.35,1,69074.1,November,High Risk,1,16
95,43,UK,01-04-2023,Standard,Online,92,6557.54,0,85248.02,April,Medium Risk,2,15
97,62,India,26-02-2023,Standard,Online,126,3499.26,1,3499.26,February,High Risk,1,9
99,46,Germany,18-01-2023,Standard,Agent,135,6476.21,1,77714.52,January,High Risk,2,2
104,24,Germany,26-10-2023,Standard,Corporate,12,6721.62,0,67216.2,October,Low Risk,1,8
109,25,UK,23-07-2023,Standard,Agent,18,5160.51,0,25802.55,July,Low Risk,1,17
117,50,India,10-04-2023,Standard,Corporate,177,9560.22,1,86041.98,April,High Risk,2,8
118,22,USA,26-04-2023,Standard,Online,165,10983.99,1,21967.98,April,High Risk,1,1
120,56,India,15-03-2023,Standard,Online,56,3868.95,1,15475.8,March,Medium Risk,2,15
121,58,UK,07-10-2023,Standard,Agent,21,11750.63,0,70503.78,October,Low Risk,1,13
124,26,UAE,26-04-2023,Standard,Online,178,6671.9,1,66719,April,High Risk,1,19
128,50,UAE,06-06-2023,Standard,Online,160,8178.37,1,73605.33,June,High Risk,1,3
138,52,UAE,26-03-2023,Standard,Corporate,170,9270.36,1,55622.16,March,High Risk,2,11
141,54,UAE,09-05-2023,Standard,Agent,153,2468.95,1,19751.6,May,High Risk,1,9
144,20,India,02-07-2023,Standard,Online,132,11124.45,1,44497.8,July,High Risk,2,14
145,18,UAE,07-02-2023,Standard,Corporate,171,8406.29,1,84062.9,February,High Risk,1,17
148,31,Germany,08-01-2023,Standard,Online,39,7840.93,0,47045.58,January,Low Risk,1,1
149,56,Germany,06-08-2023,Standard,Corporate,101,5425.69,1,37979.83,August,High Risk,1,1
150,44,USA,26-07-2023,Standard,Agent,112,4898.61,1,19594.44,July,High Risk,2,2
161,69,India,13-11-2023,Standard,Agent,83,13942.54,1,125482.86,November,Medium Risk,1,18
162,49,India,24-05-2023,Standard,Corporate,162,13080.06,1,78480.36,May,High Risk,1,20
165,54,UK,12-03-2023,Standard,Online,70,9656.22,0,48281.1,March,Medium Risk,2,8
166,40,UAE,24-06-2023,Standard,Agent,4,5814.16,0,58141.6,June,Low Risk,2,7
167,56,USA,08-12-2023,Standard,Online,164,5059.96,1,70839.44,December,High Risk,2,6
168,62,India,15-10-2023,Standard,Online,0,7070.64,0,35353.2,October,Low Risk,1,11
169,32,India,26-10-2023,Standard,Agent,124,12252.04,1,12252.04,October,High Risk,2,11
172,53,UK,12-07-2023,Standard,Agent,7,8262.08,1,74358.72,July,Low Risk,1,12
174,49,Germany,02-11-2023,Standard,Online,125,5945.79,1,23783.16,November,High Risk,2,1
175,24,USA,25-09-2023,Standard,Corporate,125,2255.41,1,6766.23,September,High Risk,1,4
176,68,India,23-07-2023,Standard,Agent,27,11018.51,0,110185.1,July,Low Risk,2,6
182,23,UAE,22-04-2023,Standard,Corporate,147,11488.93,1,80422.51,April,High Risk,2,18
183,45,UK,08-05-2023,Standard,Corporate,141,14174.76,1,198446.64,May,High Risk,2,5
187,37,UK,16-02-2023,Standard,Agent,77,13047.32,0,13047.32,February,Medium Risk,2,6
188,47,India,25-04-2023,Standard,Online,38,3379.91,0,37179.01,April,Low Risk,1,4
192,56,UAE,09-06-2023,Standard,Corporate,18,13586.92,1,67934.6,June,Low Risk,1,2
194,18,USA,17-04-2023,Standard,Corporate,0,9781.61,0,9781.61,April,Low Risk,1,12
198,58,USA,15-06-2023,Standard,Corporate,173,10389.72,1,72728.04,June,High Risk,2,10
199,20,Germany,05-07-2023,Standard,Online,85,10919.12,0,141948.56,July,Medium Risk,2,4
202,25,India,28-06-2023,Standard,Online,104,10176.71,1,30530.13,June,High Risk,1,19
203,44,UAE,24-09-2023,Standard,Corporate,42,14293.64,0,157230.04,September,Low Risk,2,20
208,59,USA,02-10-2023,Standard,Agent,70,13295.16,0,79770.96,October,Medium Risk,2,1
212,49,India,25-10-2023,Standard,Agent,155,14785.77,1,14785.77,October,High Risk,2,19
215,58,UAE,11-01-2023,Standard,Corporate,18,13398.63,0,53594.52,January,Low Risk,2,10
221,56,Germany,03-11-2023,Standard,Online,105,12760.03,1,89320.21,November,High Risk,1,17
225,54,UK,09-09-2023,Standard,Corporate,140,14207.39,1,42622.17,September,High Risk,2,18
227,34,Germany,30-03-2023,Standard,Corporate,137,10091.18,1,100911.8,March,High Risk,2,12
230,19,India,18-04-2023,Standard,Corporate,14,13078.54,0,52314.16,April,Low Risk,2,4
231,45,UK,09-02-2023,Standard,Corporate,106,4135.07,1,53755.91,February,High Risk,1,4
232,40,UK,21-02-2023,Standard,Agent,158,7166.45,1,100330.3,February,High Risk,1,2
233,54,UK,22-04-2023,Standard,Agent,125,10743.33,1,139663.29,April,High Risk,2,13
235,50,Germany,09-03-2023,Standard,Agent,29,9545.51,1,66818.57,March,Low Risk,2,5
237,36,India,28-11-2023,Standard,Agent,96,2830.08,1,11320.32,November,Medium Risk,2,8
239,61,UK,06-03-2023,Standard,Online,15,8517.33,0,93690.63,March,Low Risk,2,8
240,43,India,03-03-2023,Standard,Online,113,5944.72,1,35668.32,March,High Risk,2,8
243,49,UAE,02-05-2023,Standard,Corporate,85,5977.51,0,17932.53,May,Medium Risk,2,7
244,21,UK,27-11-2023,Standard,Online,167,14306.9,1,157375.9,November,High Risk,1,19
248,41,India,30-03-2023,Standard,Corporate,175,9013.44,1,36053.76,March,High Risk,2,3
250,69,Germany,28-01-2023,Standard,Agent,38,13728.63,1,164743.56,January,Low Risk,1,3
252,23,UAE,02-12-2023,Standard,Agent,0,11332.58,0,79328.06,December,Low Risk,2,6
269,37,USA,30-03-2023,Standard,Online,46,4071.26,0,56997.64,March,Low Risk,1,17
270,49,UAE,15-01-2023,Standard,Agent,135,4605.66,1,59873.58,January,High Risk,2,14
280,28,UAE,02-03-2023,Standard,Corporate,139,12768.17,1,140449.87,March,High Risk,2,8
281,45,UK,03-11-2023,Standard,Online,111,4001.77,1,12005.31,November,High Risk,1,20
282,42,USA,15-06-2023,Standard,Agent,138,14393.8,1,14393.8,June,High Risk,1,18
283,67,India,12-01-2023,Standard,Corporate,137,14089,1,42267,January,High Risk,2,18
284,40,UAE,04-08-2023,Standard,Corporate,118,13321.41,1,173178.33,August,High Risk,1,1
286,47,UAE,20-08-2023,Standard,Agent,142,12948.32,1,25896.64,August,High Risk,1,8
288,52,UAE,07-03-2023,Standard,Agent,83,4670.13,0,32690.91,March,Medium Risk,2,10
290,33,India,23-07-2023,Standard,Agent,21,7279.23,0,50954.61,July,Low Risk,1,20
291,43,USA,25-07-2023,Standard,Agent,162,5798.14,1,28990.7,July,High Risk,1,16
295,19,UAE,23-08-2023,Standard,Corporate,69,13173.81,0,171259.53,August,Medium Risk,1,18
296,18,UK,25-06-2023,Standard,Agent,90,9204.98,1,46024.9,June,Medium Risk,1,4
299,22,USA,23-08-2023,Standard,Corporate,35,3681.43,1,33132.87,August,Low Risk,1,13
300,54,UK,30-08-2023,Standard,Corporate,79,12481.4,1,62407,August,Medium Risk,1,13
303,58,UAE,26-09-2023,Standard,Corporate,112,10309.91,1,123718.92,September,High Risk,2,5
306,65,USA,19-11-2023,Standard,Agent,95,10744.73,0,42978.92,November,Medium Risk,1,3
317,53,India,31-05-2023,Standard,Corporate,165,8535.38,1,42676.9,May,High Risk,2,15
318,55,UK,30-10-2023,Standard,Online,40,9530.53,1,104835.83,October,Low Risk,1,13
319,57,USA,25-09-2023,Standard,Agent,44,9553.18,0,114638.16,September,Low Risk,1,1
328,63,India,23-11-2023,Standard,Online,103,4726.54,1,56718.48,November,High Risk,1,16
330,19,USA,05-05-2023,Standard,Agent,140,10794.32,1,64765.92,May,High Risk,1,18
333,58,India,01-08-2023,Standard,Online,161,14709.59,1,88257.54,August,High Risk,1,5
342,25,USA,01-03-2023,Standard,Agent,38,9838.92,1,118067.04,March,Low Risk,2,18
343,24,Germany,07-07-2023,Standard,Agent,77,10035.12,0,20070.24,July,Medium Risk,1,17
344,20,UK,27-02-2023,Standard,Agent,90,11864.19,0,71185.14,February,Medium Risk,2,5
346,50,USA,11-06-2023,Standard,Agent,168,8389.94,1,16779.88,June,High Risk,2,19
348,29,UK,02-11-2023,Standard,Agent,67,11035.37,1,154495.18,November,Medium Risk,2,2
349,68,India,02-01-2023,Standard,Corporate,86,3110.96,0,40442.48,January,Medium Risk,1,6
353,47,USA,18-12-2023,Standard,Online,31,4586.54,0,13759.62,December,Low Risk,2,5
356,62,UAE,29-06-2023,Standard,Online,81,9504.52,0,95045.2,June,Medium Risk,2,17
361,51,USA,24-10-2023,Standard,Online,143,3480.05,1,27840.4,October,High Risk,2,18
366,64,UK,20-04-2023,Standard,Agent,82,4158.01,1,4158.01,April,Medium Risk,1,11
368,22,UAE,09-02-2023,Standard,Online,57,12777.94,1,178891.16,February,Medium Risk,1,11
373,66,India,24-12-2023,Standard,Corporate,29,6683.24,1,60149.16,December,Low Risk,2,4
376,45,USA,13-12-2023,Standard,Corporate,13,12164.62,1,133810.82,December,Low Risk,2,14
384,41,USA,18-01-2023,Standard,Online,37,10600.71,1,95406.39,January,Low Risk,2,16
385,46,India,03-07-2023,Standard,Online,91,12357.67,0,123576.7,July,Medium Risk,2,6
389,52,UK,02-09-2023,Standard,Online,1,2667.1,1,21336.8,September,Low Risk,2,3
397,35,UAE,26-06-2023,Standard,Agent,2,8687.21,0,8687.21,June,Low Risk,2,6
400,48,Germany,24-04-2023,Standard,Agent,22,4725.34,1,37802.72,April,Low Risk,2,19
401,20,Germany,29-06-2023,Standard,Corporate,101,13512.95,1,108103.6,June,High Risk,1,20
402,57,USA,13-07-2023,Standard,Online,76,7384,0,14768,July,Medium Risk,2,9
403,63,India,15-07-2023,Standard,Corporate,133,11780.72,1,129587.92,July,High Risk,2,20
408,39,UK,18-09-2023,Standard,Corporate,80,12269.59,0,122695.9,September,Medium Risk,2,15
410,19,Germany,30-05-2023,Standard,Online,66,3189.03,1,9567.09,May,Medium Risk,2,13
416,57,India,30-06-2023,Standard,Agent,52,11704.64,0,140455.68,June,Medium Risk,1,16
423,59,India,24-09-2023,Standard,Online,84,2290.63,1,11453.15,September,Medium Risk,2,1
424,43,India,19-05-2023,Standard,Online,65,11601.86,0,11601.86,May,Medium Risk,1,8
428,41,UAE,30-09-2023,Standard,Online,1,5567.79,1,16703.37,September,Low Risk,2,18
430,24,India,10-07-2023,Standard,Online,177,13511.48,1,13511.48,July,High Risk,2,20
434,18,UAE,17-05-2023,Standard,Corporate,112,4647.82,1,13943.46,May,High Risk,1,18
435,25,India,18-03-2023,Standard,Online,81,13224.31,0,158691.72,March,Medium Risk,1,12
439,29,India,15-05-2023,Standard,Online,171,2723.11,1,21784.88,May,High Risk,1,4
442,32,Germany,17-02-2023,Standard,Agent,138,14567.19,1,43701.57,February,High Risk,2,7
444,51,Germany,14-05-2023,Standard,Corporate,178,13561.7,1,108493.6,May,High Risk,1,9
446,49,Germany,27-07-2023,Standard,Agent,24,14462.11,0,101234.77,July,Low Risk,2,15
448,39,Germany,15-02-2023,Standard,Agent,5,6233.91,0,43637.37,February,Low Risk,2,15
449,68,India,11-03-2023,Standard,Agent,109,13238.07,1,13238.07,March,High Risk,2,4
450,42,USA,16-05-2023,Standard,Online,171,11715.03,1,105435.27,May,High Risk,1,3
451,39,Germany,07-10-2023,Standard,Corporate,7,11574.63,0,138895.56,October,Low Risk,2,3
460,50,UAE,23-09-2023,Standard,Agent,170,7899.25,1,55294.75,September,High Risk,1,2
466,21,Germany,01-06-2023,Standard,Agent,46,12449.67,0,49798.68,June,Low Risk,2,14
468,62,UK,22-08-2023,Standard,Corporate,77,9090.1,1,81810.9,August,Medium Risk,1,12
471,47,India,27-12-2023,Standard,Online,106,2553.12,1,15318.72,December,High Risk,2,20
472,64,USA,16-11-2023,Standard,Online,172,11317.53,1,124492.83,November,High Risk,1,2
477,30,UK,26-12-2023,Standard,Agent,159,8395.09,1,8395.09,December,High Risk,1,19
478,67,Germany,30-03-2023,Standard,Agent,172,7820.06,1,39100.3,March,High Risk,2,13
480,47,Germany,07-07-2023,Standard,Corporate,179,7958.64,1,111420.96,July,High Risk,1,20
482,34,Germany,27-08-2023,Standard,Corporate,146,8348.34,1,16696.68,August,High Risk,2,8
483,36,UK,13-09-2023,Standard,Agent,63,9939.33,0,59635.98,September,Medium Risk,2,10
485,43,UK,07-05-2023,Standard,Corporate,72,12623.19,1,25246.38,May,Medium Risk,1,12
489,26,UAE,19-05-2023,Standard,Agent,156,12869.8,1,90088.6,May,High Risk,2,4
490,29,UAE,13-04-2023,Standard,Online,3,2549.87,1,12749.35,April,Low Risk,1,8
491,18,UAE,30-08-2023,Standard,Corporate,123,4775.38,1,19101.52,August,High Risk,2,16
493,64,UK,02-08-2023,Standard,Corporate,91,13120.63,0,157447.56,August,Medium Risk,2,8
495,49,India,28-06-2023,Standard,Online,140,10164.66,1,81317.28,June,High Risk,2,5
505,46,UK,20-08-2023,Standard,Online,129,4267.51,1,25605.06,August,High Risk,2,13
508,43,UAE,09-04-2023,Standard,Corporate,151,2323.98,1,4647.96,April,High Risk,2,1
509,33,UK,26-07-2023,Standard,Agent,76,10362.33,0,51811.65,July,Medium Risk,1,10
512,39,India,03-04-2023,Standard,Corporate,148,3563.29,1,42759.48,April,High Risk,1,6
513,46,Germany,07-06-2023,Standard,Online,149,6290.57,1,18871.71,June,High Risk,1,12
515,45,India,09-04-2023,Standard,Online,105,5056.18,1,60674.16,April,High Risk,1,19
516,22,USA,13-08-2023,Standard,Online,127,8282.36,1,74541.24,August,High Risk,2,3
521,69,UK,14-10-2023,Standard,Agent,99,13981.64,1,27963.28,October,Medium Risk,2,15
526,43,UAE,17-07-2023,Standard,Agent,171,14924.48,1,119395.84,July,High Risk,1,12
529,56,UAE,07-01-2023,Standard,Corporate,132,11049.04,1,44196.16,January,High Risk,1,2
530,53,UK,05-09-2023,Standard,Corporate,147,10004.93,1,110054.23,September,High Risk,1,9
531,50,UAE,20-08-2023,Standard,Online,142,4731.56,1,9463.12,August,High Risk,1,3
541,27,USA,12-06-2023,Standard,Online,129,5776.29,1,57762.9,June,High Risk,2,10
542,36,India,01-03-2023,Standard,Online,44,5425.41,0,32552.46,March,Low Risk,2,11
547,21,USA,13-11-2023,Standard,Corporate,156,9639.96,1,86759.64,November,High Risk,2,14
549,41,UK,09-07-2023,Standard,Online,77,4640.41,0,32482.87,July,Medium Risk,1,5
551,19,UK,23-10-2023,Standard,Online,173,8046.9,1,40234.5,October,High Risk,2,9
554,49,UAE,21-10-2023,Standard,Corporate,100,8405.29,1,84052.9,October,Medium Risk,1,3
556,37,India,26-07-2023,Standard,Agent,171,9781.53,1,88033.77,July,High Risk,2,5
557,41,USA,03-08-2023,Standard,Online,31,13530.38,0,13530.38,August,Low Risk,1,20
558,29,USA,10-12-2023,Standard,Agent,48,8933.03,0,116129.39,December,Low Risk,2,17
561,50,UAE,01-07-2023,Standard,Agent,5,9836.62,1,68856.34,July,Low Risk,2,2
563,68,USA,08-05-2023,Standard,Agent,62,10408.16,1,20816.32,May,Medium Risk,2,1
565,54,USA,08-02-2023,Standard,Agent,149,11304.47,1,158262.58,February,High Risk,2,19
567,20,USA,30-08-2023,Standard,Agent,146,8168.29,1,57178.03,August,High Risk,1,14
568,18,USA,17-04-2023,Standard,Agent,161,3256.74,1,26053.92,April,High Risk,2,5
572,60,USA,07-10-2023,Standard,Agent,56,3101.35,0,31013.5,October,Medium Risk,1,6
574,46,UK,10-07-2023,Standard,Corporate,58,2413.64,1,9654.56,July,Medium Risk,2,6
575,30,USA,17-10-2023,Standard,Corporate,165,12946.9,1,155362.8,October,High Risk,1,17
576,29,Germany,28-06-2023,Standard,Corporate,136,11458.99,1,57294.95,June,High Risk,2,4
577,48,UAE,22-04-2023,Standard,Agent,33,4629.88,0,4629.88,April,Low Risk,2,12
583,40,USA,13-01-2023,Standard,Corporate,165,6517.16,1,84723.08,January,High Risk,2,14
584,34,India,21-03-2023,Standard,Corporate,111,3324.45,1,33244.5,March,High Risk,1,15
585,43,India,13-10-2023,Standard,Agent,122,12267.07,1,122670.7,October,High Risk,1,8
589,27,UAE,30-05-2023,Standard,Agent,69,12151.03,0,157963.39,May,Medium Risk,1,18
590,43,Germany,23-10-2023,Standard,Agent,59,8443.19,0,50659.14,October,Medium Risk,1,20
592,68,USA,30-11-2023,Standard,Agent,91,5073.89,0,40591.12,November,Medium Risk,1,11
596,67,UK,15-01-2023,Standard,Corporate,6,7927.49,0,95129.88,January,Low Risk,1,16
600,53,Germany,17-05-2023,Standard,Corporate,41,7220.38,1,21661.14,May,Low Risk,1,6
601,42,Germany,17-11-2023,Standard,Online,89,5132.35,0,10264.7,November,Medium Risk,1,9
605,54,UAE,29-04-2023,Standard,Corporate,50,14981.09,1,89886.54,April,Low Risk,1,2
608,52,UK,22-12-2023,Standard,Agent,119,6104.92,1,48839.36,December,High Risk,1,20
612,53,USA,18-11-2023,Standard,Online,146,2883.62,1,14418.1,November,High Risk,2,18
613,35,UAE,01-10-2023,Standard,Agent,49,9934.14,1,99341.4,October,Low Risk,1,4
620,54,USA,10-11-2023,Standard,Online,137,12182.27,1,134004.97,November,High Risk,2,16
624,40,UAE,22-10-2023,Standard,Agent,56,3586.81,0,14347.24,October,Medium Risk,2,9
626,52,India,22-07-2023,Standard,Online,28,3527.69,0,3527.69,July,Low Risk,2,13
628,47,India,28-12-2023,Standard,Corporate,104,2045.81,1,28641.34,December,High Risk,1,13
629,34,India,14-09-2023,Standard,Agent,144,8038.79,1,56271.53,September,High Risk,2,17
631,37,UAE,10-12-2023,Standard,Online,143,13064.7,1,104517.6,December,High Risk,2,8
634,39,UAE,25-07-2023,Standard,Online,165,9847.3,1,9847.3,July,High Risk,1,1
636,36,Germany,20-06-2023,Standard,Online,75,13517.8,1,54071.2,June,Medium Risk,1,18
638,53,India,16-08-2023,Standard,Agent,9,4365.51,1,43655.1,August,Low Risk,2,3
644,24,India,13-05-2023,Standard,Online,172,4268.48,1,42684.8,May,High Risk,1,13
645,45,UK,13-03-2023,Standard,Agent,53,6844.66,0,13689.32,March,Medium Risk,1,10
646,31,Germany,19-03-2023,Standard,Corporate,42,8950.27,1,8950.27,March,Low Risk,2,1
647,48,India,08-07-2023,Standard,Online,36,14788.21,0,14788.21,July,Low Risk,2,9
650,64,UK,20-09-2023,Standard,Corporate,128,6581.29,1,92138.06,September,High Risk,2,8
651,33,Germany,02-11-2023,Standard,Online,92,4819.68,1,67475.52,November,Medium Risk,2,9
652,22,Germany,15-02-2023,Standard,Agent,15,3979.37,0,35814.33,February,Low Risk,1,9
653,52,India,12-08-2023,Standard,Corporate,36,3559.74,0,3559.74,August,Low Risk,1,6
655,42,Germany,07-09-2023,Standard,Online,134,13786.24,1,165434.88,September,High Risk,1,19
657,38,India,15-03-2023,Standard,Corporate,178,9131.08,1,109572.96,March,High Risk,2,9
660,33,UAE,12-04-2023,Standard,Agent,21,11524.55,1,11524.55,April,Low Risk,1,8
669,40,India,27-10-2023,Standard,Agent,26,14813.27,0,118506.16,October,Low Risk,1,10
672,28,Germany,17-04-2023,Standard,Agent,106,10756.78,1,150594.92,April,High Risk,1,7
673,35,UK,05-05-2023,Standard,Corporate,150,9915.16,1,118981.92,May,High Risk,1,16
677,27,UK,11-06-2023,Standard,Corporate,143,3129.2,1,28162.8,June,High Risk,2,6
679,34,UAE,29-10-2023,Standard,Online,89,13257.06,0,106056.48,October,Medium Risk,2,13
683,30,USA,08-04-2023,Standard,Agent,53,2252.53,1,9010.12,April,Medium Risk,2,12
687,67,India,29-01-2023,Standard,Agent,11,11885.05,1,11885.05,January,Low Risk,1,7
690,22,India,14-08-2023,Standard,Online,177,5715.62,1,22862.48,August,High Risk,2,12
691,46,Germany,29-09-2023,Standard,Agent,170,8274.47,1,99293.64,September,High Risk,2,4
693,55,USA,24-11-2023,Standard,Corporate,176,14909.49,1,74547.45,November,High Risk,1,11
694,36,India,12-10-2023,Standard,Online,88,4118.11,0,28826.77,October,Medium Risk,2,4
696,65,India,29-10-2023,Standard,Corporate,86,6724.72,0,87421.36,October,Medium Risk,2,19
702,24,Germany,17-10-2023,Standard,Agent,119,3576.84,1,50075.76,October,High Risk,1,15
703,42,India,09-06-2023,Standard,Corporate,142,10255.78,1,133325.14,June,High Risk,1,1
707,23,Germany,22-10-2023,Standard,Online,161,10887.05,1,119757.55,October,High Risk,2,13
709,36,India,20-04-2023,Standard,Corporate,61,9374.29,1,121865.77,April,Medium Risk,2,16
711,56,USA,16-05-2023,Standard,Corporate,159,11021.8,1,99196.2,May,High Risk,2,15
714,43,Germany,01-10-2023,Standard,Corporate,92,9737.17,0,126583.21,October,Medium Risk,1,4
719,30,UAE,25-08-2023,Standard,Corporate,54,7550.13,0,60401.04,August,Medium Risk,2,1
729,30,India,02-10-2023,Standard,Corporate,56,11562.77,1,150316.01,October,Medium Risk,2,18
730,45,Germany,05-03-2023,Standard,Corporate,5,3498.27,0,27986.16,March,Low Risk,2,19
732,42,UAE,20-08-2023,Standard,Online,19,11588.49,1,34765.47,August,Low Risk,2,5
733,50,UAE,20-02-2023,Standard,Corporate,49,6789.18,0,81470.16,February,Low Risk,2,19
735,23,UAE,07-06-2023,Standard,Agent,141,9463.98,1,123031.74,June,High Risk,1,15
737,62,India,22-03-2023,Standard,Online,150,4229.63,1,16918.52,March,High Risk,1,1
738,49,USA,20-08-2023,Standard,Corporate,47,5898.1,0,17694.3,August,Low Risk,2,3
740,64,India,08-05-2023,Standard,Agent,55,11112.52,0,88900.16,May,Medium Risk,1,3
745,54,India,29-11-2023,Standard,Corporate,85,12850.13,1,115651.17,November,Medium Risk,1,10
747,52,India,25-05-2023,Standard,Corporate,121,7428.5,1,37142.5,May,High Risk,1,11
748,36,Germany,06-05-2023,Standard,Agent,158,4800.32,1,62404.16,May,High Risk,1,5
753,66,India,21-05-2023,Standard,Agent,154,13355.84,1,53423.36,May,High Risk,2,18
754,31,India,30-11-2023,Standard,Corporate,88,9795.91,0,88163.19,November,Medium Risk,2,8
758,20,UAE,20-04-2023,Standard,Agent,174,4322.53,1,60515.42,April,High Risk,2,4
759,33,USA,21-02-2023,Standard,Agent,59,14415.27,1,43245.81,February,Medium Risk,1,9
760,40,UK,13-04-2023,Standard,Online,35,8084.43,1,105097.59,April,Low Risk,2,4
762,29,UK,22-05-2023,Standard,Online,173,13354.62,1,53418.48,May,High Risk,1,20
768,29,UK,15-02-2023,Standard,Corporate,115,14516.92,1,188719.96,February,High Risk,1,15
770,45,Germany,02-01-2023,Standard,Agent,167,12098.59,1,145183.08,January,High Risk,1,9
772,45,UK,11-11-2023,Standard,Agent,4,14014.95,0,112119.6,November,Low Risk,2,13
773,53,UAE,18-03-2023,Standard,Online,69,7561.99,0,30247.96,March,Medium Risk,1,18
779,54,UAE,04-02-2023,Standard,Corporate,73,5677.32,1,79482.48,February,Medium Risk,1,18
780,58,USA,02-01-2023,Standard,Online,167,8633.92,1,51803.52,January,High Risk,1,5
783,34,India,08-12-2023,Standard,Agent,167,10752.81,1,10752.81,December,High Risk,1,16
788,45,USA,16-07-2023,Standard,Agent,117,13099.18,1,78595.08,July,High Risk,1,9
790,46,USA,22-09-2023,Standard,Agent,48,9505.28,0,28515.84,September,Low Risk,1,12
794,23,India,04-11-2023,Standard,Online,87,8795.82,0,79162.38,November,Medium Risk,2,1
796,68,USA,30-01-2023,Standard,Online,77,10893.74,1,98043.66,January,Medium Risk,2,18
801,27,Germany,15-05-2023,Standard,Online,44,4027.18,0,8054.36,May,Low Risk,2,12
803,67,UK,23-01-2023,Standard,Corporate,127,8313.67,1,74823.03,January,High Risk,1,15
804,62,UK,28-03-2023,Standard,Agent,59,12823.12,0,12823.12,March,Medium Risk,1,3
806,50,Germany,01-05-2023,Standard,Agent,125,13450.42,1,67252.1,May,High Risk,1,8
807,18,UK,10-03-2023,Standard,Corporate,173,12542.87,1,12542.87,March,High Risk,1,17
808,35,UAE,14-05-2023,Standard,Online,34,4671.07,1,23355.35,May,Low Risk,1,14
810,64,Germany,26-05-2023,Standard,Agent,132,7954.17,1,55679.19,May,High Risk,1,8
814,43,USA,27-03-2023,Standard,Corporate,144,2293.37,1,2293.37,March,High Risk,2,5
820,50,UAE,09-12-2023,Standard,Agent,108,9825.46,1,78603.68,December,High Risk,2,14
826,65,UK,27-10-2023,Standard,Online,102,8295.43,1,33181.72,October,High Risk,2,18
828,45,UK,29-09-2023,Standard,Corporate,2,2480.7,1,29768.4,September,Low Risk,1,19
830,22,Germany,05-06-2023,Standard,Online,68,3276.29,1,3276.29,June,Medium Risk,2,12
832,22,India,14-12-2023,Standard,Corporate,16,4249.41,1,4249.41,December,Low Risk,2,20
836,54,UK,05-11-2023,Standard,Online,66,2958.93,1,17753.58,November,Medium Risk,2,13
837,54,USA,18-02-2023,Standard,Corporate,33,9336.21,0,46681.05,February,Low Risk,1,20
838,27,USA,13-06-2023,Standard,Agent,7,8763.38,0,113923.94,June,Low Risk,2,20
840,36,UAE,06-12-2023,Standard,Online,59,8706.82,1,113188.66,December,Medium Risk,1,19
842,38,India,08-11-2023,Standard,Corporate,100,9489.48,0,85405.32,November,Medium Risk,2,15
843,31,USA,12-12-2023,Standard,Online,108,7940.65,1,15881.3,December,High Risk,1,16
844,26,USA,30-05-2023,Standard,Agent,149,3062.76,1,36753.12,May,High Risk,1,20
846,18,UAE,10-03-2023,Standard,Corporate,177,5111.34,1,5111.34,March,High Risk,1,7
847,68,Germany,26-06-2023,Standard,Agent,111,13299.05,1,79794.3,June,High Risk,1,18
850,21,Germany,05-11-2023,Standard,Online,118,7903.69,1,63229.52,November,High Risk,1,9
852,66,USA,07-01-2023,Standard,Agent,65,9985.97,0,99859.7,January,Medium Risk,2,12
853,57,UK,12-09-2023,Standard,Online,148,8969.38,1,35877.52,September,High Risk,1,10
855,51,USA,17-12-2023,Standard,Online,175,6371.14,1,19113.42,December,High Risk,2,17
860,43,India,01-12-2023,Standard,Online,145,8852.16,1,35408.64,December,High Risk,2,11
863,67,UAE,20-09-2023,Standard,Online,53,14751.54,0,59006.16,September,Medium Risk,1,5
867,22,UAE,02-03-2023,Standard,Corporate,44,10139.53,0,60837.18,March,Low Risk,1,5
870,34,UK,17-08-2023,Standard,Online,69,8241.62,0,90657.82,August,Medium Risk,2,9
880,68,India,22-01-2023,Standard,Corporate,125,14230.05,1,28460.1,January,High Risk,2,14
891,68,UAE,17-06-2023,Standard,Online,64,4550.22,1,4550.22,June,Medium Risk,1,10
894,55,India,25-06-2023,Standard,Corporate,97,10997.93,1,21995.86,June,Medium Risk,2,19
895,50,UK,22-02-2023,Standard,Agent,48,13196.4,1,131964,February,Low Risk,1,9
897,32,Germany,10-01-2023,Standard,Agent,36,2708.9,0,8126.7,January,Low Risk,2,2
901,34,UAE,30-08-2023,Standard,Online,101,12065.47,1,144785.64,August,High Risk,2,5
907,27,UK,03-08-2023,Standard,Online,79,11623.93,0,151111.09,August,Medium Risk,2,19
908,34,UAE,28-07-2023,Standard,Agent,166,9577.93,1,47889.65,July,High Risk,1,1
911,22,Germany,06-09-2023,Standard,Agent,36,5137.3,0,56510.3,September,Low Risk,1,13
912,51,UAE,28-01-2023,Standard,Agent,120,12262.98,1,147155.76,January,High Risk,1,4
913,23,UAE,23-10-2023,Standard,Corporate,7,14440.98,0,202173.72,October,Low Risk,2,12
915,30,UAE,12-10-2023,Standard,Agent,4,13064.1,0,104512.8,October,Low Risk,1,15
917,60,Germany,20-01-2023,Standard,Agent,26,7134.94,1,28539.76,January,Low Risk,1,1
918,65,Germany,26-11-2023,Standard,Corporate,123,12706.92,1,25413.84,November,High Risk,2,6
934,20,USA,17-03-2023,Standard,Online,138,5664.98,1,22659.92,March,High Risk,1,11
935,44,UAE,09-04-2023,Standard,Corporate,111,13681.45,1,123133.05,April,High Risk,1,18
936,46,Germany,29-06-2023,Standard,Online,128,4207.14,1,25242.84,June,High Risk,2,15
937,49,USA,07-05-2023,Standard,Agent,95,10221.36,0,30664.08,May,Medium Risk,2,3
938,67,USA,01-02-2023,Standard,Corporate,7,6096.97,0,36581.82,February,Low Risk,1,14
945,59,India,18-01-2023,Standard,Agent,85,8766.48,1,26299.44,January,Medium Risk,2,14
946,39,India,03-04-2023,Standard,Agent,97,5636.02,1,67632.24,April,Medium Risk,1,16
947,38,Germany,07-10-2023,Standard,Corporate,20,6482.34,0,77788.08,October,Low Risk,1,1
952,29,UAE,10-04-2023,Standard,Online,9,14492.75,0,130434.75,April,Low Risk,2,16
958,43,Germany,03-02-2023,Standard,Corporate,48,10111.72,0,60670.32,February,Low Risk,1,13
959,62,India,03-02-2023,Standard,Agent,23,2620.11,0,34061.43,February,Low Risk,2,9
963,64,India,02-09-2023,Standard,Agent,54,13338.8,0,173404.4,September,Medium Risk,2,14
970,43,UAE,12-10-2023,Standard,Corporate,55,3108.99,0,12435.96,October,Medium Risk,2,1
971,53,USA,23-05-2023,Standard,Online,23,10118.73,1,141662.22,May,Low Risk,1,8
973,25,UAE,05-11-2023,Standard,Corporate,139,11956.71,1,131523.81,November,High Risk,2,18
974,66,UK,16-11-2023,Standard,Agent,90,3536.04,0,14144.16,November,Medium Risk,1,16
975,52,Germany,31-07-2023,Standard,Corporate,14,14340.63,1,114725.04,July,Low Risk,2,12
976,69,India,13-11-2023,Standard,Agent,72,2906.55,0,23252.4,November,Medium Risk,1,9
982,45,India,27-08-2023,Standard,Agent,15,10752.66,0,43010.64,August,Low Risk,1,15
987,62,Germany,04-10-2023,Standard,Online,11,4985.33,0,54838.63,October,Low Risk,2,14
994,40,UK,22-05-2023,Standard,Agent,91,14368.12,0,100576.84,May,Medium Risk,2,16
996,60,USA,18-11-2023,Standard,Corporate,115,4600.87,1,36806.96,November,High Risk,1,14
997,64,India,01-07-2023,Standard,Online,130,3810.16,1,53342.24,July,High Risk,1,10
1001,52,India,23-02-2023,Standard,Agent,107,14730.23,1,58920.92,February,High Risk,1,11
1002,68,India,22-12-2023,Standard,Online,179,3810.17,1,30481.36,December,High Risk,1,17
1003,32,UK,04-10-2023,Standard,Online,15,6106.29,1,79381.77,October,Low Risk,1,17
1005,54,UK,24-03-2023,Standard,Corporate,55,12515.02,0,150180.24,March,Medium Risk,2,14
1006,45,UK,05-06-2023,Standard,Online,135,6895.05,1,20685.15,June,High Risk,2,20
1012,43,UK,27-08-2023,Standard,Corporate,42,5609.3,0,67311.6,August,Low Risk,2,7
1013,61,Germany,24-05-2023,Standard,Corporate,43,11635.87,0,58179.35,May,Low Risk,2,8
1015,34,UAE,05-03-2023,Standard,Agent,79,4745.66,1,61693.58,March,Medium Risk,1,1
1017,37,UK,22-03-2023,Standard,Corporate,143,5646.79,1,79055.06,March,High Risk,2,19
1021,20,USA,16-06-2023,Standard,Online,150,3654.99,1,3654.99,June,High Risk,2,15
1023,62,UK,13-06-2023,Standard,Agent,146,8062.03,1,56434.21,June,High Risk,2,4
1025,64,India,06-09-2023,Standard,Online,96,2256.78,0,2256.78,September,Medium Risk,1,5
1029,51,UK,15-11-2023,Standard,Online,83,12946.43,0,142410.73,November,Medium Risk,1,17
1031,25,India,24-01-2023,Standard,Online,12,11736.13,1,129097.43,January,Low Risk,1,12
1033,66,India,17-12-2023,Standard,Agent,79,14540.02,1,14540.02,December,Medium Risk,2,1
1034,61,USA,24-03-2023,Standard,Online,94,10108.09,1,80864.72,March,Medium Risk,1,10
1035,36,UK,24-12-2023,Standard,Agent,38,2887.61,1,34651.32,December,Low Risk,1,8
1047,39,UAE,02-05-2023,Standard,Agent,99,13569.18,0,94984.26,May,Medium Risk,1,1
1058,26,India,11-10-2023,Standard,Agent,101,5339.81,1,37378.67,October,High Risk,2,14
1064,53,USA,09-07-2023,Standard,Agent,91,6542.42,1,45796.94,July,Medium Risk,1,12
1068,19,India,01-07-2023,Standard,Agent,72,7288.91,0,72889.1,July,Medium Risk,2,1
1070,45,India,07-06-2023,Standard,Corporate,147,3645.35,1,29162.8,June,High Risk,1,8
1078,68,India,13-08-2023,Standard,Agent,159,2224.88,1,2224.88,August,High Risk,2,3
1085,62,India,01-01-2023,Standard,Agent,160,5213.45,1,36494.15,January,High Risk,2,14
1087,22,UAE,02-09-2023,Standard,Online,112,10100.89,1,111109.79,September,High Risk,1,15
1088,23,Germany,07-08-2023,Standard,Online,91,6591.03,1,6591.03,August,Medium Risk,1,14
1089,43,UK,12-04-2023,Standard,Online,65,7848.22,0,94178.64,April,Medium Risk,1,9
1093,50,USA,23-02-2023,Standard,Online,4,2812.39,0,11249.56,February,Low Risk,1,14
1096,29,UAE,16-01-2023,Standard,Corporate,73,6770.1,0,94781.4,January,Medium Risk,2,9
1102,54,UAE,19-03-2023,Standard,Agent,106,4604.8,1,4604.8,March,High Risk,2,10
1107,20,UAE,04-07-2023,Standard,Agent,75,11121.23,0,155697.22,July,Medium Risk,2,11
1119,19,UAE,29-08-2023,Standard,Online,21,14599.99,0,189799.87,August,Low Risk,2,16
1124,34,India,27-08-2023,Standard,Agent,61,6054.26,0,78705.38,August,Medium Risk,1,9
1126,28,USA,08-04-2023,Standard,Online,73,13853.33,0,166239.96,April,Medium Risk,2,20
1128,41,Germany,19-09-2023,Standard,Agent,152,13873.46,1,83240.76,September,High Risk,2,19
1131,47,UAE,27-08-2023,Standard,Corporate,47,6662.65,0,26650.6,August,Low Risk,2,4
1133,66,UAE,10-08-2023,Standard,Online,22,9189.1,1,128647.4,August,Low Risk,1,16
1134,22,USA,15-07-2023,Standard,Agent,54,6511.34,0,84647.42,July,Medium Risk,2,3
1136,67,USA,10-01-2023,Standard,Agent,130,8517.21,1,8517.21,January,High Risk,2,6
1138,28,USA,21-11-2023,Standard,Corporate,51,14494.42,0,202921.88,November,Medium Risk,1,5
1144,18,USA,15-07-2023,Standard,Online,91,8256.3,1,66050.4,July,Medium Risk,1,11
1147,46,UAE,13-08-2023,Standard,Corporate,168,5056.21,1,15168.63,August,High Risk,1,2
1149,28,UAE,12-04-2023,Standard,Agent,8,11581.24,1,11581.24,April,Low Risk,2,10
1150,58,UAE,21-09-2023,Standard,Online,98,11361.83,0,90894.64,September,Medium Risk,1,8
1151,54,India,10-06-2023,Standard,Agent,35,13347.34,0,186862.76,June,Low Risk,1,4
1152,31,USA,21-08-2023,Standard,Agent,56,2339.66,1,14037.96,August,Medium Risk,1,11
1153,47,Germany,02-10-2023,Standard,Agent,62,9970.85,0,9970.85,October,Medium Risk,2,19
1155,38,Germany,07-11-2023,Standard,Agent,19,2446.86,1,4893.72,November,Low Risk,1,11
1156,54,Germany,19-05-2023,Standard,Agent,46,11829.89,0,70979.34,May,Low Risk,2,16
1159,31,USA,13-11-2023,Standard,Agent,72,7521,1,60168,November,Medium Risk,1,11
1163,62,India,25-12-2023,Standard,Agent,99,12238.41,0,122384.1,December,Medium Risk,2,16
1171,31,India,21-01-2023,Standard,Agent,176,6095.47,1,42668.29,January,High Risk,2,14
1172,49,Germany,03-11-2023,Standard,Online,42,8850.36,0,115054.68,November,Low Risk,2,8
1173,68,India,12-06-2023,Standard,Online,107,14095.89,1,42287.67,June,High Risk,1,16
1175,50,Germany,21-09-2023,Standard,Corporate,44,8089.79,1,97077.48,September,Low Risk,1,17
1179,42,India,18-07-2023,Standard,Agent,50,3279.83,0,29518.47,July,Low Risk,2,5
1183,19,India,01-01-2023,Standard,Online,169,6382.61,1,6382.61,January,High Risk,2,13
1185,57,Germany,25-04-2023,Standard,Agent,86,7586.23,1,53103.61,April,Medium Risk,2,14
1188,56,UAE,02-04-2023,Standard,Online,14,4843.03,0,14529.09,April,Low Risk,1,7
1189,68,UK,01-10-2023,Standard,Agent,109,4785.78,1,47857.8,October,High Risk,2,13
1199,64,UAE,12-08-2023,Standard,Online,84,9335.08,1,74680.64,August,Medium Risk,2,19
1207,46,UK,29-03-2023,Standard,Agent,15,7819.62,1,93835.44,March,Low Risk,2,3
1208,55,Germany,26-05-2023,Standard,Agent,177,4630.73,1,4630.73,May,High Risk,1,7
1209,50,UK,16-01-2023,Standard,Agent,165,13548.98,1,149038.78,January,High Risk,2,18
1213,21,Germany,08-10-2023,Standard,Online,76,6508.46,0,6508.46,October,Medium Risk,2,11
1214,39,UK,06-05-2023,Standard,Corporate,38,2636.79,1,18457.53,May,Low Risk,2,6
1216,27,UK,16-12-2023,Standard,Online,154,6483,1,84279,December,High Risk,1,11
1217,22,UK,06-12-2023,Standard,Agent,159,6282.25,1,50258,December,High Risk,1,10
1218,27,Germany,20-11-2023,Standard,Online,63,13569.26,1,94984.82,November,Medium Risk,2,6
1220,55,USA,16-08-2023,Standard,Online,105,7944.76,1,23834.28,August,High Risk,2,5
1222,48,USA,18-01-2023,Standard,Online,145,14652.27,1,43956.81,January,High Risk,1,16
1224,53,UAE,04-02-2023,Standard,Online,4,3769.38,0,15077.52,February,Low Risk,1,6
1226,41,UAE,09-10-2023,Standard,Online,75,14408.87,1,43226.61,October,Medium Risk,1,15
1229,46,Germany,02-03-2023,Standard,Corporate,74,11895.14,1,118951.4,March,Medium Risk,1,7
1231,22,UAE,28-09-2023,Standard,Agent,120,9866.17,1,98661.7,September,High Risk,1,5
1238,44,USA,08-12-2023,Standard,Online,162,4108.17,1,41081.7,December,High Risk,1,9
1241,68,USA,28-10-2023,Standard,Agent,29,4595.09,0,18380.36,October,Low Risk,2,19
1242,53,India,04-02-2023,Standard,Online,65,9836.3,0,108199.3,February,Medium Risk,2,6
1243,53,India,26-01-2023,Standard,Agent,79,11899.53,1,23799.06,January,Medium Risk,2,1
1247,22,UK,16-11-2023,Standard,Online,155,14204.08,1,42612.24,November,High Risk,1,1
1259,60,USA,21-11-2023,Standard,Corporate,95,12142.71,1,48570.84,November,Medium Risk,1,5
1263,57,UK,10-01-2023,Standard,Agent,84,7731.28,0,15462.56,January,Medium Risk,1,13
1269,60,India,11-08-2023,Standard,Online,129,9087.05,1,72696.4,August,High Risk,2,9
1282,26,UK,31-08-2023,Standard,Corporate,73,10428.85,0,41715.4,August,Medium Risk,1,4
1283,68,UAE,16-04-2023,Standard,Corporate,37,5386.17,1,48475.53,April,Low Risk,2,20
1284,46,Germany,12-03-2023,Standard,Agent,68,2992.09,0,2992.09,March,Medium Risk,1,18
1285,31,USA,18-03-2023,Standard,Corporate,68,2900.39,0,26103.51,March,Medium Risk,2,1
1286,57,UAE,23-02-2023,Standard,Corporate,167,9942.07,1,119304.84,February,High Risk,2,8
1287,58,Germany,04-10-2023,Standard,Online,128,14393.27,1,57573.08,October,High Risk,1,9
1292,63,USA,15-09-2023,Standard,Corporate,6,6115.8,0,6115.8,September,Low Risk,1,10
1293,54,UK,08-07-2023,Standard,Agent,54,13721.65,0,192103.1,July,Medium Risk,1,18
1298,40,India,01-04-2023,Standard,Corporate,79,5345.12,0,5345.12,April,Medium Risk,2,5
1300,68,UAE,17-01-2023,Standard,Corporate,166,10623.51,1,21247.02,January,High Risk,1,13
1302,32,India,15-06-2023,Standard,Agent,89,8495.58,0,118938.12,June,Medium Risk,2,10
1304,64,USA,09-10-2023,Standard,Corporate,39,7024.77,0,49173.39,October,Low Risk,1,7
1305,26,India,06-02-2023,Standard,Online,141,9037.15,1,18074.3,February,High Risk,2,15
1306,26,USA,11-03-2023,Standard,Agent,128,14692.66,1,73463.3,March,High Risk,2,8
1308,69,USA,01-12-2023,Standard,Agent,48,4011.57,1,48138.84,December,Low Risk,2,12
1309,43,UK,19-06-2023,Standard,Online,85,12960.87,0,155530.44,June,Medium Risk,1,4
1314,43,UAE,30-09-2023,Standard,Online,20,13724.64,1,150971.04,September,Low Risk,2,12
1318,24,UK,22-02-2023,Standard,Corporate,177,7442.98,1,74429.8,February,High Risk,2,18
1319,35,USA,28-04-2023,Standard,Corporate,137,2849.21,1,34190.52,April,High Risk,2,2
1324,60,UAE,02-12-2023,Standard,Online,85,4673.78,0,56085.36,December,Medium Risk,2,15
1326,68,Germany,18-01-2023,Standard,Agent,59,9268.64,0,64880.48,January,Medium Risk,1,13
1328,42,India,24-07-2023,Standard,Corporate,74,13180.56,0,79083.36,July,Medium Risk,1,6
1329,24,UK,20-11-2023,Standard,Agent,68,8119.45,0,81194.5,November,Medium Risk,1,15
1332,41,Germany,08-10-2023,Standard,Agent,61,4756.03,0,47560.3,October,Medium Risk,2,18
1333,50,Germany,15-06-2023,Standard,Online,166,6727.7,1,26910.8,June,High Risk,2,3
1335,46,USA,13-06-2023,Standard,Corporate,120,3225,1,3225,June,High Risk,1,6
1336,60,UAE,20-11-2023,Standard,Corporate,52,2789.47,0,13947.35,November,Medium Risk,1,19
1337,39,USA,25-02-2023,Standard,Agent,172,3487.87,1,45342.31,February,High Risk,2,3
1339,45,USA,15-11-2023,Standard,Agent,120,2629.41,1,15776.46,November,High Risk,2,11
1342,66,USA,04-09-2023,Standard,Online,8,8592.44,0,60147.08,September,Low Risk,1,13
1345,37,India,11-11-2023,Standard,Online,92,4534.02,0,22670.1,November,Medium Risk,1,4
1361,49,India,26-05-2023,Standard,Online,108,10922.24,1,76455.68,May,High Risk,2,7
1365,62,Germany,24-09-2023,Standard,Online,6,14431.6,0,28863.2,September,Low Risk,1,2
1366,46,India,05-10-2023,Standard,Agent,172,8618.74,1,112043.62,October,High Risk,2,4
1371,35,USA,04-08-2023,Standard,Online,47,6416.81,0,19250.43,August,Low Risk,1,17
1377,19,Germany,01-07-2023,Standard,Online,129,8498.93,1,33995.72,July,High Risk,2,13
1381,47,India,12-10-2023,Standard,Agent,150,5447.91,1,76270.74,October,High Risk,2,17
1383,68,UAE,27-12-2023,Standard,Corporate,17,3139.12,0,28252.08,December,Low Risk,2,5
1392,27,UK,19-05-2023,Standard,Agent,167,7023.43,1,35117.15,May,High Risk,2,20
1393,36,India,29-08-2023,Standard,Agent,79,10248.41,1,71738.87,August,Medium Risk,1,9
1402,46,UAE,09-10-2023,Standard,Online,124,6158.53,1,55426.77,October,High Risk,2,15
1403,25,Germany,03-10-2023,Standard,Corporate,60,6384.66,0,83000.58,October,Medium Risk,1,10
1404,18,USA,13-02-2023,Standard,Agent,123,13942.85,1,41828.55,February,High Risk,2,10
1406,41,India,20-07-2023,Standard,Corporate,65,5483.59,1,54835.9,July,Medium Risk,2,12
1407,40,UAE,01-12-2023,Standard,Online,178,5827.23,1,23308.92,December,High Risk,1,9
1410,54,UAE,31-03-2023,Standard,Agent,170,7843.46,1,47060.76,March,High Risk,1,3
1411,20,Germany,24-01-2023,Standard,Agent,119,14048.58,1,182631.54,January,High Risk,1,4
1412,68,UK,20-05-2023,Standard,Online,87,14090.1,0,154991.1,May,Medium Risk,1,20
1418,52,UAE,29-01-2023,Standard,Online,19,13076.54,0,143841.94,January,Low Risk,2,15
1422,49,UK,22-02-2023,Standard,Agent,98,13361.08,0,13361.08,February,Medium Risk,2,1
1423,63,Germany,03-10-2023,Standard,Agent,122,2590.51,1,12952.55,October,High Risk,1,8
1425,33,Germany,31-07-2023,Standard,Agent,154,6798.25,1,67982.5,July,High Risk,2,17
1426,21,USA,08-01-2023,Standard,Corporate,50,12831.07,0,64155.35,January,Low Risk,2,14
1427,69,UAE,02-05-2023,Standard,Corporate,78,3739.54,1,44874.48,May,Medium Risk,1,2
1430,31,India,21-08-2023,Standard,Corporate,156,3161.25,1,37935,August,High Risk,2,15
1437,50,UK,16-10-2023,Standard,Online,20,2013.06,0,12078.36,October,Low Risk,1,15
1438,40,India,15-01-2023,Standard,Corporate,129,8694.23,1,104330.76,January,High Risk,2,17
1445,35,UK,28-08-2023,Standard,Corporate,0,11522.32,1,69133.92,August,Low Risk,2,5
1447,18,Germany,29-06-2023,Standard,Online,110,5410.46,1,5410.46,June,High Risk,2,6
1450,37,UAE,05-11-2023,Standard,Agent,85,3267.78,0,29410.02,November,Medium Risk,2,10
1451,28,UK,03-08-2023,Standard,Agent,76,8357.04,0,116998.56,August,Medium Risk,2,20
1452,59,USA,18-03-2023,Standard,Online,121,11748.83,1,129237.13,March,High Risk,2,6
1455,40,USA,30-06-2023,Standard,Online,126,2827.77,1,36761.01,June,High Risk,1,9
1466,69,Germany,05-01-2023,Standard,Online,110,8243.53,1,115409.42,January,High Risk,1,2
1469,41,UK,13-05-2023,Standard,Corporate,149,8350.73,1,25052.19,May,High Risk,1,6
1474,40,UAE,02-06-2023,Standard,Online,81,5727.56,0,57275.6,June,Medium Risk,2,5
1478,68,India,05-06-2023,Standard,Agent,78,8147.54,0,24442.62,June,Medium Risk,2,5
1481,26,UAE,20-01-2023,Standard,Corporate,64,7870.83,1,15741.66,January,Medium Risk,2,13
1482,57,Germany,02-08-2023,Standard,Online,131,10237.65,1,112614.15,August,High Risk,2,19
1488,39,Germany,30-09-2023,Standard,Online,87,3016.37,0,27147.33,September,Medium Risk,1,11
1491,21,USA,16-08-2023,Standard,Agent,142,10584.99,1,52924.95,August,High Risk,2,7
1493,46,India,29-05-2023,Standard,Online,57,13761.24,1,27522.48,May,Medium Risk,2,1
1503,53,USA,28-03-2023,Standard,Online,92,8836.73,0,35346.92,March,Medium Risk,1,18
1508,54,India,05-10-2023,Standard,Online,113,9226.35,1,110716.2,October,High Risk,2,9
1509,42,UAE,04-01-2023,Standard,Corporate,65,12881.34,0,64406.7,January,Medium Risk,2,12
1511,29,UK,21-07-2023,Standard,Online,140,13115.82,1,170505.66,July,High Risk,1,3
1517,48,India,29-06-2023,Standard,Online,76,3076.07,0,6152.14,June,Medium Risk,1,5
1521,51,Germany,24-06-2023,Standard,Agent,111,12439.78,1,62198.9,June,High Risk,2,13
1524,24,Germany,05-08-2023,Standard,Corporate,25,6182.07,0,80366.91,August,Low Risk,2,8
1525,27,UK,24-10-2023,Standard,Online,14,11520.97,1,115209.7,October,Low Risk,1,13
1526,62,Germany,28-08-2023,Standard,Corporate,49,10675.81,0,117433.91,August,Low Risk,2,2
1527,34,UAE,14-08-2023,Standard,Online,133,4617.5,1,13852.5,August,High Risk,2,16
1530,45,UAE,27-07-2023,Standard,Online,157,10461.88,1,52309.4,July,High Risk,1,1
1535,68,USA,14-11-2023,Standard,Agent,39,11694.11,1,70164.66,November,Low Risk,1,16
1539,46,UAE,23-04-2023,Standard,Agent,78,8348.75,0,83487.5,April,Medium Risk,2,13
1547,57,UK,23-04-2023,Standard,Agent,38,12347.71,0,61738.55,April,Low Risk,2,15
1550,64,USA,23-04-2023,Standard,Corporate,69,10654.44,0,10654.44,April,Medium Risk,1,14
1552,39,UK,11-08-2023,Standard,Corporate,57,4564.25,1,59335.25,August,Medium Risk,1,19
1553,22,Germany,30-07-2023,Standard,Agent,72,9413.43,0,94134.3,July,Medium Risk,2,15
1558,36,UK,12-04-2023,Standard,Corporate,26,14984.92,1,149849.2,April,Low Risk,2,12
1561,60,UK,10-07-2023,Standard,Agent,172,5959.45,1,47675.6,July,High Risk,2,12
1564,60,India,09-12-2023,Standard,Corporate,41,7761.79,0,77617.9,December,Low Risk,1,15
1569,26,USA,17-05-2023,Standard,Agent,46,11925.13,0,95401.04,May,Low Risk,2,20
1574,42,India,02-07-2023,Standard,Corporate,121,11090.8,1,99817.2,July,High Risk,2,7
1576,57,Germany,09-10-2023,Standard,Corporate,71,12689.19,1,114202.71,October,Medium Risk,1,18
1579,56,Germany,22-05-2023,Standard,Agent,81,14517.31,0,174207.72,May,Medium Risk,2,1
1584,61,India,11-02-2023,Standard,Online,43,7391.02,0,22173.06,February,Low Risk,1,18
1590,29,UAE,21-05-2023,Standard,Corporate,100,8479.95,0,84799.5,May,Medium Risk,2,11
1595,34,UK,07-02-2023,Standard,Online,65,14469.84,1,43409.52,February,Medium Risk,2,16
1603,25,India,09-09-2023,Standard,Online,68,5296.55,0,26482.75,September,Medium Risk,1,11
1612,42,Germany,21-11-2023,Standard,Agent,39,9835.58,0,9835.58,November,Low Risk,1,17
1614,42,USA,28-06-2023,Standard,Agent,55,9357.06,0,65499.42,June,Medium Risk,1,2
1617,43,Germany,15-08-2023,Standard,Corporate,171,10687.21,1,106872.1,August,High Risk,1,5
1625,24,UK,18-05-2023,Standard,Corporate,112,12782.96,1,76697.76,May,High Risk,2,6
1630,39,India,11-10-2023,Standard,Agent,14,4283.45,1,25700.7,October,Low Risk,1,11
1631,24,Germany,12-09-2023,Standard,Corporate,87,14266.64,1,57066.56,September,Medium Risk,1,5
1637,65,UAE,30-05-2023,Standard,Online,82,2446.08,0,17122.56,May,Medium Risk,1,1
1639,67,Germany,25-06-2023,Standard,Corporate,31,7522.01,1,52654.07,June,Low Risk,2,19
1641,46,Germany,03-07-2023,Standard,Agent,17,2387.63,1,11938.15,July,Low Risk,2,4
1646,56,UAE,01-10-2023,Standard,Agent,87,2443.83,0,2443.83,October,Medium Risk,1,7
1648,35,Germany,01-09-2023,Standard,Agent,152,3107.92,1,12431.68,September,High Risk,2,19
1654,41,USA,04-06-2023,Standard,Online,67,7214.64,0,14429.28,June,Medium Risk,1,7
1658,51,India,15-09-2023,Standard,Corporate,70,5922.51,0,53302.59,September,Medium Risk,2,1
1659,20,India,16-03-2023,Standard,Agent,152,13035.37,1,182495.18,March,High Risk,2,12
1662,57,Germany,19-08-2023,Standard,Agent,112,11164.15,1,145133.95,August,High Risk,1,2
1669,21,USA,15-06-2023,Standard,Online,65,2004.17,1,6012.51,June,Medium Risk,2,16
1671,39,UK,03-09-2023,Standard,Corporate,140,5828.13,1,5828.13,September,High Risk,2,5
1674,35,USA,21-01-2023,Standard,Online,31,7340.11,1,66060.99,January,Low Risk,2,18
1675,50,India,20-03-2023,Standard,Agent,8,12072.2,1,156938.6,March,Low Risk,2,3
1678,59,USA,08-01-2023,Standard,Online,81,7125.42,0,35627.1,January,Medium Risk,2,18
1679,61,Germany,05-12-2023,Standard,Corporate,39,13519.72,0,94638.04,December,Low Risk,2,12
1683,51,USA,06-01-2023,Standard,Online,177,14943.24,1,104602.68,January,High Risk,1,15
1691,56,India,30-01-2023,Standard,Corporate,97,4232.05,0,46552.55,January,Medium Risk,1,20
1692,63,Germany,22-10-2023,Standard,Online,118,11578.86,1,162104.04,October,High Risk,2,17
1696,46,India,17-03-2023,Standard,Corporate,168,13318.87,1,119869.83,March,High Risk,1,2
1698,33,India,12-05-2023,Standard,Online,103,14412.97,1,57651.88,May,High Risk,2,8
1702,47,UAE,08-03-2023,Standard,Online,1,2368.15,0,30785.95,March,Low Risk,2,17
1703,42,USA,18-08-2023,Standard,Online,115,13123.43,1,144357.73,August,High Risk,1,7
1705,37,USA,04-10-2023,Standard,Corporate,75,6768.32,0,54146.56,October,Medium Risk,2,16
1706,22,Germany,27-12-2023,Standard,Corporate,9,5697.93,0,56979.3,December,Low Risk,1,6
1707,18,India,13-03-2023,Standard,Corporate,75,5663.27,1,73622.51,March,Medium Risk,2,2
1708,47,UAE,28-07-2023,Standard,Corporate,166,2946.66,1,35359.92,July,High Risk,2,16
1711,62,UAE,08-09-2023,Standard,Corporate,64,7007.73,1,63069.57,September,Medium Risk,2,1
1714,67,USA,21-03-2023,Standard,Corporate,84,13231.7,1,13231.7,March,Medium Risk,2,3
1720,18,India,25-03-2023,Standard,Agent,159,12470.48,1,162116.24,March,High Risk,2,14
1725,66,USA,15-12-2023,Standard,Online,37,11624.29,0,34872.87,December,Low Risk,2,20
1726,41,UK,08-03-2023,Standard,Agent,136,10392.93,1,10392.93,March,High Risk,1,11
1727,21,Germany,26-11-2023,Standard,Online,60,2015.01,0,20150.1,November,Medium Risk,2,10
1729,54,Germany,13-07-2023,Standard,Agent,20,3916.04,1,19580.2,July,Low Risk,2,6
1730,54,UAE,04-06-2023,Standard,Online,35,7845.79,1,23537.37,June,Low Risk,1,11
1731,60,UK,09-06-2023,Standard,Online,0,5670.64,0,79388.96,June,Low Risk,1,14
1732,23,India,03-07-2023,Standard,Online,149,14062.8,1,196879.2,July,High Risk,2,15
1741,69,UK,11-12-2023,Standard,Agent,147,11340.86,1,45363.44,December,High Risk,2,2
1749,27,Germany,04-09-2023,Standard,Corporate,91,13836.66,1,41509.98,September,Medium Risk,2,1
1750,60,India,27-10-2023,Standard,Online,134,6047.22,1,72566.64,October,High Risk,1,8
1752,43,India,30-10-2023,Standard,Corporate,86,7996.5,0,55975.5,October,Medium Risk,1,4
1753,58,UK,13-01-2023,Standard,Agent,150,11695.91,1,93567.28,January,High Risk,1,16
1754,66,India,24-05-2023,Standard,Corporate,123,4002.5,1,8005,May,High Risk,1,1
1755,20,UAE,06-08-2023,Standard,Online,68,12198.07,1,12198.07,August,Medium Risk,2,4
1758,22,USA,30-08-2023,Standard,Corporate,9,10732.87,0,150260.18,August,Low Risk,2,13
1759,64,Germany,12-07-2023,Standard,Agent,50,10166.61,0,30499.83,July,Low Risk,1,7
1762,26,India,29-06-2023,Standard,Online,55,4355.9,0,26135.4,June,Medium Risk,1,15
1763,52,UAE,27-04-2023,Standard,Online,159,11067.47,1,132809.64,April,High Risk,1,12
1766,59,UK,13-02-2023,Standard,Corporate,84,8318.39,0,91502.29,February,Medium Risk,2,20
1767,52,USA,17-12-2023,Standard,Agent,106,12371.25,1,86598.75,December,High Risk,2,20
1771,41,UK,04-11-2023,Standard,Online,147,8497.07,1,8497.07,November,High Risk,2,6
1778,42,UK,06-09-2023,Standard,Agent,53,6028.22,1,30141.1,September,Medium Risk,1,14
1781,31,Germany,01-07-2023,Standard,Agent,59,7922.61,0,87148.71,July,Medium Risk,1,12
1782,54,India,21-09-2023,Standard,Agent,9,11649.18,0,46596.72,September,Low Risk,1,14
1783,51,USA,16-04-2023,Standard,Online,52,9218.41,0,92184.1,April,Medium Risk,1,20
1788,46,Germany,30-08-2023,Standard,Online,36,10794.1,1,75558.7,August,Low Risk,2,17
1789,26,India,15-11-2023,Standard,Online,131,5193.5,1,57128.5,November,High Risk,2,16
1792,51,Germany,11-05-2023,Standard,Online,22,6777,0,6777,May,Low Risk,2,6
1798,42,Germany,21-09-2023,Standard,Agent,45,14337.99,0,57351.96,September,Low Risk,1,9
1802,41,UK,22-06-2023,Standard,Corporate,117,4906.97,1,53976.67,June,High Risk,1,12
1803,32,UK,05-11-2023,Standard,Corporate,15,5220.74,0,20882.96,November,Low Risk,2,4
1805,25,India,15-11-2023,Standard,Corporate,172,7131.99,1,92715.87,November,High Risk,1,11
1808,43,India,26-02-2023,Standard,Agent,94,11668.5,1,70011,February,Medium Risk,1,16
1809,35,India,08-03-2023,Standard,Online,91,11323.22,0,33969.66,March,Medium Risk,2,5
1810,23,USA,15-02-2023,Standard,Agent,160,2592.28,1,23330.52,February,High Risk,1,18
1812,65,Germany,18-05-2023,Standard,Corporate,102,4797.49,1,62367.37,May,High Risk,2,8
1816,30,India,23-01-2023,Standard,Online,130,14528.67,1,87172.02,January,High Risk,1,7
1817,34,USA,03-03-2023,Standard,Corporate,100,4247.19,1,21235.95,March,Medium Risk,2,3
1818,67,UK,24-09-2023,Standard,Corporate,44,14021.52,1,140215.2,September,Low Risk,1,6
1826,51,India,22-09-2023,Standard,Online,173,11986.46,1,119864.6,September,High Risk,1,19
1827,57,Germany,25-09-2023,Standard,Agent,23,8862.25,1,70898,September,Low Risk,1,2
1829,30,USA,15-06-2023,Standard,Corporate,137,13850.79,1,193911.06,June,High Risk,2,1
1832,23,India,21-07-2023,Standard,Online,56,7324.47,0,14648.94,July,Medium Risk,1,18
1835,33,India,19-02-2023,Standard,Agent,106,4869.94,1,43829.46,February,High Risk,1,20
1837,45,USA,09-01-2023,Standard,Agent,76,7966.1,0,95593.2,January,Medium Risk,2,15
1842,60,Germany,04-12-2023,Standard,Corporate,119,9901.36,1,59408.16,December,High Risk,1,18
1843,62,UK,20-04-2023,Standard,Agent,59,14769.72,0,147697.2,April,Medium Risk,1,8
1852,62,UK,11-03-2023,Standard,Corporate,81,10620.9,0,106209,March,Medium Risk,2,8
1865,19,Germany,05-10-2023,Standard,Corporate,81,4006.54,0,8013.08,October,Medium Risk,2,17
1870,56,USA,15-02-2023,Standard,Corporate,4,11103.66,1,77725.62,February,Low Risk,1,15
1874,63,Germany,18-10-2023,Standard,Corporate,152,6252.89,1,68781.79,October,High Risk,1,1
1877,58,UK,22-09-2023,Standard,Corporate,23,5539.04,1,38773.28,September,Low Risk,2,10
1881,51,Germany,20-08-2023,Standard,Agent,137,5668.29,1,51014.61,August,High Risk,2,14
1884,52,UK,02-07-2023,Standard,Corporate,27,4138.5,0,53800.5,July,Low Risk,2,13
1885,65,India,21-07-2023,Standard,Corporate,44,13802.87,0,27605.74,July,Low Risk,1,8
1889,24,USA,17-01-2023,Standard,Agent,123,14448.27,1,115586.16,January,High Risk,1,3
1890,27,UAE,20-11-2023,Standard,Online,90,11777.21,1,153103.73,November,Medium Risk,2,20
1899,39,UK,15-02-2023,Standard,Corporate,146,11195.83,1,100762.47,February,High Risk,1,15
1900,21,Germany,17-09-2023,Standard,Corporate,100,6491.63,0,71407.93,September,Medium Risk,2,17
1903,53,India,02-03-2023,Standard,Corporate,120,6075.45,1,66829.95,March,High Risk,2,13
1906,44,India,31-05-2023,Standard,Corporate,16,12096.12,1,72576.72,May,Low Risk,2,3
1907,34,Germany,21-04-2023,Standard,Online,113,2828.88,1,28288.8,April,High Risk,1,5
1908,29,Germany,06-02-2023,Standard,Corporate,57,7710.75,0,15421.5,February,Medium Risk,1,10
1909,39,UK,03-01-2023,Standard,Online,176,7264.98,1,50854.86,January,High Risk,1,18
1911,27,UAE,11-06-2023,Standard,Online,95,8052.04,0,24156.12,June,Medium Risk,2,18
1913,39,UAE,28-11-2023,Standard,Online,34,3149.26,0,3149.26,November,Low Risk,1,5
1919,46,USA,26-05-2023,Standard,Agent,19,10896.32,1,32688.96,May,Low Risk,1,9
1923,69,USA,17-08-2023,Standard,Corporate,64,13409.82,0,13409.82,August,Medium Risk,2,14
1927,28,UK,06-11-2023,Standard,Agent,159,10486.31,1,104863.1,November,High Risk,2,15
1928,50,USA,03-08-2023,Standard,Corporate,65,6884.71,0,20654.13,August,Medium Risk,2,3
1930,64,UK,01-08-2023,Standard,Corporate,168,6684.3,1,40105.8,August,High Risk,1,14
1936,43,UK,13-02-2023,Standard,Online,43,4471.85,0,49190.35,February,Low Risk,1,15
1942,34,USA,19-01-2023,Standard,Corporate,156,13661.08,1,40983.24,January,High Risk,2,20
1945,58,Germany,11-12-2023,Standard,Corporate,63,7332.47,0,29329.88,December,Medium Risk,2,5
1946,56,USA,01-01-2023,Standard,Agent,130,12814.82,1,51259.28,January,High Risk,2,5
1949,46,UAE,02-01-2023,Standard,Corporate,131,8141.19,1,56988.33,January,High Risk,2,3
1953,19,UK,02-10-2023,Standard,Corporate,155,14924,1,149240,October,High Risk,1,7
1956,37,USA,08-11-2023,Standard,Agent,107,12537.56,1,150450.72,November,High Risk,1,11
1957,39,India,05-04-2023,Standard,Corporate,147,4424.26,1,8848.52,April,High Risk,1,7
1959,44,UAE,26-02-2023,Standard,Online,123,10129.46,1,60776.76,February,High Risk,2,17
1960,20,Germany,12-04-2023,Standard,Online,141,9408.03,1,122304.39,April,High Risk,2,6
1961,34,USA,18-06-2023,Standard,Corporate,76,11909.66,0,35728.98,June,Medium Risk,2,9
1962,61,USA,11-03-2023,Standard,Agent,74,5132.33,1,46190.97,March,Medium Risk,2,5
1965,38,India,13-12-2023,Standard,Agent,142,4333.96,1,56341.48,December,High Risk,1,20
1966,64,UAE,05-01-2023,Standard,Corporate,72,10103.61,1,111139.71,January,Medium Risk,2,17
1969,37,India,28-06-2023,Standard,Agent,91,8688.31,0,104259.72,June,Medium Risk,1,19
1976,32,USA,28-05-2023,Standard,Online,151,13519.97,1,121679.73,May,High Risk,2,4
1979,66,Germany,31-12-2023,Standard,Corporate,79,2980.42,1,17882.52,December,Medium Risk,1,17
1986,33,UK,23-02-2023,Standard,Online,117,4012.82,1,40128.2,February,High Risk,1,12
1990,42,India,27-09-2023,Standard,Online,124,5409.19,1,43273.52,September,High Risk,2,17
1991,34,Germany,17-12-2023,Standard,Agent,71,10007.21,0,80057.68,December,Medium Risk,2,19
1996,63,UK,25-10-2023,Standard,Corporate,84,2862.06,1,5724.12,October,Medium Risk,1,14
1999,24,Germany,11-10-2023,Standard,Agent,13,9147.79,0,109773.48,October,Low Risk,2,12
2004,20,India,25-04-2023,Standard,Online,15,11988.34,0,59941.7,April,Low Risk,1,1
2006,63,UAE,05-08-2023,Standard,Online,12,4665.12,0,4665.12,August,Low Risk,2,4
2007,32,UK,29-07-2023,Standard,Online,124,5286.01,1,47574.09,July,High Risk,1,18
2010,31,Germany,22-02-2023,Standard,Corporate,39,14893.08,0,119144.64,February,Low Risk,1,13
2012,34,UK,21-12-2023,Standard,Corporate,158,14619.35,1,102335.45,December,High Risk,1,5
2018,65,USA,12-02-2023,Standard,Corporate,91,9714.95,1,29144.85,February,Medium Risk,1,2
2019,39,UK,04-12-2023,Standard,Agent,65,4795.85,0,19183.4,December,Medium Risk,1,14
2020,19,UK,26-08-2023,Standard,Corporate,28,14611.1,0,146111,August,Low Risk,2,5
2023,28,UK,30-12-2023,Standard,Online,42,5470.92,0,54709.2,December,Low Risk,2,19
2026,25,UAE,08-11-2023,Standard,Online,97,9716.17,1,136026.38,November,Medium Risk,2,15
2029,47,India,03-01-2023,Standard,Online,18,4085.21,0,40852.1,January,Low Risk,1,6
2031,63,Germany,25-02-2023,Standard,Corporate,72,9340.23,0,102742.53,February,Medium Risk,2,11
2032,64,UAE,01-10-2023,Standard,Corporate,134,8502.02,1,68016.16,October,High Risk,1,17
2033,48,Germany,25-06-2023,Standard,Online,75,7237.31,0,50661.17,June,Medium Risk,1,16
2035,49,UAE,25-03-2023,Standard,Agent,81,9258.94,1,83330.46,March,Medium Risk,1,14
2040,55,UK,28-07-2023,Standard,Agent,33,10099.95,0,30299.85,July,Low Risk,2,10
2042,25,India,18-07-2023,Standard,Corporate,23,7816.96,1,31267.84,July,Low Risk,1,4
2045,68,UAE,03-11-2023,Standard,Agent,173,6499.65,1,51997.2,November,High Risk,2,17
2051,49,UAE,22-10-2023,Standard,Agent,179,14316.52,1,143165.2,October,High Risk,1,10
2059,57,USA,14-05-2023,Standard,Online,112,14199.68,1,99397.76,May,High Risk,2,20
2061,67,Germany,09-06-2023,Standard,Online,87,8515.92,0,25547.76,June,Medium Risk,2,11
2064,50,UK,13-01-2023,Standard,Online,98,5706.19,0,22824.76,January,Medium Risk,2,18
2068,47,India,10-02-2023,Standard,Agent,68,13860.82,1,41582.46,February,Medium Risk,2,2
2070,30,India,04-02-2023,Standard,Agent,171,11236.68,1,146076.84,February,High Risk,2,16
2074,56,Germany,11-03-2023,Standard,Agent,43,2385.33,1,11926.65,March,Low Risk,2,19
2076,55,UK,11-01-2023,Standard,Online,60,7075.95,1,56607.6,January,Medium Risk,1,8
2080,67,UK,01-10-2023,Standard,Corporate,29,3411.45,0,30703.05,October,Low Risk,1,13
2083,59,UK,24-02-2023,Standard,Corporate,85,5309.01,1,63708.12,February,Medium Risk,2,17
2087,28,UK,13-08-2023,Standard,Agent,138,2173.82,1,15216.74,August,High Risk,1,5
2089,23,Germany,12-09-2023,Standard,Online,34,12099.7,0,48398.8,September,Low Risk,1,4
2092,26,USA,26-05-2023,Standard,Online,113,7630.69,1,45784.14,May,High Risk,1,17
2102,45,UK,26-03-2023,Standard,Online,105,6253.08,1,81290.04,March,High Risk,1,5
2105,24,USA,12-05-2023,Standard,Online,73,6455.72,0,90380.08,May,Medium Risk,2,8
2111,39,USA,17-01-2023,Standard,Online,36,8013.68,1,8013.68,January,Low Risk,2,11
2116,31,USA,26-10-2023,Standard,Agent,11,11222.72,1,33668.16,October,Low Risk,2,4
2117,28,UK,10-01-2023,Standard,Corporate,80,3995.76,1,35961.84,January,Medium Risk,2,3
2126,36,India,29-10-2023,Standard,Agent,31,11851.54,1,94812.32,October,Low Risk,1,14
2127,63,UAE,20-08-2023,Standard,Agent,62,13485.4,0,134854,August,Medium Risk,2,7
2129,62,UK,25-07-2023,Standard,Agent,164,12117.8,1,121178,July,High Risk,1,3
2130,25,USA,21-09-2023,Standard,Agent,43,7427.78,1,96561.14,September,Low Risk,1,10
2131,46,India,07-11-2023,Standard,Corporate,148,12370.28,1,12370.28,November,High Risk,1,18
2136,23,UK,23-12-2023,Standard,Corporate,4,12906.73,0,180694.22,December,Low Risk,1,7
2138,36,Germany,28-10-2023,Standard,Agent,30,6541.83,1,52334.64,October,Low Risk,2,6
2140,54,India,16-11-2023,Standard,Agent,76,9252.23,0,111026.76,November,Medium Risk,2,4
2143,20,UAE,17-12-2023,Standard,Corporate,12,3193.65,1,6387.3,December,Low Risk,1,16
2144,45,Germany,03-03-2023,Standard,Online,121,11381.89,1,34145.67,March,High Risk,2,2
2147,52,Germany,10-08-2023,Standard,Corporate,156,5392.09,1,70097.17,August,High Risk,1,17
2148,46,India,22-12-2023,Standard,Agent,155,7136.43,1,49955.01,December,High Risk,2,2
2161,45,Germany,20-03-2023,Standard,Corporate,170,10845.82,1,119304.02,March,High Risk,1,5
2163,37,UAE,26-02-2023,Standard,Agent,175,10601.85,1,148425.9,February,High Risk,1,2
2165,67,UK,22-12-2023,Standard,Agent,144,5826.41,1,58264.1,December,High Risk,2,20
2167,68,India,08-03-2023,Standard,Corporate,53,13636.34,0,177272.42,March,Medium Risk,1,9
2171,51,Germany,13-06-2023,Standard,Agent,149,11478.45,1,45913.8,June,High Risk,1,8
2173,19,Germany,20-02-2023,Standard,Corporate,12,5025.59,1,15076.77,February,Low Risk,1,3
2176,53,UAE,02-07-2023,Standard,Corporate,141,8171.63,1,89887.93,July,High Risk,2,6
2178,56,UAE,17-01-2023,Standard,Online,166,2096.33,1,29348.62,January,High Risk,2,1
2181,68,India,31-10-2023,Standard,Agent,26,14063.25,1,84379.5,October,Low Risk,2,20
2184,62,India,17-07-2023,Standard,Online,21,4018.8,1,52244.4,July,Low Risk,2,20
2187,38,Germany,12-01-2023,Standard,Corporate,49,13127.57,1,118148.13,January,Low Risk,2,13
2188,32,India,20-04-2023,Standard,Agent,53,7268.8,0,29075.2,April,Medium Risk,1,15
2192,25,Germany,23-02-2023,Standard,Agent,83,14789.49,0,73947.45,February,Medium Risk,2,17
2194,65,India,20-03-2023,Standard,Agent,124,5122.14,1,35854.98,March,High Risk,1,19
2195,47,UK,12-12-2023,Standard,Corporate,63,2779.8,1,5559.6,December,Medium Risk,2,10
2200,31,India,24-01-2023,Standard,Corporate,28,5745.81,1,34474.86,January,Low Risk,1,3
2201,19,India,20-07-2023,Standard,Online,7,14026.18,0,42078.54,July,Low Risk,1,6
2202,54,India,11-05-2023,Standard,Agent,18,7250.83,0,72508.3,May,Low Risk,1,20
2204,55,India,22-12-2023,Standard,Online,98,5987.52,0,11975.04,December,Medium Risk,2,6
2206,58,Germany,30-05-2023,Standard,Online,47,7908.69,1,102812.97,May,Low Risk,1,3
2209,56,UK,29-01-2023,Standard,Agent,143,4947.99,1,59375.88,January,High Risk,2,15
2210,42,Germany,19-02-2023,Standard,Corporate,63,5996.75,1,35980.5,February,Medium Risk,1,7
2212,19,UAE,10-10-2023,Standard,Corporate,108,8883.56,1,53301.36,October,High Risk,2,1
2215,34,UK,05-06-2023,Standard,Online,152,10982.45,1,142771.85,June,High Risk,2,17
2216,42,USA,17-05-2023,Standard,Corporate,52,13225.96,1,39677.88,May,Medium Risk,2,11
2217,45,UAE,23-11-2023,Standard,Agent,48,4535.97,1,4535.97,November,Low Risk,2,9
2221,22,Germany,28-03-2023,Standard,Corporate,173,10646.2,1,53231,March,High Risk,2,3
2223,57,UAE,15-09-2023,Standard,Agent,63,5859.47,0,35156.82,September,Medium Risk,2,20
2224,29,Germany,04-07-2023,Standard,Agent,22,7522.05,1,30088.2,July,Low Risk,2,8
2227,40,Germany,03-05-2023,Standard,Corporate,91,4787.31,1,19149.24,May,Medium Risk,1,3
2228,64,Germany,06-04-2023,Standard,Online,14,6971.92,0,76691.12,April,Low Risk,1,13
2229,48,USA,03-04-2023,Standard,Online,51,5462.51,0,71012.63,April,Medium Risk,2,10
2232,20,Germany,01-11-2023,Standard,Agent,161,6403.21,1,51225.68,November,High Risk,2,16
2234,33,UK,28-05-2023,Standard,Agent,151,10826.91,1,32480.73,May,High Risk,2,12
2237,27,UK,26-11-2023,Standard,Online,6,6703.97,0,33519.85,November,Low Risk,2,16
2239,47,UK,19-09-2023,Standard,Corporate,75,7338.97,0,95406.61,September,Medium Risk,2,6
2243,37,India,09-07-2023,Standard,Online,63,12731.55,1,38194.65,July,Medium Risk,1,6
2252,64,UK,28-10-2023,Standard,Corporate,126,8192.19,1,106498.47,October,High Risk,2,10
2253,54,UAE,21-04-2023,Standard,Online,85,5308.35,0,37158.45,April,Medium Risk,1,7
2257,66,UK,02-08-2023,Standard,Online,76,12748.07,0,127480.7,August,Medium Risk,1,7
2262,23,UAE,22-08-2023,Standard,Agent,80,13213.07,1,52852.28,August,Medium Risk,2,16
2268,26,USA,18-09-2023,Standard,Agent,77,3650.81,1,7301.62,September,Medium Risk,1,13
2269,54,UK,24-08-2023,Standard,Corporate,126,7458.81,1,96964.53,August,High Risk,1,7
2275,23,India,31-12-2023,Standard,Corporate,114,10518.02,1,84144.16,December,High Risk,1,14
2278,50,UK,12-05-2023,Standard,Agent,61,11014.04,0,110140.4,May,Medium Risk,1,4
2279,66,Germany,26-11-2023,Standard,Agent,96,3466.01,0,34660.1,November,Medium Risk,2,6
2284,37,UAE,21-04-2023,Standard,Agent,149,14496.5,1,72482.5,April,High Risk,2,2
2285,67,Germany,07-08-2023,Standard,Online,156,3038.97,1,3038.97,August,High Risk,1,5
2291,46,India,27-10-2023,Standard,Online,88,6105.09,0,79366.17,October,Medium Risk,1,2
2302,62,UK,13-07-2023,Standard,Agent,10,5147.39,1,15442.17,July,Low Risk,1,7
2304,33,USA,15-04-2023,Standard,Online,92,12918.75,0,129187.5,April,Medium Risk,1,7
2305,67,Germany,14-10-2023,Standard,Corporate,35,6983.17,0,97764.38,October,Low Risk,2,5
2307,25,UAE,30-07-2023,Standard,Corporate,166,2550.63,1,28056.93,July,High Risk,1,17
2309,38,USA,20-10-2023,Standard,Agent,110,14609.11,1,175309.32,October,High Risk,2,7
2314,55,UK,24-10-2023,Standard,Online,146,9826.89,1,78615.12,October,High Risk,1,16
2318,64,USA,25-07-2023,Standard,Agent,126,8580.97,1,68647.76,July,High Risk,1,10
2319,51,India,09-02-2023,Standard,Corporate,82,14217.3,1,184824.9,February,Medium Risk,1,17
2321,43,India,23-04-2023,Standard,Online,102,9169.86,1,73358.88,April,High Risk,1,14
2324,47,USA,18-04-2023,Standard,Corporate,75,7163.76,0,21491.28,April,Medium Risk,1,1
2325,67,USA,12-11-2023,Standard,Agent,154,4134.59,1,33076.72,November,High Risk,2,20
2327,34,UAE,16-06-2023,Standard,Online,115,7851.25,1,39256.25,June,High Risk,1,11
2329,25,India,16-04-2023,Standard,Corporate,172,5832.12,1,69985.44,April,High Risk,1,15
2330,64,USA,12-08-2023,Standard,Online,174,2925.84,1,26332.56,August,High Risk,2,5
2334,44,UAE,17-07-2023,Standard,Online,143,12795.29,1,140748.19,July,High Risk,1,18
2335,25,India,06-05-2023,Standard,Online,139,6391.95,1,63919.5,May,High Risk,1,7
2338,21,India,03-03-2023,Standard,Corporate,42,3047.49,0,3047.49,March,Low Risk,2,18
2340,18,UK,23-02-2023,Standard,Agent,80,9017.54,0,63122.78,February,Medium Risk,1,11
2351,67,Germany,28-07-2023,Standard,Online,40,7306.36,0,87676.32,July,Low Risk,2,8
2352,23,India,25-12-2023,Standard,Agent,85,9477.77,0,9477.77,December,Medium Risk,2,12
2353,26,UAE,03-05-2023,Standard,Online,65,10657.83,0,31973.49,May,Medium Risk,2,10
2358,30,Germany,26-09-2023,Standard,Corporate,111,5264.15,1,47377.35,September,High Risk,2,5
2363,28,India,02-02-2023,Standard,Agent,110,14828.28,1,207595.92,February,High Risk,2,2
2364,21,India,12-10-2023,Standard,Online,12,4271.26,1,55526.38,October,Low Risk,2,11
2365,51,UAE,06-02-2023,Standard,Agent,114,4916.93,1,49169.3,February,High Risk,1,4
2366,55,USA,13-04-2023,Standard,Corporate,85,7989.77,1,103867.01,April,Medium Risk,2,15
2367,63,USA,30-07-2023,Standard,Corporate,3,8613.63,0,43068.15,July,Low Risk,2,6
2370,36,India,27-08-2023,Standard,Online,109,8334.26,1,8334.26,August,High Risk,2,7
2371,23,USA,17-08-2023,Standard,Agent,29,6162.16,1,61621.6,August,Low Risk,1,11
2372,51,USA,13-05-2023,Standard,Corporate,131,3702.26,1,7404.52,May,High Risk,2,11
2374,30,India,22-02-2023,Standard,Online,42,12334.83,0,74008.98,February,Low Risk,2,10
2379,28,USA,13-09-2023,Standard,Agent,27,14647.87,1,43943.61,September,Low Risk,2,10
2383,42,India,18-01-2023,Standard,Online,157,9864.65,1,98646.5,January,High Risk,2,5
2384,38,UAE,13-06-2023,Standard,Corporate,133,9658.13,1,48290.65,June,High Risk,1,11
2385,32,India,26-05-2023,Standard,Agent,119,13807.06,1,69035.3,May,High Risk,2,17
2390,38,UK,18-02-2023,Standard,Agent,85,10429,0,20858,February,Medium Risk,2,18
2414,25,UAE,22-12-2023,Standard,Online,86,2388.65,0,11943.25,December,Medium Risk,1,1
2417,23,India,29-01-2023,Standard,Corporate,29,10750.28,1,118253.08,January,Low Risk,2,9
2419,46,UAE,31-12-2023,Standard,Agent,45,12127.89,1,48511.56,December,Low Risk,1,11
2421,42,USA,23-09-2023,Standard,Corporate,136,2421.84,1,19374.72,September,High Risk,2,1
2422,29,Germany,18-10-2023,Standard,Corporate,6,7049.21,1,21147.63,October,Low Risk,2,4
2423,22,USA,24-02-2023,Standard,Online,62,6192.8,0,30964,February,Medium Risk,2,16
2424,51,USA,02-06-2023,Standard,Online,174,14647.51,1,73237.55,June,High Risk,1,1
2425,65,UK,07-08-2023,Standard,Agent,43,12073.61,1,84515.27,August,Low Risk,2,10
2426,54,USA,22-06-2023,Standard,Corporate,176,11203.48,1,89627.84,June,High Risk,2,19
2428,61,UAE,03-05-2023,Standard,Corporate,58,13582.59,1,95078.13,May,Medium Risk,2,12
2429,53,UK,12-01-2023,Standard,Online,74,2218.66,1,4437.32,January,Medium Risk,2,11
2430,32,USA,04-01-2023,Standard,Agent,83,4969.7,1,39757.6,January,Medium Risk,1,6
2431,60,India,28-12-2023,Standard,Corporate,12,11035.17,0,88281.36,December,Low Risk,1,5
2433,40,UK,08-03-2023,Standard,Agent,103,8939.49,1,116213.37,March,High Risk,1,14
2434,23,India,25-05-2023,Standard,Corporate,102,7412.48,1,103774.72,May,High Risk,2,19
2435,63,USA,06-03-2023,Standard,Online,83,4163.96,1,8327.92,March,Medium Risk,1,10
2437,61,Germany,15-04-2023,Standard,Agent,42,5828.26,1,34969.56,April,Low Risk,2,14
2443,33,UK,16-01-2023,Standard,Online,96,5533.05,0,55330.5,January,Medium Risk,1,4
2444,64,USA,04-10-2023,Standard,Corporate,89,2916.81,0,5833.62,October,Medium Risk,1,6
2446,42,Germany,25-10-2023,Standard,Agent,119,3170.42,1,44385.88,October,High Risk,1,9
2447,53,UAE,23-02-2023,Standard,Agent,38,12343.89,0,86407.23,February,Low Risk,1,6
2454,39,Germany,24-07-2023,Standard,Corporate,148,4573.57,1,50309.27,July,High Risk,2,13
2455,36,UAE,02-09-2023,Standard,Agent,22,12745.32,1,63726.6,September,Low Risk,1,8
2460,69,India,16-09-2023,Standard,Online,18,13896.46,0,194550.44,September,Low Risk,2,13
2465,45,Germany,09-03-2023,Standard,Agent,176,3874.62,1,15498.48,March,High Risk,2,18
2466,52,USA,24-04-2023,Standard,Agent,161,7859.71,1,70737.39,April,High Risk,1,9
2468,33,UK,08-08-2023,Standard,Agent,38,8432,1,59024,August,Low Risk,1,18
2470,53,India,25-08-2023,Standard,Corporate,130,12859.44,1,77156.64,August,High Risk,2,13
2471,47,Germany,25-10-2023,Standard,Corporate,153,3759.78,1,41357.58,October,High Risk,1,19
2476,21,UK,15-09-2023,Standard,Corporate,34,6478.38,0,6478.38,September,Low Risk,1,1
2478,42,USA,28-08-2023,Standard,Corporate,32,10485.13,1,125821.56,August,Low Risk,2,16
2480,28,UAE,02-08-2023,Standard,Online,149,7918.54,1,47511.24,August,High Risk,1,18
2482,48,UK,16-01-2023,Standard,Agent,107,8904.35,1,35617.4,January,High Risk,1,11
2490,59,Germany,24-11-2023,Standard,Agent,135,12373.03,1,160849.39,November,High Risk,1,17
2491,59,UK,14-06-2023,Standard,Online,110,5951.45,1,41660.15,June,High Risk,2,4
2492,53,USA,26-04-2023,Standard,Online,18,7244.49,1,72444.9,April,Low Risk,1,3
2493,37,India,30-05-2023,Standard,Agent,108,6462.84,1,90479.76,May,High Risk,2,15
2497,61,UK,21-10-2023,Standard,Online,60,6697.45,0,13394.9,October,Medium Risk,2,16
2498,62,UK,20-10-2023,Standard,Corporate,163,9831.66,1,88484.94,October,High Risk,2,12
2514,41,India,03-01-2023,Standard,Agent,28,9095.61,1,72764.88,January,Low Risk,1,9
2515,33,India,09-05-2023,Standard,Online,100,9108.99,0,63762.93,May,Medium Risk,1,7
2521,67,UAE,16-08-2023,Standard,Online,96,14332.68,1,114661.44,August,Medium Risk,1,11
2526,27,USA,07-03-2023,Standard,Corporate,32,13953.55,1,167442.6,March,Low Risk,1,16
2528,35,USA,11-04-2023,Standard,Online,27,9999.7,0,69997.9,April,Low Risk,2,20
2529,36,UAE,16-11-2023,Standard,Corporate,77,7055.18,1,42331.08,November,Medium Risk,1,7
2532,50,Germany,07-03-2023,Standard,Agent,48,10087.8,0,90790.2,March,Low Risk,1,14
2535,64,India,05-10-2023,Standard,Agent,133,3332.89,1,39994.68,October,High Risk,1,4
2536,66,Germany,21-07-2023,Standard,Online,114,5676.12,1,34056.72,July,High Risk,1,14
2539,51,UK,24-03-2023,Standard,Online,143,4234.38,1,29640.66,March,High Risk,1,4
2540,50,UK,15-02-2023,Standard,Agent,139,9033.38,1,36133.52,February,High Risk,2,19
2544,65,Germany,03-09-2023,Standard,Online,96,13644.09,1,95508.63,September,Medium Risk,1,14
2545,54,USA,15-02-2023,Standard,Online,113,14390.35,1,143903.5,February,High Risk,2,13
2550,49,India,03-12-2023,Standard,Corporate,169,14719.84,1,132478.56,December,High Risk,2,19
2552,27,USA,28-10-2023,Standard,Agent,64,10785.22,1,118637.42,October,Medium Risk,2,20
2553,26,UAE,18-03-2023,Standard,Agent,109,11470.11,1,137641.32,March,High Risk,1,17
2554,31,Germany,18-08-2023,Standard,Agent,7,10174.92,1,132273.96,August,Low Risk,2,18
2570,63,Germany,22-04-2023,Standard,Agent,79,8783.22,1,70265.76,April,Medium Risk,2,12
2576,49,USA,22-04-2023,Standard,Agent,77,12606.28,0,126062.8,April,Medium Risk,2,18
2577,56,UK,29-03-2023,Standard,Agent,11,13856.83,0,83140.98,March,Low Risk,1,2
2578,62,UK,16-08-2023,Standard,Online,26,8871.17,0,115325.21,August,Low Risk,2,18
2587,25,Germany,19-08-2023,Standard,Online,174,2509.93,1,25099.3,August,High Risk,1,18
2593,30,USA,22-05-2023,Standard,Corporate,139,5787.83,1,34726.98,May,High Risk,2,2
2595,19,Germany,30-03-2023,Standard,Corporate,166,3269.44,1,26155.52,March,High Risk,1,6
2596,22,Germany,25-12-2023,Standard,Agent,142,6327.24,1,50617.92,December,High Risk,2,11
2600,38,Germany,06-07-2023,Standard,Corporate,100,3362.54,0,43713.02,July,Medium Risk,1,17
2602,55,UK,28-05-2023,Standard,Online,84,7716.6,0,108032.4,May,Medium Risk,2,3
2603,25,UAE,19-10-2023,Standard,Online,48,4532.62,1,13597.86,October,Low Risk,2,18
2604,67,UAE,04-12-2023,Standard,Online,122,12236.49,1,24472.98,December,High Risk,2,16
2606,61,UAE,11-12-2023,Standard,Agent,77,6512.82,1,6512.82,December,Medium Risk,2,9
2607,20,USA,27-07-2023,Standard,Corporate,142,9863.15,1,118357.8,July,High Risk,1,12
2608,39,USA,29-07-2023,Standard,Corporate,122,5002.61,1,60031.32,July,High Risk,2,16
2610,19,UAE,26-12-2023,Standard,Online,112,3188.89,1,19133.34,December,High Risk,2,9
2621,25,USA,02-02-2023,Standard,Corporate,156,10631.08,1,42524.32,February,High Risk,2,2
2627,46,USA,10-02-2023,Standard,Corporate,178,6372.79,1,19118.37,February,High Risk,1,9
2628,48,UK,10-05-2023,Standard,Corporate,166,13733.3,1,96133.1,May,High Risk,2,8
2630,33,USA,20-12-2023,Standard,Online,29,7177.56,1,7177.56,December,Low Risk,1,10
2633,33,UAE,31-05-2023,Standard,Corporate,85,4958.23,0,64456.99,May,Medium Risk,1,12
2634,29,USA,23-07-2023,Standard,Corporate,8,12140.13,1,36420.39,July,Low Risk,1,18
2637,29,India,27-05-2023,Standard,Corporate,33,2186.94,0,8747.76,May,Low Risk,2,7
2639,37,India,17-02-2023,Standard,Corporate,139,8205.83,1,90264.13,February,High Risk,2,6
2640,20,USA,15-09-2023,Standard,Corporate,42,2950.11,1,20650.77,September,Low Risk,1,9
2644,40,USA,06-07-2023,Standard,Online,169,5126.22,1,66640.86,July,High Risk,2,6
2648,22,UAE,21-01-2023,Standard,Online,3,3113.79,0,15568.95,January,Low Risk,1,12
2650,57,USA,10-01-2023,Standard,Agent,83,5283.18,0,73964.52,January,Medium Risk,2,19
2652,18,Germany,13-05-2023,Standard,Online,155,8358.27,1,8358.27,May,High Risk,2,1
2653,47,UAE,02-02-2023,Standard,Agent,57,4746.23,0,52208.53,February,Medium Risk,1,11
2659,25,UAE,09-08-2023,Standard,Agent,43,9707.09,1,126192.17,August,Low Risk,1,19
2660,56,Germany,22-02-2023,Standard,Corporate,62,4742.07,1,37936.56,February,Medium Risk,2,18
2662,50,Germany,11-02-2023,Standard,Agent,37,10174.99,1,91574.91,February,Low Risk,2,12
2663,33,UAE,16-02-2023,Standard,Agent,8,11024.58,1,11024.58,February,Low Risk,2,19
2667,51,Germany,11-01-2023,Standard,Corporate,66,8188.96,0,73700.64,January,Medium Risk,1,7
2668,31,USA,03-06-2023,Standard,Agent,95,9199.95,0,9199.95,June,Medium Risk,2,18
2669,53,USA,08-08-2023,Standard,Agent,98,3439.95,0,24079.65,August,Medium Risk,2,13
2671,40,Germany,05-12-2023,Standard,Online,129,13531.47,1,121783.23,December,High Risk,2,7
2672,67,USA,31-12-2023,Standard,Corporate,35,13701.96,0,150721.56,December,Low Risk,1,7
2675,58,UAE,03-03-2023,Standard,Online,119,14100.69,1,126906.21,March,High Risk,1,8
2677,19,UAE,24-05-2023,Standard,Agent,172,13002.57,1,169033.41,May,High Risk,1,1
2679,26,UK,27-10-2023,Standard,Corporate,92,7892.1,1,47352.6,October,Medium Risk,2,13
2683,69,UK,29-01-2023,Standard,Online,102,9695.05,1,87255.45,January,High Risk,2,11
2685,43,USA,26-12-2023,Standard,Corporate,24,3775.8,0,15103.2,December,Low Risk,2,16
2689,52,UK,19-10-2023,Standard,Agent,117,9030.66,1,81275.94,October,High Risk,1,10
2690,39,USA,22-08-2023,Standard,Corporate,164,12930.85,1,38792.55,August,High Risk,2,10
2691,60,UAE,24-02-2023,Standard,Online,112,14317.69,1,14317.69,February,High Risk,2,7
2694,54,UK,08-11-2023,Standard,Online,29,12809.86,1,64049.3,November,Low Risk,1,7
2695,69,USA,05-02-2023,Standard,Corporate,78,14164.64,1,42493.92,February,Medium Risk,2,6
2699,66,India,31-12-2023,Standard,Agent,17,5299.46,1,31796.76,December,Low Risk,2,3
2701,55,Germany,28-03-2023,Standard,Online,146,6136.57,1,55229.13,March,High Risk,2,5
2704,52,Germany,07-07-2023,Standard,Corporate,149,3545.97,1,17729.85,July,High Risk,2,1
2705,47,UAE,26-02-2023,Standard,Corporate,108,9886.42,1,39545.68,February,High Risk,2,9
2712,33,USA,03-07-2023,Standard,Online,4,3868.73,1,38687.3,July,Low Risk,2,7
2713,24,Germany,10-07-2023,Standard,Corporate,166,5265.18,1,26325.9,July,High Risk,2,15
2714,69,UAE,20-08-2023,Standard,Agent,56,7658.29,1,99557.77,August,Medium Risk,1,15
2715,31,UK,03-10-2023,Standard,Corporate,30,9309.18,1,121019.34,October,Low Risk,1,9
2716,26,India,21-08-2023,Standard,Online,6,13102.18,0,91715.26,August,Low Risk,1,12
2718,38,Germany,14-09-2023,Standard,Online,9,13333.15,1,93332.05,September,Low Risk,1,12
2728,27,UAE,26-10-2023,Standard,Online,163,14985.77,1,164843.47,October,High Risk,2,12
2730,19,UAE,26-11-2023,Standard,Agent,20,3528.83,0,42345.96,November,Low Risk,2,1
2731,42,Germany,13-08-2023,Standard,Agent,171,2791.59,1,19541.13,August,High Risk,2,4
2736,18,India,14-07-2023,Standard,Online,92,5345.51,0,16036.53,July,Medium Risk,2,14
2740,69,India,03-06-2023,Standard,Agent,43,5909.93,1,82739.02,June,Low Risk,1,3
2741,20,Germany,05-03-2023,Standard,Corporate,122,14391.38,1,187087.94,March,High Risk,2,2
2745,42,India,15-10-2023,Standard,Corporate,74,5205.11,0,62461.32,October,Medium Risk,2,9
2748,25,Germany,11-06-2023,Standard,Online,169,14837.29,1,192884.77,June,High Risk,1,7
2749,38,Germany,15-04-2023,Standard,Corporate,147,9125.14,1,91251.4,April,High Risk,2,17
2750,51,UAE,27-05-2023,Standard,Corporate,7,8192.84,1,57349.88,May,Low Risk,2,19
2752,42,UAE,04-12-2023,Standard,Agent,99,4947.97,0,4947.97,December,Medium Risk,2,10
2754,21,UAE,23-03-2023,Standard,Agent,25,9689.82,1,38759.28,March,Low Risk,2,14
2759,45,UAE,18-09-2023,Standard,Online,61,3971.61,0,7943.22,September,Medium Risk,2,11
2761,48,USA,28-03-2023,Standard,Agent,177,6503.06,1,19509.18,March,High Risk,2,2
2763,37,USA,25-02-2023,Standard,Agent,170,11395.88,1,34187.64,February,High Risk,1,11
2764,35,USA,05-08-2023,Standard,Agent,81,9329.3,1,121280.9,August,Medium Risk,1,20
2765,46,USA,09-03-2023,Standard,Agent,13,7226.12,1,7226.12,March,Low Risk,1,18
2772,36,Germany,14-03-2023,Standard,Corporate,4,7459.08,1,14918.16,March,Low Risk,1,13
2775,22,India,04-06-2023,Standard,Agent,44,8354.47,0,41772.35,June,Low Risk,2,7
2778,27,UAE,06-08-2023,Standard,Online,115,9348.86,1,18697.72,August,High Risk,1,11
2779,42,Germany,10-09-2023,Standard,Corporate,50,9170.11,1,119211.43,September,Low Risk,1,15
2787,36,UK,25-11-2023,Standard,Agent,77,11081.15,1,121892.65,November,Medium Risk,2,13
2788,26,India,08-08-2023,Standard,Online,169,10571.18,1,31713.54,August,High Risk,2,6
2789,52,UK,06-01-2023,Standard,Agent,101,5883.18,1,47065.44,January,High Risk,1,15
2792,45,Germany,16-08-2023,Standard,Online,47,5967.85,1,35807.1,August,Low Risk,2,9
2793,63,Germany,17-01-2023,Standard,Online,122,14741.07,1,73705.35,January,High Risk,2,8
2796,33,Germany,27-03-2023,Standard,Corporate,135,3001.65,1,21011.55,March,High Risk,2,7
2807,46,UAE,21-09-2023,Standard,Corporate,52,10944.31,0,43777.24,September,Medium Risk,2,9
2808,69,UK,30-10-2023,Standard,Online,158,5039.13,1,65508.69,October,High Risk,2,8
2809,53,UAE,05-03-2023,Standard,Corporate,50,6423.43,1,77081.16,March,Low Risk,2,2
2816,24,UK,12-05-2023,Standard,Online,56,6262.79,1,25051.16,May,Medium Risk,2,16
2819,39,Germany,01-01-2023,Standard,Online,134,4885.99,1,68403.86,January,High Risk,2,14
2822,54,USA,05-05-2023,Standard,Corporate,38,13254.97,1,79529.82,May,Low Risk,2,4
2824,22,USA,18-11-2023,Standard,Agent,126,5020.93,1,20083.72,November,High Risk,1,1
2825,19,UAE,23-05-2023,Standard,Agent,58,12879.66,0,167435.58,May,Medium Risk,2,17
2826,44,UK,24-11-2023,Standard,Corporate,116,4270.67,1,59789.38,November,High Risk,2,7
2828,55,Germany,26-04-2023,Standard,Corporate,136,5986.5,1,35919,April,High Risk,2,16
2829,32,Germany,30-10-2023,Standard,Agent,99,2243.92,0,8975.68,October,Medium Risk,1,20
2834,22,India,10-02-2023,Standard,Agent,94,4637.47,0,32462.29,February,Medium Risk,1,20
2838,43,UAE,21-10-2023,Standard,Online,155,7456.88,1,29827.52,October,High Risk,1,19
2840,62,UAE,06-04-2023,Standard,Agent,68,8627.08,1,103524.96,April,Medium Risk,1,7
2842,35,Germany,09-12-2023,Standard,Online,10,6376.83,0,31884.15,December,Low Risk,2,17
2843,54,Germany,12-05-2023,Standard,Online,149,2171.4,1,19542.6,May,High Risk,2,2
2848,52,Germany,05-01-2023,Standard,Agent,99,9580.11,1,114961.32,January,Medium Risk,1,10
2851,38,India,22-11-2023,Standard,Corporate,74,14753.39,0,118027.12,November,Medium Risk,2,14
2855,51,Germany,08-12-2023,Standard,Corporate,21,2577.25,1,18040.75,December,Low Risk,2,8
2857,65,India,14-08-2023,Standard,Agent,159,6341.82,1,69760.02,August,High Risk,1,15
2858,35,USA,06-08-2023,Standard,Agent,165,11430.95,1,137171.4,August,High Risk,1,13
2860,52,India,26-01-2023,Standard,Online,167,6700.18,1,13400.36,January,High Risk,1,10
2867,38,UK,12-03-2023,Standard,Corporate,9,6252.69,0,50021.52,March,Low Risk,2,6
2871,58,USA,11-03-2023,Standard,Agent,172,3181.03,1,28629.27,March,High Risk,1,11
2875,18,UK,14-10-2023,Standard,Agent,9,5783.68,0,63620.48,October,Low Risk,2,14
2876,19,Germany,19-10-2023,Standard,Corporate,116,10624.7,1,106247,October,High Risk,2,1
2881,67,Germany,28-09-2023,Standard,Online,169,8520.38,1,17040.76,September,High Risk,2,5
2885,28,India,20-10-2023,Standard,Online,108,9957.07,1,79656.56,October,High Risk,2,11
2889,25,UAE,15-01-2023,Standard,Agent,73,11757.49,0,82302.43,January,Medium Risk,1,5
2891,32,Germany,20-02-2023,Standard,Agent,8,4074.23,0,44816.53,February,Low Risk,1,15
2892,34,India,10-09-2023,Standard,Agent,2,8590.35,0,68722.8,September,Low Risk,1,5
2895,62,UAE,02-05-2023,Standard,Agent,169,14933.6,1,194136.8,May,High Risk,2,2
2897,22,Germany,02-08-2023,Standard,Agent,5,11424.58,1,125670.38,August,Low Risk,2,7
2905,25,UAE,23-12-2023,Standard,Corporate,164,5981.74,1,77762.62,December,High Risk,1,8
2906,40,Germany,09-02-2023,Standard,Online,155,6643.83,1,93013.62,February,High Risk,2,5
2909,62,India,25-11-2023,Standard,Agent,129,13539.03,1,27078.06,November,High Risk,2,1
2910,68,UK,30-07-2023,Standard,Corporate,124,12059,1,72354,July,High Risk,2,19
2911,41,UAE,28-06-2023,Standard,Online,164,3980.63,1,51748.19,June,High Risk,1,15
2913,41,USA,05-04-2023,Standard,Agent,114,12846.25,1,64231.25,April,High Risk,2,10
2914,34,Germany,09-06-2023,Standard,Agent,18,3876.46,0,54270.44,June,Low Risk,1,2
2918,57,India,13-04-2023,Standard,Corporate,149,7838.16,1,31352.64,April,High Risk,2,18
2926,24,UK,14-06-2023,Standard,Agent,53,14063.15,0,70315.75,June,Medium Risk,1,4
2928,45,Germany,14-05-2023,Standard,Agent,163,7104.05,1,28416.2,May,High Risk,1,7
2936,27,Germany,12-04-2023,Standard,Corporate,50,10984.03,1,109840.3,April,Low Risk,2,20
2939,49,UAE,31-12-2023,Standard,Online,90,11424.73,1,68548.38,December,Medium Risk,2,15
2941,45,Germany,14-04-2023,Standard,Agent,117,8046.58,1,24139.74,April,High Risk,2,16
2942,34,USA,21-04-2023,Standard,Agent,125,2204.64,1,22046.4,April,High Risk,2,19
2944,25,India,24-12-2023,Standard,Online,120,2065.45,1,4130.9,December,High Risk,1,14
2945,57,UK,15-09-2023,Standard,Online,140,14010.02,1,196140.28,September,High Risk,2,11
2946,42,UAE,17-06-2023,Standard,Online,116,5821.21,1,17463.63,June,High Risk,1,18
2949,32,India,07-09-2023,Standard,Corporate,10,2606.27,0,33881.51,September,Low Risk,2,11
2952,66,India,20-07-2023,Standard,Agent,129,10027.3,1,90245.7,July,High Risk,2,11
2958,42,UAE,25-08-2023,Standard,Corporate,53,2891.05,1,28910.5,August,Medium Risk,1,6
2960,27,UAE,28-07-2023,Standard,Corporate,145,8022.2,1,32088.8,July,High Risk,2,8
2964,44,UAE,12-02-2023,Standard,Corporate,85,10891,0,54455,February,Medium Risk,2,6
2968,49,UK,28-06-2023,Standard,Online,101,3331.3,1,29981.7,June,High Risk,2,1
2971,49,UAE,03-10-2023,Standard,Agent,146,3049.13,1,18294.78,October,High Risk,2,7
2976,32,UK,04-02-2023,Standard,Online,162,13382.08,1,80292.48,February,High Risk,2,15
2981,42,USA,10-11-2023,Standard,Online,54,13447.19,1,161366.28,November,Medium Risk,1,6
2983,31,UK,26-02-2023,Standard,Agent,76,14978.12,0,194715.56,February,Medium Risk,1,7
2987,69,UAE,03-03-2023,Standard,Corporate,84,2067.23,1,18605.07,March,Medium Risk,2,20
2994,63,Germany,19-02-2023,Standard,Online,94,12378.1,0,160915.3,February,Medium Risk,1,20
2995,66,USA,09-09-2023,Standard,Corporate,145,8403.72,1,16807.44,September,High Risk,2,13
2996,38,UAE,05-02-2023,Standard,Corporate,141,2663.83,1,7991.49,February,High Risk,2,15
3001,66,UAE,16-05-2023,Standard,Agent,141,6510.18,1,91142.52,May,High Risk,1,13
3002,29,India,13-07-2023,Standard,Agent,2,7654.36,0,84197.96,July,Low Risk,1,17
3003,58,UAE,09-08-2023,Standard,Online,158,4149.09,1,24894.54,August,High Risk,1,5
3004,64,USA,06-10-2023,Standard,Corporate,46,4091.76,1,12275.28,October,Low Risk,2,7
3008,38,UK,29-05-2023,Standard,Corporate,26,11871.65,1,118716.5,May,Low Risk,2,4
3011,57,UAE,06-07-2023,Standard,Corporate,129,3010.05,1,27090.45,July,High Risk,2,13
3012,63,Germany,09-05-2023,Standard,Online,79,8065.56,0,72590.04,May,Medium Risk,1,5
3013,24,India,18-04-2023,Standard,Corporate,108,13555.47,1,13555.47,April,High Risk,1,7
3014,40,UAE,09-03-2023,Standard,Corporate,86,4369.34,0,34954.72,March,Medium Risk,2,10
3020,60,India,26-07-2023,Standard,Online,146,2309.72,1,4619.44,July,High Risk,1,15
3022,39,India,04-08-2023,Standard,Agent,138,10385.62,1,51928.1,August,High Risk,1,12
3023,45,India,09-03-2023,Standard,Corporate,95,10042.46,0,110467.06,March,Medium Risk,2,14
3027,19,Germany,23-11-2023,Standard,Agent,12,7099.19,0,63892.71,November,Low Risk,1,1
3028,46,UK,21-02-2023,Standard,Agent,69,8055.7,1,96668.4,February,Medium Risk,2,16
3032,44,UAE,26-06-2023,Standard,Agent,159,10878.79,1,43515.16,June,High Risk,2,5
3035,32,Germany,28-11-2023,Standard,Corporate,153,7111.61,1,49781.27,November,High Risk,2,17
3040,30,India,23-11-2023,Standard,Online,62,12438.79,1,62193.95,November,Medium Risk,2,3
3041,39,India,16-04-2023,Standard,Corporate,169,2825.19,1,2825.19,April,High Risk,1,10
3042,60,India,02-11-2023,Standard,Agent,160,13315.95,1,146475.45,November,High Risk,2,5
3047,40,USA,12-01-2023,Standard,Online,122,12987.52,1,77925.12,January,High Risk,2,9
3050,56,UK,15-02-2023,Standard,Online,85,10412.03,0,52060.15,February,Medium Risk,1,16
3056,25,Germany,14-08-2023,Standard,Online,48,3911.95,1,31295.6,August,Low Risk,1,2
3057,59,Germany,21-03-2023,Standard,Agent,79,14353.33,1,200946.62,March,Medium Risk,1,12
3059,25,USA,04-02-2023,Standard,Corporate,60,14738.92,0,117911.36,February,Medium Risk,2,1
3060,18,USA,21-02-2023,Standard,Corporate,115,2882.93,1,23063.44,February,High Risk,1,2
3062,22,UAE,25-03-2023,Standard,Agent,132,8153.92,1,65231.36,March,High Risk,2,5
3063,20,USA,24-11-2023,Standard,Agent,84,5763.42,0,57634.2,November,Medium Risk,2,16
3067,52,Germany,03-06-2023,Standard,Agent,163,5234.53,1,57579.83,June,High Risk,1,13
3069,59,UAE,05-04-2023,Standard,Online,42,10344.29,0,124131.48,April,Low Risk,1,1
3070,51,UK,13-08-2023,Standard,Online,135,7855.64,1,109978.96,August,High Risk,2,18
3081,65,UAE,29-06-2023,Standard,Online,43,5759.06,1,74867.78,June,Low Risk,2,5
3089,29,UK,15-01-2023,Standard,Agent,129,3208.58,1,38502.96,January,High Risk,2,11
3091,31,UK,31-01-2023,Standard,Corporate,99,3033.53,0,18201.18,January,Medium Risk,2,9
3095,28,USA,21-01-2023,Standard,Agent,31,9247.55,0,101723.05,January,Low Risk,2,10
3096,33,UK,01-07-2023,Standard,Corporate,91,2418.42,0,16928.94,July,Medium Risk,1,4
3098,48,Germany,01-09-2023,Standard,Online,21,7352.21,0,44113.26,September,Low Risk,2,6
3103,64,India,24-02-2023,Standard,Corporate,67,14862.62,0,89175.72,February,Medium Risk,1,10
3109,43,UAE,01-09-2023,Standard,Agent,25,11455.36,1,137464.32,September,Low Risk,1,10
3112,38,UAE,19-05-2023,Standard,Corporate,10,8943.77,1,26831.31,May,Low Risk,2,18
3113,57,UK,30-10-2023,Standard,Online,106,10831.08,1,86648.64,October,High Risk,2,5
3121,37,UAE,07-02-2023,Standard,Agent,131,12082.9,1,144994.8,February,High Risk,2,10
3122,34,UAE,08-10-2023,Standard,Online,85,9433.96,0,75471.68,October,Medium Risk,2,5
3123,24,USA,15-10-2023,Standard,Agent,109,6941.34,1,13882.68,October,High Risk,2,15
3126,31,USA,05-07-2023,Standard,Corporate,32,12874.53,1,154494.36,July,Low Risk,2,10
3134,51,USA,27-01-2023,Standard,Agent,32,12002.86,0,60014.3,January,Low Risk,1,20
3136,35,Germany,09-06-2023,Standard,Corporate,125,5177.69,1,10355.38,June,High Risk,2,18
3138,48,UK,07-05-2023,Standard,Corporate,76,11053.52,0,55267.6,May,Medium Risk,1,18
3140,66,USA,11-12-2023,Standard,Agent,31,7178,0,14356,December,Low Risk,1,4
3146,29,UK,29-10-2023,Standard,Corporate,87,9957.86,0,29873.58,October,Medium Risk,1,10
3150,53,UK,20-06-2023,Standard,Online,82,11987.17,0,35961.51,June,Medium Risk,1,13
3155,47,UK,01-12-2023,Standard,Corporate,117,3085.69,1,37028.28,December,High Risk,1,1
3158,35,USA,22-06-2023,Standard,Agent,155,13788.7,1,179253.1,June,High Risk,2,13
3162,64,Germany,19-06-2023,Standard,Corporate,49,4733.87,1,61540.31,June,Low Risk,2,2
3166,34,USA,12-09-2023,Standard,Corporate,161,2163.28,1,25959.36,September,High Risk,1,8
3173,32,India,30-04-2023,Standard,Corporate,34,13350.71,1,66753.55,April,Low Risk,1,5
3177,28,UAE,19-09-2023,Standard,Corporate,47,12107.67,0,24215.34,September,Low Risk,1,20
3178,56,UAE,21-02-2023,Standard,Online,52,7622.44,0,38112.2,February,Medium Risk,2,5
3184,27,India,24-02-2023,Standard,Online,2,6741.96,0,53935.68,February,Low Risk,2,15
3185,67,India,28-09-2023,Standard,Corporate,5,14715.72,0,58862.88,September,Low Risk,2,6
3188,60,Germany,26-10-2023,Standard,Corporate,11,7658.9,1,53612.3,October,Low Risk,1,18
3197,59,Germany,20-02-2023,Standard,Corporate,83,6522.8,0,32614,February,Medium Risk,1,12
3200,43,UK,16-09-2023,Standard,Corporate,30,4544.43,0,9088.86,September,Low Risk,1,15
3203,46,Germany,28-01-2023,Standard,Corporate,15,2616.4,1,18314.8,January,Low Risk,1,10
3204,54,UAE,11-09-2023,Standard,Agent,162,12891.96,1,154703.52,September,High Risk,1,2
3208,27,India,19-07-2023,Standard,Corporate,2,6215.34,1,80799.42,July,Low Risk,2,2
3215,56,UAE,07-01-2023,Standard,Online,14,6994.82,0,27979.28,January,Low Risk,1,18
3222,58,UK,31-08-2023,Standard,Online,60,13709.19,1,178219.47,August,Medium Risk,2,3
3223,63,Germany,09-03-2023,Standard,Online,59,11538.47,0,103846.23,March,Medium Risk,1,6
3224,61,UK,07-11-2023,Standard,Online,141,3144.37,1,3144.37,November,High Risk,2,14
3226,37,UAE,27-08-2023,Standard,Agent,132,6298.55,1,37791.3,August,High Risk,2,10
3228,42,UAE,18-04-2023,Standard,Agent,47,8288.51,0,82885.1,April,Low Risk,2,3
3229,53,USA,03-11-2023,Standard,Corporate,31,13484.15,1,94389.05,November,Low Risk,2,4
3230,38,India,07-02-2023,Standard,Corporate,56,7776.54,0,93318.48,February,Medium Risk,2,18
3234,59,UAE,26-01-2023,Standard,Online,81,2216.04,0,28808.52,January,Medium Risk,1,14
3241,31,UAE,06-10-2023,Standard,Agent,48,4218.78,1,50625.36,October,Low Risk,2,16
3247,42,UK,25-01-2023,Standard,Agent,129,11764.66,1,70587.96,January,High Risk,1,11
3248,30,USA,17-01-2023,Standard,Agent,32,4014.64,1,20073.2,January,Low Risk,1,20
3249,23,UAE,29-01-2023,Standard,Agent,88,9532.6,1,38130.4,January,Medium Risk,2,11
3253,53,UK,13-03-2023,Standard,Online,172,6863.19,1,20589.57,March,High Risk,2,18
3255,37,UK,07-09-2023,Standard,Online,90,5890.2,0,76572.6,September,Medium Risk,1,9
3256,35,UAE,22-10-2023,Standard,Corporate,171,11000.23,1,66001.38,October,High Risk,1,4
3257,60,India,24-05-2023,Standard,Corporate,168,8204.1,1,32816.4,May,High Risk,1,1
3258,38,Germany,01-10-2023,Standard,Agent,46,7473.96,0,82213.56,October,Low Risk,2,19
3262,44,USA,20-01-2023,Standard,Corporate,19,9652.4,1,135133.6,January,Low Risk,2,15
3264,23,Germany,23-06-2023,Standard,Online,105,6843.28,1,82119.36,June,High Risk,2,5
3265,32,India,22-06-2023,Standard,Corporate,38,13188.32,1,118694.88,June,Low Risk,1,14
3274,38,Germany,10-04-2023,Standard,Corporate,128,11559.9,1,127158.9,April,High Risk,2,16
3275,59,USA,01-10-2023,Standard,Online,52,13486.7,1,134867,October,Medium Risk,2,19
3277,61,India,08-06-2023,Standard,Online,43,5358.2,0,26791,June,Low Risk,2,7
3278,31,UAE,15-08-2023,Standard,Agent,34,13035.2,0,26070.4,August,Low Risk,1,18
3283,20,Germany,12-07-2023,Standard,Agent,123,8990.55,1,116877.15,July,High Risk,1,15
3285,43,Germany,13-01-2023,Standard,Agent,46,13902.99,0,69514.95,January,Low Risk,2,3
3288,66,USA,26-03-2023,Standard,Online,71,7211.79,0,72117.9,March,Medium Risk,1,15
3290,68,Germany,12-02-2023,Standard,Corporate,173,13923.14,1,13923.14,February,High Risk,1,2
3294,58,India,13-02-2023,Standard,Online,141,9437.9,1,103816.9,February,High Risk,1,18
3295,50,USA,29-09-2023,Standard,Agent,8,3759.51,0,7519.02,September,Low Risk,1,3
3301,50,India,18-10-2023,Standard,Online,37,7558.38,0,60467.04,October,Low Risk,1,1
3303,41,Germany,23-09-2023,Standard,Agent,15,8217.39,0,41086.95,September,Low Risk,2,14
3304,51,Germany,03-12-2023,Standard,Online,68,9566.27,0,86096.43,December,Medium Risk,2,19
3307,58,UAE,27-10-2023,Standard,Online,162,11228.87,1,112288.7,October,High Risk,2,15
3310,66,Germany,24-03-2023,Standard,Online,23,14232.3,0,128090.7,March,Low Risk,1,3
3313,23,UAE,08-12-2023,Standard,Corporate,49,10231.53,0,40926.12,December,Low Risk,2,20
3315,23,UK,16-06-2023,Standard,Corporate,77,9267.01,0,27801.03,June,Medium Risk,2,2
3316,51,UAE,11-02-2023,Standard,Agent,39,3879.7,0,38797,February,Low Risk,1,6
3317,18,India,06-09-2023,Standard,Online,21,10741.3,0,10741.3,September,Low Risk,2,8
3320,22,UAE,20-01-2023,Standard,Online,65,8807.02,0,26421.06,January,Medium Risk,2,16
3323,65,UK,11-12-2023,Standard,Online,93,6908.02,1,41448.12,December,Medium Risk,2,13
3329,68,India,28-08-2023,Standard,Corporate,155,2232.5,1,22325,August,High Risk,2,6
3332,29,UAE,07-08-2023,Standard,Agent,100,13761.2,0,192656.8,August,Medium Risk,1,6
3333,41,UK,13-05-2023,Standard,Corporate,11,10818.33,0,32454.99,May,Low Risk,2,1
3335,57,Germany,20-02-2023,Standard,Corporate,112,5226.98,1,10453.96,February,High Risk,1,6
3336,55,Germany,16-04-2023,Standard,Agent,10,6487.14,0,71358.54,April,Low Risk,1,4
3343,38,USA,21-12-2023,Standard,Online,33,9601.9,0,76815.2,December,Low Risk,2,20
3347,63,USA,15-06-2023,Standard,Agent,109,9605.06,1,76840.48,June,High Risk,2,19
3351,57,UK,10-12-2023,Standard,Corporate,55,7648.35,0,7648.35,December,Medium Risk,2,18
3352,38,USA,05-10-2023,Standard,Corporate,82,12913.07,0,167869.91,October,Medium Risk,2,1
3353,32,USA,03-01-2023,Standard,Agent,146,5263.25,1,26316.25,January,High Risk,1,14
3355,69,Germany,02-03-2023,Standard,Corporate,154,13099.64,1,117896.76,March,High Risk,1,5
3356,45,USA,21-10-2023,Standard,Online,132,9657.52,1,38630.08,October,High Risk,1,10
3357,31,Germany,13-08-2023,Standard,Corporate,25,5382.04,1,53820.4,August,Low Risk,2,16
3359,58,Germany,19-06-2023,Standard,Corporate,77,7533.45,0,30133.8,June,Medium Risk,1,3
3362,43,UAE,19-08-2023,Standard,Online,74,7145.65,0,35728.25,August,Medium Risk,2,8
3363,66,Germany,14-08-2023,Standard,Corporate,115,12146.06,1,12146.06,August,High Risk,1,10
3365,42,UAE,20-04-2023,Standard,Online,69,10482.98,0,83863.84,April,Medium Risk,1,14
3366,20,India,24-10-2023,Standard,Agent,155,7836,1,78360,October,High Risk,2,20
3367,25,UK,26-02-2023,Standard,Online,35,6353.1,1,76237.2,February,Low Risk,2,9
3368,61,USA,03-05-2023,Standard,Corporate,48,14058.48,1,126526.32,May,Low Risk,2,2
3369,50,USA,28-08-2023,Standard,Agent,52,12113.08,0,145356.96,August,Medium Risk,2,13
3370,59,UAE,27-03-2023,Standard,Online,129,4850.36,1,4850.36,March,High Risk,2,5
3373,23,UK,08-02-2023,Standard,Online,20,14861.41,0,29722.82,February,Low Risk,1,2
3378,67,UK,13-06-2023,Standard,Corporate,175,9605.73,1,19211.46,June,High Risk,1,13
3380,36,UAE,02-07-2023,Standard,Corporate,133,7140.44,1,92825.72,July,High Risk,2,3
3385,27,UK,05-02-2023,Standard,Corporate,152,3434.13,1,10302.39,February,High Risk,1,12
3386,25,UK,26-03-2023,Standard,Agent,145,8503.18,1,76528.62,March,High Risk,1,3
3389,58,Germany,11-10-2023,Standard,Corporate,117,2907.92,1,34895.04,October,High Risk,2,12
3397,65,USA,04-03-2023,Standard,Online,78,10637.53,1,42550.12,March,Medium Risk,2,4
3398,63,UAE,22-11-2023,Standard,Online,137,11708.37,1,128792.07,November,High Risk,2,20
3400,35,UAE,14-07-2023,Standard,Online,116,5756.86,1,51811.74,July,High Risk,2,4
3403,23,UK,02-06-2023,Standard,Corporate,145,7385.21,1,36926.05,June,High Risk,2,1
3404,29,UAE,17-01-2023,Standard,Corporate,129,6173.89,1,49391.12,January,High Risk,2,7
3410,20,UAE,29-03-2023,Standard,Agent,8,11748.33,1,58741.65,March,Low Risk,1,12
3415,55,UAE,04-05-2023,Standard,Corporate,93,10338.45,0,134399.85,May,Medium Risk,2,10
3419,25,UK,03-06-2023,Standard,Online,123,10790.62,1,118696.82,June,High Risk,2,15
3420,54,Germany,29-06-2023,Standard,Online,29,5466.11,1,71059.43,June,Low Risk,1,10
3425,21,USA,28-11-2023,Standard,Agent,158,12071.63,1,48286.52,November,High Risk,2,16
3429,36,Germany,24-10-2023,Standard,Corporate,88,5952.48,0,59524.8,October,Medium Risk,1,18
3430,49,UAE,22-03-2023,Standard,Online,44,5839.88,0,58398.8,March,Low Risk,1,9
3431,26,India,07-02-2023,Standard,Agent,64,10123.82,0,121485.84,February,Medium Risk,2,13
3435,33,India,30-01-2023,Standard,Online,17,6975.29,1,76728.19,January,Low Risk,1,3
3437,62,Germany,15-08-2023,Standard,Online,40,10365.45,1,31096.35,August,Low Risk,2,5
3442,21,USA,04-01-2023,Standard,Online,0,5296.01,0,63552.12,January,Low Risk,1,8
3446,44,UAE,16-11-2023,Standard,Online,159,8662.4,1,34649.6,November,High Risk,2,20
3451,21,UAE,28-02-2023,Standard,Corporate,43,14184.53,1,170214.36,February,Low Risk,2,11
3455,43,UAE,17-03-2023,Standard,Corporate,34,11905.02,1,47620.08,March,Low Risk,2,9
3456,22,UAE,24-05-2023,Standard,Agent,146,5469.23,1,5469.23,May,High Risk,2,2
3460,26,Germany,08-07-2023,Standard,Online,6,12495.72,0,87470.04,July,Low Risk,1,20
3470,61,Germany,18-07-2023,Standard,Agent,62,10614.07,1,127368.84,July,Medium Risk,1,16
3472,26,UAE,12-02-2023,Standard,Online,136,7400.97,1,14801.94,February,High Risk,1,3
3473,38,USA,27-12-2023,Standard,Corporate,150,12934.14,1,181077.96,December,High Risk,2,19
3476,39,USA,04-03-2023,Standard,Corporate,86,3420.64,0,23944.48,March,Medium Risk,2,8
3478,29,UAE,07-09-2023,Standard,Online,65,14421.99,0,43265.97,September,Medium Risk,1,1
3479,45,UK,04-12-2023,Standard,Corporate,36,11344.33,0,113443.3,December,Low Risk,1,19
3489,69,India,31-05-2023,Standard,Agent,24,4783.83,0,14351.49,May,Low Risk,1,14
3491,58,India,28-04-2023,Standard,Corporate,150,11926.07,1,166964.98,April,High Risk,2,4
3494,35,India,17-01-2023,Standard,Agent,50,8042.36,0,80423.6,January,Low Risk,2,4
3503,47,UAE,12-04-2023,Standard,Agent,85,6054.44,1,24217.76,April,Medium Risk,2,14
3504,32,Germany,11-06-2023,Standard,Corporate,110,3370.45,1,37074.95,June,High Risk,1,11
3505,44,UK,08-04-2023,Standard,Corporate,157,11720.74,1,152369.62,April,High Risk,2,5
3508,37,USA,20-11-2023,Standard,Agent,19,6595.3,1,19785.9,November,Low Risk,2,18
3510,51,UAE,05-03-2023,Standard,Agent,174,2329.2,1,2329.2,March,High Risk,2,17
3511,19,UAE,01-09-2023,Standard,Agent,101,12046.32,1,96370.56,September,High Risk,2,13
3512,52,UK,12-03-2023,Standard,Corporate,58,10817.25,0,64903.5,March,Medium Risk,1,13
3514,45,USA,05-05-2023,Standard,Agent,41,13835.54,0,13835.54,May,Low Risk,2,20
3516,56,India,27-11-2023,Standard,Corporate,7,14085.91,1,14085.91,November,Low Risk,2,15
3517,23,UK,17-04-2023,Standard,Online,56,9771.44,0,29314.32,April,Medium Risk,2,10
3520,18,UK,03-12-2023,Standard,Agent,83,4106.91,0,28748.37,December,Medium Risk,2,3
3524,21,UAE,11-10-2023,Standard,Agent,48,6637.66,0,86289.58,October,Low Risk,2,5
3527,55,Germany,13-12-2023,Standard,Online,150,10628.74,1,116916.14,December,High Risk,2,16
3531,63,USA,02-08-2023,Standard,Corporate,94,8172.54,1,16345.08,August,Medium Risk,1,9
3532,69,Germany,05-03-2023,Standard,Agent,96,5188.45,1,41507.6,March,Medium Risk,1,2
3533,31,USA,06-03-2023,Standard,Corporate,49,10505.16,1,42020.64,March,Low Risk,2,9
3534,53,UAE,27-09-2023,Standard,Corporate,82,10541.38,0,94872.42,September,Medium Risk,2,19
3537,56,India,15-04-2023,Standard,Corporate,88,13154.07,1,92078.49,April,Medium Risk,2,13
3538,26,USA,11-05-2023,Standard,Online,164,9731.22,1,97312.2,May,High Risk,2,18
3539,52,India,17-11-2023,Standard,Agent,140,3528.02,1,17640.1,November,High Risk,2,18
3543,68,India,23-02-2023,Standard,Agent,71,4755.28,0,23776.4,February,Medium Risk,1,17
3547,40,India,17-02-2023,Standard,Agent,145,6719.55,1,20158.65,February,High Risk,1,10
3553,53,UK,15-07-2023,Standard,Agent,60,4729.29,1,56751.48,July,Medium Risk,1,5
3554,25,UK,22-11-2023,Standard,Online,137,5857.57,1,52718.13,November,High Risk,1,15
3555,52,India,25-04-2023,Standard,Corporate,100,11429.67,0,11429.67,April,Medium Risk,2,2
3565,43,USA,11-08-2023,Standard,Online,36,9821.56,1,29464.68,August,Low Risk,1,8
3570,36,Germany,08-04-2023,Standard,Corporate,131,10003.57,1,100035.7,April,High Risk,1,8
3572,68,UAE,30-05-2023,Standard,Online,167,3221.23,1,6442.46,May,High Risk,1,9
3577,45,Germany,09-08-2023,Standard,Corporate,118,10116.72,1,121400.64,August,High Risk,1,5
3580,24,Germany,03-09-2023,Standard,Corporate,167,5108.62,1,56194.82,September,High Risk,2,4
3582,26,India,13-05-2023,Standard,Corporate,126,9696.38,1,67874.66,May,High Risk,1,9
3588,53,USA,18-01-2023,Standard,Agent,157,11822.01,1,70932.06,January,High Risk,1,13
3589,57,USA,02-11-2023,Standard,Agent,81,13662.39,1,95636.73,November,Medium Risk,2,8
3591,47,India,09-12-2023,Standard,Corporate,52,2428.96,1,14573.76,December,Medium Risk,2,4
3594,69,Germany,03-09-2023,Standard,Online,21,13307.45,1,172996.85,September,Low Risk,2,7
3595,42,UAE,30-03-2023,Standard,Agent,66,4237.89,0,8475.78,March,Medium Risk,2,14
3601,47,USA,11-11-2023,Standard,Online,16,3851.64,0,30813.12,November,Low Risk,1,4
3603,21,Germany,18-08-2023,Standard,Online,71,13491.59,0,53966.36,August,Medium Risk,1,4
3610,39,UAE,06-10-2023,Standard,Online,31,4236.16,1,46597.76,October,Low Risk,1,2
3623,38,India,22-10-2023,Standard,Corporate,37,13606.27,0,40818.81,October,Low Risk,2,1
3628,20,India,14-09-2023,Standard,Corporate,109,9312.39,1,55874.34,September,High Risk,2,16
3629,61,USA,27-04-2023,Standard,Corporate,4,3448.41,0,10345.23,April,Low Risk,2,11
3634,52,Germany,11-10-2023,Standard,Agent,9,9583.07,0,28749.21,October,Low Risk,2,6
3635,34,UAE,03-02-2023,Standard,Online,72,7488.67,0,7488.67,February,Medium Risk,1,3
3637,41,Germany,08-09-2023,Standard,Online,37,14536.09,0,130824.81,September,Low Risk,2,6
3645,29,UAE,17-04-2023,Standard,Agent,176,9179.76,1,100977.36,April,High Risk,2,3
3646,29,India,11-05-2023,Standard,Agent,126,9094.8,1,36379.2,May,High Risk,1,19
3652,43,USA,26-05-2023,Standard,Agent,160,9120.19,1,36480.76,May,High Risk,2,16
3660,37,UAE,22-03-2023,Standard,Online,153,6677.5,1,86807.5,March,High Risk,2,20
3662,68,Germany,17-03-2023,Standard,Agent,4,12487.69,1,124876.9,March,Low Risk,2,10
3667,21,UAE,10-11-2023,Standard,Agent,158,12491.1,1,87437.7,November,High Risk,1,14
3677,44,UK,28-07-2023,Standard,Corporate,147,4532.73,1,49860.03,July,High Risk,2,9
3680,25,USA,03-12-2023,Standard,Agent,72,10903.6,1,152650.4,December,Medium Risk,1,3
3682,55,India,10-04-2023,Standard,Online,171,2092.96,1,16743.68,April,High Risk,2,19
3684,39,UAE,12-11-2023,Standard,Agent,46,6378.06,1,12756.12,November,Low Risk,1,17
3686,35,UAE,28-08-2023,Standard,Agent,111,12628.6,1,176800.4,August,High Risk,1,12
3690,43,India,17-07-2023,Standard,Corporate,58,14012.32,1,182160.16,July,Medium Risk,2,12
3691,44,UK,06-07-2023,Standard,Agent,118,9166.76,1,9166.76,July,High Risk,2,18
3705,37,UK,01-11-2023,Standard,Agent,10,11443.82,1,11443.82,November,Low Risk,1,2
3707,30,Germany,26-03-2023,Standard,Agent,145,12296.69,1,98373.52,March,High Risk,1,11
3711,66,India,06-05-2023,Standard,Corporate,124,9671.19,1,29013.57,May,High Risk,2,8
3713,60,UAE,31-10-2023,Standard,Online,169,5961.73,1,23846.92,October,High Risk,1,3
3714,37,USA,28-01-2023,Standard,Corporate,166,7301.33,1,51109.31,January,High Risk,2,17
3716,43,UAE,23-09-2023,Standard,Corporate,49,5267.19,1,47404.71,September,Low Risk,2,18
3717,56,India,21-02-2023,Standard,Corporate,112,5386.34,1,16159.02,February,High Risk,2,16
3721,60,UK,26-07-2023,Standard,Agent,138,3742.4,1,3742.4,July,High Risk,1,1
3726,66,India,20-07-2023,Standard,Agent,80,3042.63,0,30426.3,July,Medium Risk,2,12
3728,34,Germany,07-11-2023,Standard,Agent,136,7542.75,1,52799.25,November,High Risk,1,4
3729,41,USA,11-10-2023,Standard,Corporate,75,12245.06,1,36735.18,October,Medium Risk,2,20
3732,56,UK,17-05-2023,Standard,Corporate,47,10725.06,0,85800.48,May,Low Risk,1,18
3735,30,UK,27-04-2023,Standard,Agent,66,12816.77,1,64083.85,April,Medium Risk,1,8
3736,28,Germany,30-12-2023,Standard,Corporate,114,13917.09,1,180922.17,December,High Risk,1,8
3739,28,UK,01-12-2023,Standard,Agent,106,10511.12,1,84088.96,December,High Risk,2,20
3740,30,UK,14-01-2023,Standard,Corporate,25,6728.49,0,13456.98,January,Low Risk,2,2
3741,63,India,15-02-2023,Standard,Online,109,2952.64,1,41336.96,February,High Risk,1,20
3743,18,Germany,28-07-2023,Standard,Corporate,157,11252.27,1,78765.89,July,High Risk,1,2
3747,29,UK,29-08-2023,Standard,Agent,149,8268.77,1,57881.39,August,High Risk,2,19
3748,25,India,27-02-2023,Standard,Online,112,5037.51,1,55412.61,February,High Risk,2,7
3750,62,UAE,01-11-2023,Standard,Online,141,8811.5,1,123361,November,High Risk,1,19
3754,62,UK,14-01-2023,Standard,Corporate,58,10725.66,0,85805.28,January,Medium Risk,1,7
3755,43,Germany,25-12-2023,Standard,Online,149,12012.06,1,168168.84,December,High Risk,1,20
3759,25,India,13-04-2023,Standard,Corporate,73,3224.1,0,12896.4,April,Medium Risk,1,15
3760,42,USA,05-08-2023,Standard,Online,126,14489.71,1,144897.1,August,High Risk,2,6
3766,64,Germany,04-08-2023,Standard,Agent,132,4813.69,1,52950.59,August,High Risk,2,18
3769,64,India,25-02-2023,Standard,Corporate,166,4439.96,1,57719.48,February,High Risk,2,9
3771,35,UAE,27-02-2023,Standard,Corporate,142,12107.88,1,84755.16,February,High Risk,2,3
3773,19,UAE,24-02-2023,Standard,Corporate,52,12929.7,0,25859.4,February,Medium Risk,1,15
3774,21,USA,07-12-2023,Standard,Online,32,9307.34,1,74458.72,December,Low Risk,1,18
3776,50,India,31-05-2023,Standard,Online,171,10798.18,1,107981.8,May,High Risk,1,6
3788,68,UK,16-02-2023,Standard,Agent,159,9764.93,1,136709.02,February,High Risk,1,18
3792,19,Germany,19-08-2023,Standard,Online,62,10624.37,0,84994.96,August,Medium Risk,2,10
3794,58,India,18-02-2023,Standard,Corporate,67,13980.65,0,83883.9,February,Medium Risk,2,4
3795,27,India,22-04-2023,Standard,Online,78,5589,0,78246,April,Medium Risk,1,5
3796,19,Germany,12-11-2023,Standard,Corporate,136,11734.24,1,117342.4,November,High Risk,1,2
3797,68,UK,18-11-2023,Standard,Online,45,3516.66,0,42199.92,November,Low Risk,2,4
3800,27,UK,23-11-2023,Standard,Online,107,4448.6,1,35588.8,November,High Risk,2,2
3807,20,India,22-01-2023,Standard,Corporate,132,6472.54,1,77670.48,January,High Risk,1,11
3812,46,UK,20-12-2023,Standard,Corporate,112,14277.97,1,28555.94,December,High Risk,2,5
3817,57,India,28-01-2023,Standard,Online,148,10253.37,1,71773.59,January,High Risk,1,20
3818,19,India,18-03-2023,Standard,Corporate,160,4124.63,1,20623.15,March,High Risk,1,17
3822,52,UAE,19-02-2023,Standard,Corporate,115,8286.23,1,16572.46,February,High Risk,2,19
3824,18,UK,26-06-2023,Standard,Agent,156,12261.33,1,73567.98,June,High Risk,2,5
3828,54,UK,15-12-2023,Standard,Online,35,2159.82,1,12958.92,December,Low Risk,2,20
3829,38,UAE,21-01-2023,Standard,Corporate,162,6783.71,1,40702.26,January,High Risk,2,7
3834,41,Germany,09-06-2023,Standard,Agent,127,3256.63,1,45592.82,June,High Risk,1,2
3836,45,UAE,06-04-2023,Standard,Online,155,13002.4,1,13002.4,April,High Risk,1,8
3838,60,USA,16-03-2023,Standard,Online,159,6029.56,1,42206.92,March,High Risk,1,4
3840,53,Germany,08-05-2023,Standard,Online,81,10429.31,1,114722.41,May,Medium Risk,2,7
3841,52,Germany,25-12-2023,Standard,Agent,43,10810.8,1,32432.4,December,Low Risk,1,15
3843,26,India,19-05-2023,Standard,Online,148,2510.39,1,10041.56,May,High Risk,1,2
3847,51,UAE,22-07-2023,Standard,Agent,96,11394.96,0,79764.72,July,Medium Risk,2,13
3850,20,USA,29-04-2023,Standard,Corporate,154,9254.09,1,37016.36,April,High Risk,2,12
3852,61,UK,28-08-2023,Standard,Online,143,3952.77,1,43480.47,August,High Risk,1,6
3853,32,UK,03-12-2023,Standard,Online,47,2093.06,1,12558.36,December,Low Risk,1,3
3857,28,UK,16-05-2023,Standard,Agent,129,6979.87,1,13959.74,May,High Risk,2,12
3863,56,Germany,20-07-2023,Standard,Corporate,22,11264.99,1,101384.91,July,Low Risk,2,11
3869,54,Germany,14-03-2023,Standard,Online,36,5085.85,1,20343.4,March,Low Risk,2,10
3877,35,Germany,04-09-2023,Standard,Agent,137,6781.34,1,94938.76,September,High Risk,2,20
3879,52,USA,26-07-2023,Standard,Online,156,7127.76,1,7127.76,July,High Risk,2,20
3885,66,USA,02-07-2023,Standard,Corporate,171,9245.35,1,83208.15,July,High Risk,1,2
3886,66,UAE,27-08-2023,Standard,Corporate,6,13346.83,0,13346.83,August,Low Risk,1,19
3887,55,USA,07-09-2023,Standard,Agent,143,3438.11,1,17190.55,September,High Risk,1,20
3888,22,Germany,12-03-2023,Standard,Online,92,5040.55,0,40324.4,March,Medium Risk,1,19
3890,51,USA,26-03-2023,Standard,Agent,91,8049.69,1,24149.07,March,Medium Risk,2,3
3891,65,India,02-11-2023,Standard,Agent,6,9845.02,0,49225.1,November,Low Risk,1,9
3892,69,Germany,28-09-2023,Standard,Online,13,9692.81,0,48464.05,September,Low Risk,2,8
3893,29,India,17-10-2023,Standard,Agent,58,7360.61,0,58884.88,October,Medium Risk,2,5
3894,55,Germany,24-08-2023,Standard,Agent,61,11174.13,0,67044.78,August,Medium Risk,2,20
3897,21,UAE,25-07-2023,Standard,Corporate,21,2603.35,0,2603.35,July,Low Risk,1,18
3903,41,UK,23-05-2023,Standard,Corporate,97,4439.88,0,39958.92,May,Medium Risk,2,17
3904,20,UK,13-04-2023,Standard,Corporate,115,4110.83,1,20554.15,April,High Risk,2,14
3908,43,UAE,01-03-2023,Standard,Online,11,4886.33,1,19545.32,March,Low Risk,2,9
3909,44,India,24-01-2023,Standard,Agent,137,4235.81,1,25414.86,January,High Risk,2,20
3922,59,Germany,20-07-2023,Standard,Agent,105,7230.28,1,28921.12,July,High Risk,1,1
3923,54,UK,18-03-2023,Standard,Corporate,38,2537.85,0,7613.55,March,Low Risk,2,19
3924,52,UAE,12-09-2023,Standard,Online,19,2871.03,0,20097.21,September,Low Risk,1,11
3925,40,USA,04-09-2023,Standard,Online,72,14630.45,1,175565.4,September,Medium Risk,2,13
3926,23,UK,27-09-2023,Standard,Agent,42,10086.56,0,70605.92,September,Low Risk,1,20
3927,21,USA,03-11-2023,Standard,Corporate,115,8382.06,1,75438.54,November,High Risk,2,4
3930,66,UK,21-03-2023,Standard,Online,107,4358.1,1,26148.6,March,High Risk,1,9
3933,64,UK,04-05-2023,Standard,Agent,132,10179.81,1,91618.29,May,High Risk,2,17
3938,65,Germany,25-07-2023,Standard,Online,107,10711.49,1,32134.47,July,High Risk,2,20
3944,66,Germany,08-04-2023,Standard,Corporate,117,7841.54,1,23524.62,April,High Risk,1,9
3946,51,UK,14-02-2023,Standard,Corporate,8,6221.3,0,87098.2,February,Low Risk,1,1
3952,59,UK,05-06-2023,Standard,Online,152,3462.8,1,31165.2,June,High Risk,1,19
3954,49,UK,13-02-2023,Standard,Online,31,9479.93,1,113759.16,February,Low Risk,1,9
3961,38,UK,07-11-2023,Standard,Agent,121,12124.72,1,169746.08,November,High Risk,1,15
3966,68,Germany,03-03-2023,Standard,Agent,120,5496.53,1,71454.89,March,High Risk,1,18
3969,41,UAE,26-11-2023,Standard,Agent,143,13145.91,1,78875.46,November,High Risk,1,18
3972,64,USA,23-09-2023,Standard,Agent,63,5459.69,0,32758.14,September,Medium Risk,2,4
3974,28,USA,04-07-2023,Standard,Agent,68,6679.39,0,13358.78,July,Medium Risk,2,17
3975,53,UK,30-11-2023,Standard,Corporate,123,13195.77,1,65978.85,November,High Risk,1,18
3987,25,USA,30-09-2023,Standard,Online,61,11731.76,0,117317.6,September,Medium Risk,2,20
3990,34,USA,11-03-2023,Standard,Corporate,29,13340.56,1,146746.16,March,Low Risk,1,3
3992,53,UK,19-12-2023,Standard,Agent,80,2844.19,0,5688.38,December,Medium Risk,1,1
3994,44,UK,30-06-2023,Standard,Corporate,90,13788.01,0,110304.08,June,Medium Risk,2,13
3996,28,Germany,16-07-2023,Standard,Corporate,6,6031.78,0,6031.78,July,Low Risk,2,19
4000,38,UK,15-05-2023,Standard,Corporate,31,12543.73,0,100349.84,May,Low Risk,2,18
4005,34,UK,18-03-2023,Standard,Agent,9,10472.24,1,83777.92,March,Low Risk,2,19
4009,29,Germany,06-11-2023,Standard,Agent,123,5344.28,1,69475.64,November,High Risk,2,18
4013,36,UK,09-08-2023,Standard,Online,75,8378.03,1,58646.21,August,Medium Risk,2,18
4014,43,India,02-05-2023,Standard,Corporate,13,3157.53,0,3157.53,May,Low Risk,2,8
4018,69,UK,30-05-2023,Standard,Online,54,10164.85,0,121978.2,May,Medium Risk,2,1
4019,49,USA,06-07-2023,Standard,Online,13,7693.83,1,76938.3,July,Low Risk,2,15
4028,44,Germany,18-06-2023,Standard,Corporate,72,12211.28,0,12211.28,June,Medium Risk,2,16
4030,68,Germany,18-04-2023,Standard,Online,27,4800.26,1,38402.08,April,Low Risk,2,4
4032,34,India,21-09-2023,Standard,Agent,98,13487.7,1,134877,September,Medium Risk,1,5
4034,31,UAE,29-10-2023,Standard,Agent,42,8772.54,0,35090.16,October,Low Risk,1,12
4035,44,India,27-12-2023,Standard,Corporate,39,14343.4,1,143434,December,Low Risk,2,7
4036,35,India,18-12-2023,Standard,Online,22,11209.78,0,100888.02,December,Low Risk,1,3
4037,45,USA,13-11-2023,Standard,Agent,176,8813.49,1,70507.92,November,High Risk,2,14
4038,68,Germany,13-08-2023,Standard,Agent,7,2752.73,0,8258.19,August,Low Risk,1,14
4040,64,Germany,22-08-2023,Standard,Corporate,6,7484.71,1,44908.26,August,Low Risk,1,9
4041,21,UK,17-06-2023,Standard,Agent,20,5968.29,0,23873.16,June,Low Risk,2,14
4045,65,USA,30-04-2023,Standard,Online,81,7664.92,0,84314.12,April,Medium Risk,1,20
4046,26,India,09-07-2023,Standard,Corporate,60,11773.65,0,164831.1,July,Medium Risk,2,13
4048,69,India,17-02-2023,Standard,Agent,157,3431.02,1,10293.06,February,High Risk,1,6
4051,34,UK,04-07-2023,Standard,Corporate,136,10639.64,1,95756.76,July,High Risk,1,11
4052,66,Germany,11-08-2023,Standard,Agent,16,9058.56,0,63409.92,August,Low Risk,1,3
4054,49,USA,08-10-2023,Standard,Agent,102,10598.61,1,31795.83,October,High Risk,1,5
4065,67,Germany,03-04-2023,Standard,Corporate,176,13956.8,1,195395.2,April,High Risk,1,2
4071,20,Germany,12-07-2023,Standard,Agent,8,3080.14,1,18480.84,July,Low Risk,2,20
4078,58,India,20-11-2023,Standard,Corporate,14,13156,1,144716,November,Low Risk,2,11
4080,52,UK,28-01-2023,Standard,Online,179,9529.48,1,114353.76,January,High Risk,1,20
4086,67,Germany,02-04-2023,Standard,Online,154,7677.07,1,92124.84,April,High Risk,1,9
4089,66,India,28-03-2023,Standard,Agent,83,3321.43,0,16607.15,March,Medium Risk,2,4
4091,24,USA,27-06-2023,Standard,Online,61,5071.06,0,5071.06,June,Medium Risk,2,7
4092,47,USA,25-11-2023,Standard,Online,44,11901.34,1,35704.02,November,Low Risk,2,19
4095,18,India,12-10-2023,Standard,Online,97,10264.07,0,61584.42,October,Medium Risk,2,6
4096,53,UAE,07-03-2023,Standard,Online,92,10530.94,1,73716.58,March,Medium Risk,1,19
4097,42,UAE,04-05-2023,Standard,Corporate,42,13391.19,0,133911.9,May,Low Risk,2,20
4098,54,USA,25-05-2023,Standard,Agent,162,13013.49,1,39040.47,May,High Risk,2,7
4099,18,UAE,30-04-2023,Standard,Online,157,2822.86,1,11291.44,April,High Risk,1,14
4104,25,UAE,16-12-2023,Standard,Corporate,33,2156.61,1,28035.93,December,Low Risk,1,6
4107,18,Germany,31-07-2023,Standard,Corporate,170,13373.51,1,173855.63,July,High Risk,1,14
4117,21,Germany,20-06-2023,Standard,Agent,25,9496.47,0,132950.58,June,Low Risk,1,1
4124,20,UK,04-03-2023,Standard,Corporate,157,3650.15,1,21900.9,March,High Risk,1,3
4125,31,India,03-06-2023,Standard,Corporate,125,14417.21,1,158589.31,June,High Risk,2,6
4131,36,Germany,23-10-2023,Standard,Online,74,12224.82,1,110023.38,October,Medium Risk,2,1
4132,55,UAE,10-09-2023,Standard,Online,111,11970.76,1,59853.8,September,High Risk,1,2
4136,34,USA,07-10-2023,Standard,Online,103,6099.97,1,6099.97,October,High Risk,1,8
4138,59,Germany,09-09-2023,Standard,Online,167,2251.94,1,2251.94,September,High Risk,2,9
4139,33,Germany,15-05-2023,Standard,Agent,63,7578.88,0,30315.52,May,Medium Risk,2,11
4143,43,India,28-05-2023,Standard,Corporate,23,4496.33,0,40466.97,May,Low Risk,2,1
4144,30,Germany,15-11-2023,Standard,Corporate,45,6552.88,0,6552.88,November,Low Risk,1,13
4145,64,USA,21-03-2023,Standard,Corporate,17,11403.74,0,136844.88,March,Low Risk,2,2
4146,48,India,10-07-2023,Standard,Online,110,14606.25,1,204487.5,July,High Risk,1,19
4152,31,USA,30-05-2023,Standard,Agent,4,14162.03,0,141620.3,May,Low Risk,1,8
4157,18,UAE,03-09-2023,Standard,Agent,171,10952.98,1,21905.96,September,High Risk,1,1
4158,34,USA,10-10-2023,Standard,Agent,63,5080.88,0,5080.88,October,Medium Risk,1,11
4160,47,USA,21-10-2023,Standard,Corporate,169,9802.92,1,117635.04,October,High Risk,1,14
4164,36,Germany,15-10-2023,Standard,Corporate,134,8627.07,1,103524.84,October,High Risk,1,12
4169,40,UAE,24-12-2023,Standard,Corporate,100,3654.29,1,43851.48,December,Medium Risk,2,18
4172,27,UAE,22-01-2023,Standard,Online,26,12631.04,1,50524.16,January,Low Risk,2,13
4177,49,India,09-02-2023,Standard,Corporate,15,2610.21,1,31322.52,February,Low Risk,2,14
4179,31,USA,01-04-2023,Standard,Corporate,179,9466.06,1,47330.3,April,High Risk,1,13
4186,39,UK,19-03-2023,Standard,Agent,156,10978.56,1,142721.28,March,High Risk,1,3
4193,29,UAE,27-05-2023,Standard,Online,5,7045.18,0,35225.9,May,Low Risk,1,9
4195,31,UAE,07-06-2023,Standard,Online,136,11663.56,1,58317.8,June,High Risk,2,7
4197,35,UAE,10-12-2023,Standard,Corporate,113,4101.88,1,8203.76,December,High Risk,1,20
4199,28,USA,24-12-2023,Standard,Agent,18,12253.05,0,36759.15,December,Low Risk,2,19
4200,58,USA,18-12-2023,Standard,Agent,73,9330.18,0,93301.8,December,Medium Risk,2,15
4205,66,UK,23-11-2023,Standard,Online,17,8163.28,1,48979.68,November,Low Risk,1,10
4206,46,USA,04-06-2023,Standard,Corporate,20,9111.68,0,82005.12,June,Low Risk,2,12
4207,43,USA,10-01-2023,Standard,Online,142,2477.95,1,9911.8,January,High Risk,2,16
4210,39,Germany,14-05-2023,Standard,Corporate,59,3580.44,1,46545.72,May,Medium Risk,2,7
4215,67,Germany,30-07-2023,Standard,Corporate,45,13248.68,1,66243.4,July,Low Risk,1,5
4216,25,USA,20-02-2023,Standard,Agent,111,8816.98,1,8816.98,February,High Risk,1,9
4217,58,Germany,27-05-2023,Standard,Agent,36,12728.88,1,165475.44,May,Low Risk,2,2
4218,23,USA,08-05-2023,Standard,Corporate,141,7986.86,1,71881.74,May,High Risk,1,2
4219,22,UAE,15-09-2023,Standard,Corporate,47,2574.25,0,23168.25,September,Low Risk,1,12
4227,26,USA,08-08-2023,Standard,Agent,110,2477.84,1,14867.04,August,High Risk,2,5
4233,35,India,29-05-2023,Standard,Online,144,3371.85,1,10115.55,May,High Risk,1,16
4236,30,India,19-10-2023,Standard,Online,71,14350.85,1,143508.5,October,Medium Risk,1,16
4238,66,USA,10-03-2023,Standard,Corporate,53,3683.43,0,51568.02,March,Medium Risk,2,11
4239,23,USA,10-11-2023,Standard,Corporate,118,2212.79,1,13276.74,November,High Risk,2,19
4248,50,Germany,26-05-2023,Standard,Agent,82,4133.3,1,45466.3,May,Medium Risk,2,15
4250,42,USA,27-03-2023,Standard,Corporate,118,8596.71,1,77370.39,March,High Risk,2,14
4251,27,USA,16-06-2023,Standard,Agent,126,14453.69,1,57814.76,June,High Risk,1,18
4254,38,UAE,04-10-2023,Standard,Agent,2,4861.77,0,43755.93,October,Low Risk,1,14
4255,38,Germany,14-09-2023,Standard,Corporate,142,13388.99,1,53555.96,September,High Risk,1,11
4258,54,USA,14-09-2023,Standard,Corporate,174,9960.85,1,69725.95,September,High Risk,1,8
4259,50,India,21-05-2023,Standard,Online,91,6438.75,0,45071.25,May,Medium Risk,2,14
4262,28,Germany,28-07-2023,Standard,Corporate,165,7400.49,1,29601.96,July,High Risk,1,6
4265,64,Germany,20-02-2023,Standard,Corporate,132,7412.47,1,66712.23,February,High Risk,1,16
4266,42,UAE,16-09-2023,Standard,Online,11,13407.92,1,134079.2,September,Low Risk,2,13
4269,38,Germany,22-12-2023,Standard,Corporate,152,3098.39,1,40279.07,December,High Risk,1,20
4273,29,Germany,24-02-2023,Standard,Online,45,13265.53,0,53062.12,February,Low Risk,2,19
4275,59,UAE,13-02-2023,Standard,Corporate,42,9559.63,1,86036.67,February,Low Risk,2,16
4276,34,UK,22-03-2023,Standard,Online,160,11026.53,1,66159.18,March,High Risk,1,16
4279,56,USA,18-11-2023,Standard,Corporate,11,6074.2,1,78964.6,November,Low Risk,2,19
4286,31,India,16-03-2023,Standard,Corporate,119,10566.41,1,126796.92,March,High Risk,2,11
4287,52,USA,20-03-2023,Standard,Online,157,8332,1,99984,March,High Risk,1,12
4289,58,Germany,29-12-2023,Standard,Agent,81,6123.63,0,85730.82,December,Medium Risk,2,8
4296,53,Germany,29-09-2023,Standard,Online,106,11385.98,1,125245.78,September,High Risk,2,19
4297,48,Germany,13-01-2023,Standard,Corporate,166,6194.45,1,43361.15,January,High Risk,2,15
4298,19,UK,04-09-2023,Standard,Online,9,5664.14,0,39648.98,September,Low Risk,1,9
4303,28,UAE,24-04-2023,Standard,Online,133,11093.55,1,55467.75,April,High Risk,2,18
4304,39,Germany,26-11-2023,Standard,Agent,166,3421.66,1,17108.3,November,High Risk,1,14
4305,50,UK,22-03-2023,Standard,Corporate,79,9282.36,0,64976.52,March,Medium Risk,2,18
4307,62,USA,21-05-2023,Standard,Agent,98,14623.45,0,58493.8,May,Medium Risk,1,11
4313,41,Germany,30-07-2023,Standard,Agent,101,8341.17,1,83411.7,July,High Risk,2,5
4323,38,UAE,10-05-2023,Standard,Online,99,12581.92,1,125819.2,May,Medium Risk,2,6
4335,64,Germany,23-09-2023,Standard,Online,62,10286.01,1,82288.08,September,Medium Risk,2,2
4337,63,USA,27-06-2023,Standard,Corporate,178,5474.9,1,71173.7,June,High Risk,1,11
4340,55,USA,16-02-2023,Standard,Online,104,14993.51,1,164928.61,February,High Risk,2,4
4341,41,UK,03-01-2023,Standard,Agent,56,14362.96,0,172355.52,January,Medium Risk,2,20
4343,39,Germany,30-09-2023,Standard,Online,154,14656.75,1,161224.25,September,High Risk,2,6
4344,34,India,22-01-2023,Standard,Online,71,11597.53,0,150767.89,January,Medium Risk,2,12
4354,29,UK,17-02-2023,Standard,Online,177,10043.61,1,40174.44,February,High Risk,1,10
4356,41,UAE,15-01-2023,Standard,Corporate,15,14400.9,0,129608.1,January,Low Risk,1,17
4361,43,UK,27-12-2023,Standard,Agent,42,3553.84,0,46199.92,December,Low Risk,1,6
4364,37,USA,30-01-2023,Standard,Online,76,5073.48,0,15220.44,January,Medium Risk,1,10
4365,45,Germany,06-12-2023,Standard,Corporate,176,3466.47,1,13865.88,December,High Risk,2,12
4366,33,UAE,06-05-2023,Standard,Online,124,9739.16,1,107130.76,May,High Risk,1,3
4367,64,USA,25-03-2023,Standard,Corporate,96,4778.51,0,33449.57,March,Medium Risk,1,3
4373,59,India,10-08-2023,Standard,Agent,59,10905.23,1,54526.15,August,Medium Risk,2,5
4375,47,India,02-01-2023,Standard,Online,98,13212.52,0,52850.08,January,Medium Risk,2,11
4378,54,Germany,18-01-2023,Standard,Online,160,4298.08,1,21490.4,January,High Risk,1,6
4382,49,USA,06-12-2023,Standard,Agent,44,7967.07,0,7967.07,December,Low Risk,2,3
4385,24,USA,28-07-2023,Standard,Corporate,142,5716.96,1,45735.68,July,High Risk,2,17
4387,29,UK,23-04-2023,Standard,Agent,71,9251.77,1,111021.24,April,Medium Risk,1,8
4390,60,USA,04-05-2023,Standard,Corporate,150,2227.43,1,31184.02,May,High Risk,2,13
4392,30,USA,12-12-2023,Standard,Corporate,141,6083.54,1,60835.4,December,High Risk,2,2
4395,64,UAE,04-04-2023,Standard,Corporate,124,12571.58,1,62857.9,April,High Risk,2,20
4409,20,USA,12-11-2023,Standard,Agent,85,12352.31,0,160580.03,November,Medium Risk,2,5
4412,46,India,09-12-2023,Standard,Corporate,1,14096.69,0,14096.69,December,Low Risk,2,13
4413,51,India,30-03-2023,Standard,Online,41,11344.94,0,22689.88,March,Low Risk,1,12
4417,32,Germany,06-11-2023,Standard,Corporate,5,8839.49,0,44197.45,November,Low Risk,1,13
4419,61,UK,03-04-2023,Standard,Online,73,14720.46,1,103043.22,April,Medium Risk,2,14
4420,43,UAE,18-05-2023,Standard,Online,39,7190.95,0,35954.75,May,Low Risk,2,15
4422,43,India,28-02-2023,Standard,Corporate,35,2711.93,1,8135.79,February,Low Risk,2,15
4424,26,UAE,23-08-2023,Standard,Online,178,11316.55,1,147115.15,August,High Risk,1,4
4425,22,Germany,10-03-2023,Standard,Agent,46,7238.03,0,43428.18,March,Low Risk,1,13
4433,39,India,29-03-2023,Standard,Agent,66,5652.39,0,67828.68,March,Medium Risk,2,3
4434,58,USA,18-05-2023,Standard,Online,122,13182.61,1,131826.1,May,High Risk,1,10
4439,59,UK,24-05-2023,Standard,Online,70,3773.35,0,22640.1,May,Medium Risk,1,8
4440,43,UAE,25-02-2023,Standard,Agent,35,6523.42,0,84804.46,February,Low Risk,1,5
4442,27,UK,17-12-2023,Standard,Agent,82,14562.11,1,58248.44,December,Medium Risk,2,19
4446,30,India,28-12-2023,Standard,Agent,68,10603.41,0,31810.23,December,Medium Risk,2,15
4450,64,UAE,01-05-2023,Standard,Corporate,55,8929.82,0,125017.48,May,Medium Risk,2,4
4456,66,UAE,19-02-2023,Standard,Agent,62,14640.83,0,58563.32,February,Medium Risk,2,14
4458,69,USA,21-11-2023,Standard,Online,108,4867.67,1,14603.01,November,High Risk,1,11
4462,48,USA,22-09-2023,Standard,Corporate,112,7856.14,1,7856.14,September,High Risk,1,18
4463,58,UAE,15-08-2023,Standard,Online,147,9051.43,1,108617.16,August,High Risk,1,15
4464,63,UK,12-07-2023,Standard,Agent,101,11617.68,1,58088.4,July,High Risk,2,20
4466,43,UAE,10-01-2023,Standard,Online,158,4619.37,1,32335.59,January,High Risk,2,12
4468,67,USA,25-12-2023,Standard,Online,50,5058.14,1,10116.28,December,Low Risk,1,16
4469,22,India,16-08-2023,Standard,Agent,166,10389.34,1,145450.76,August,High Risk,1,2
4475,67,UK,13-01-2023,Standard,Corporate,169,13540.06,1,176020.78,January,High Risk,2,15
4476,55,India,23-12-2023,Standard,Online,130,12480.78,1,124807.8,December,High Risk,2,7
4479,32,USA,11-01-2023,Standard,Corporate,79,12169.17,0,109522.53,January,Medium Risk,2,2
4482,63,Germany,06-01-2023,Standard,Agent,129,2509.49,1,7528.47,January,High Risk,1,2
4484,23,UK,25-10-2023,Standard,Online,70,3636.46,0,3636.46,October,Medium Risk,1,2
4485,55,USA,22-03-2023,Standard,Agent,78,6528.56,1,52228.48,March,Medium Risk,2,16
4486,39,India,03-01-2023,Standard,Online,20,5590.59,0,5590.59,January,Low Risk,2,8
4487,35,UK,01-03-2023,Standard,Corporate,99,14692.61,0,161618.71,March,Medium Risk,2,10
4488,31,USA,09-08-2023,Standard,Corporate,156,10557.42,1,147803.88,August,High Risk,1,13
4489,27,India,15-12-2023,Standard,Online,12,7335.93,0,14671.86,December,Low Risk,1,14
4490,63,Germany,18-02-2023,Standard,Agent,110,13419.9,1,147618.9,February,High Risk,2,10
4495,47,Germany,12-07-2023,Standard,Agent,119,3896.16,1,15584.64,July,High Risk,2,18
4499,61,India,17-10-2023,Standard,Corporate,170,3248.91,1,45484.74,October,High Risk,1,19
4500,62,Germany,14-09-2023,Standard,Online,0,13546.79,1,176108.27,September,Low Risk,1,20
4503,50,USA,08-07-2023,Standard,Agent,162,5661.09,1,16983.27,July,High Risk,2,13
4512,61,Germany,12-06-2023,Standard,Agent,72,3839.23,0,26874.61,June,Medium Risk,2,14
4513,23,UK,03-10-2023,Standard,Online,16,11490.9,1,114909,October,Low Risk,1,16
4515,33,India,10-05-2023,Standard,Online,93,13290.58,0,93034.06,May,Medium Risk,1,15
4517,52,India,26-06-2023,Standard,Corporate,155,3145.52,1,40891.76,June,High Risk,2,10
4518,65,UAE,22-09-2023,Standard,Agent,2,12406.46,0,86845.22,September,Low Risk,2,14
4524,35,UAE,08-12-2023,Standard,Online,117,13951.8,1,181373.4,December,High Risk,1,7
4525,36,India,26-06-2023,Standard,Agent,23,6732.9,1,33664.5,June,Low Risk,2,11
4526,40,UAE,10-05-2023,Standard,Online,79,13442.71,1,26885.42,May,Medium Risk,1,16
4533,68,UAE,06-05-2023,Standard,Agent,47,4692.43,1,46924.3,May,Low Risk,1,19
4538,60,USA,04-03-2023,Standard,Online,78,6898.45,0,62086.05,March,Medium Risk,1,15
4547,49,USA,30-12-2023,Standard,Agent,3,7801.57,0,78015.7,December,Low Risk,2,10
4549,64,USA,11-02-2023,Standard,Corporate,18,11232.93,0,67397.58,February,Low Risk,1,13
4551,18,UAE,18-06-2023,Standard,Online,73,2033.66,1,14235.62,June,Medium Risk,2,13
4554,34,USA,25-06-2023,Standard,Online,128,13793.55,1,55174.2,June,High Risk,2,6
4558,39,Germany,14-12-2023,Standard,Agent,87,8827.79,0,123589.06,December,Medium Risk,2,9
4559,46,USA,15-03-2023,Standard,Online,34,5340.26,0,16020.78,March,Low Risk,2,11
4560,39,Germany,18-12-2023,Standard,Online,67,10486.61,1,83892.88,December,Medium Risk,2,4
4562,26,Germany,20-05-2023,Standard,Agent,142,6535.01,1,91490.14,May,High Risk,1,17
4564,27,UK,24-11-2023,Standard,Corporate,150,8473.68,1,8473.68,November,High Risk,1,7
4568,45,India,25-07-2023,Standard,Corporate,138,5170.32,1,56873.52,July,High Risk,1,8
4570,60,USA,10-09-2023,Standard,Agent,167,7911.3,1,94935.6,September,High Risk,2,17
4582,46,UAE,06-05-2023,Standard,Corporate,48,3442.02,0,10326.06,May,Low Risk,1,10
4592,68,India,23-03-2023,Standard,Online,145,13507.79,1,67538.95,March,High Risk,2,5
4596,46,USA,02-03-2023,Standard,Agent,150,9182.5,1,9182.5,March,High Risk,2,13
4597,24,Germany,07-11-2023,Standard,Agent,2,3247.24,1,6494.48,November,Low Risk,1,15
4602,47,Germany,05-07-2023,Standard,Corporate,121,11139.51,1,77976.57,July,High Risk,1,1
4603,52,Germany,13-03-2023,Standard,Corporate,18,7192.95,0,35964.75,March,Low Risk,2,3
4605,66,India,07-12-2023,Standard,Online,55,7067.97,0,49475.79,December,Medium Risk,1,4
4607,44,UAE,06-04-2023,Standard,Agent,72,13113.88,0,91797.16,April,Medium Risk,2,11
4610,34,Germany,20-04-2023,Standard,Online,25,12699.28,0,177789.92,April,Low Risk,1,2
4612,62,Germany,20-02-2023,Standard,Corporate,87,2864.41,0,37237.33,February,Medium Risk,2,12
4616,44,USA,31-07-2023,Standard,Agent,21,3497.21,0,45463.73,July,Low Risk,1,15
4617,35,USA,08-09-2023,Standard,Online,101,9075.84,1,54455.04,September,High Risk,2,7
4625,69,USA,11-03-2023,Standard,Agent,90,13939.64,0,69698.2,March,Medium Risk,1,2
4627,27,India,23-06-2023,Standard,Corporate,141,7121.66,1,42729.96,June,High Risk,1,4
4628,28,USA,02-12-2023,Standard,Corporate,3,6041.86,1,18125.58,December,Low Risk,1,19
4631,22,Germany,04-07-2023,Standard,Agent,90,11325.18,1,79276.26,July,Medium Risk,1,11
4635,51,UAE,16-09-2023,Standard,Agent,127,8498.32,1,8498.32,September,High Risk,1,10
4637,58,UAE,25-07-2023,Standard,Online,12,14725.18,1,147251.8,July,Low Risk,1,10
4639,21,UK,15-12-2023,Standard,Online,29,7556.76,1,60454.08,December,Low Risk,2,12
4650,24,Germany,15-09-2023,Standard,Agent,67,8915.82,0,8915.82,September,Medium Risk,1,3
4651,64,Germany,29-09-2023,Standard,Agent,100,3692.62,1,33233.58,September,Medium Risk,1,3
4653,43,India,02-02-2023,Standard,Corporate,33,9253.78,1,55522.68,February,Low Risk,2,18
4654,57,UK,22-09-2023,Standard,Agent,98,6512.44,1,58611.96,September,Medium Risk,1,12
4659,40,UK,29-09-2023,Standard,Agent,51,14798.82,1,88792.92,September,Medium Risk,1,16
4662,32,UAE,01-03-2023,Standard,Corporate,167,14513.81,1,130624.29,March,High Risk,2,15
4663,67,UAE,13-06-2023,Standard,Corporate,27,9796.68,1,48983.4,June,Low Risk,2,12
4666,46,India,12-04-2023,Standard,Corporate,54,14080.63,0,140806.3,April,Medium Risk,2,19
4667,25,USA,12-09-2023,Standard,Online,177,12441.73,1,49766.92,September,High Risk,2,4
4672,56,UK,11-05-2023,Standard,Online,37,9044.15,0,90441.5,May,Low Risk,1,16
4673,63,USA,07-06-2023,Standard,Online,119,4584.75,1,36678,June,High Risk,1,2
4674,45,Germany,22-06-2023,Standard,Agent,1,12458.68,1,24917.36,June,Low Risk,2,20
4675,63,Germany,17-01-2023,Standard,Corporate,139,11786.51,1,11786.51,January,High Risk,1,13
4677,21,India,04-07-2023,Standard,Agent,139,3525.63,1,45833.19,July,High Risk,2,8
4678,32,Germany,30-11-2023,Standard,Online,108,4301.91,1,38717.19,November,High Risk,2,16
4679,52,India,03-07-2023,Standard,Online,8,10012.61,0,110138.71,July,Low Risk,1,10
4680,54,USA,23-05-2023,Standard,Agent,31,3950.52,0,31604.16,May,Low Risk,1,2
4688,51,UAE,04-08-2023,Standard,Online,116,8716.39,1,43581.95,August,High Risk,1,11
4690,41,India,29-01-2023,Standard,Agent,31,2719.19,1,10876.76,January,Low Risk,2,16
4692,59,UAE,13-05-2023,Standard,Corporate,48,7261.35,1,58090.8,May,Low Risk,2,19
4694,20,India,01-09-2023,Standard,Agent,22,4086.89,0,57216.46,September,Low Risk,1,6
4695,51,Germany,30-01-2023,Standard,Agent,32,8330.56,1,116627.84,January,Low Risk,2,15
4697,40,India,27-06-2023,Standard,Online,178,10644.22,1,10644.22,June,High Risk,1,4
4698,69,UAE,18-09-2023,Standard,Agent,170,9285.61,1,18571.22,September,High Risk,1,7
4702,48,UAE,11-12-2023,Standard,Agent,1,3474.94,0,38224.34,December,Low Risk,1,6
4705,54,USA,18-04-2023,Standard,Corporate,114,10042.4,1,50212,April,High Risk,1,16
4710,55,USA,17-10-2023,Standard,Agent,17,7371.25,0,103197.5,October,Low Risk,1,18
4711,38,UK,12-03-2023,Standard,Online,159,2805.02,1,39270.28,March,High Risk,1,20
4715,39,UAE,03-12-2023,Standard,Agent,23,10531.47,1,94783.23,December,Low Risk,2,8
4717,21,UK,01-04-2023,Standard,Agent,10,9702.28,1,58213.68,April,Low Risk,1,13
4719,29,USA,06-09-2023,Standard,Online,15,5057.92,0,50579.2,September,Low Risk,2,18
4723,64,UAE,03-12-2023,Standard,Corporate,120,4339.32,1,8678.64,December,High Risk,1,7
4730,54,USA,02-10-2023,Standard,Corporate,88,5794.16,0,75324.08,October,Medium Risk,2,14
4732,65,UAE,15-01-2023,Standard,Agent,128,8070.56,1,80705.6,January,High Risk,2,11
4739,56,USA,05-10-2023,Standard,Corporate,71,4156.72,0,4156.72,October,Medium Risk,2,13
4741,39,USA,09-10-2023,Standard,Agent,108,3805.1,1,45661.2,October,High Risk,1,20
4747,48,UAE,01-10-2023,Standard,Online,29,12630.8,0,164200.4,October,Low Risk,2,18
4751,51,Germany,07-05-2023,Standard,Online,88,6086.18,0,54775.62,May,Medium Risk,2,12
4752,26,UK,24-07-2023,Standard,Corporate,53,10019.33,0,20038.66,July,Medium Risk,1,19
4753,34,UAE,25-10-2023,Standard,Agent,133,10647,1,127764,October,High Risk,2,15
4754,28,UAE,27-04-2023,Standard,Online,4,2344.72,0,18757.76,April,Low Risk,1,5
4756,27,India,09-10-2023,Standard,Agent,141,12389.12,1,37167.36,October,High Risk,1,3
4760,65,UK,08-11-2023,Standard,Corporate,166,13737.43,1,13737.43,November,High Risk,2,16
4761,69,India,28-06-2023,Standard,Agent,145,6187.37,1,86623.18,June,High Risk,1,6
4767,66,India,20-11-2023,Standard,Agent,154,3481.79,1,10445.37,November,High Risk,1,12
4771,53,Germany,12-11-2023,Standard,Online,80,13937.27,1,69686.35,November,Medium Risk,2,8
4772,34,UAE,03-01-2023,Standard,Online,176,11754.19,1,94033.52,January,High Risk,1,6
4775,19,UK,24-03-2023,Standard,Agent,34,11366.27,0,102296.43,March,Low Risk,1,16
4776,57,UK,07-10-2023,Standard,Agent,37,4804.22,1,38433.76,October,Low Risk,2,13
4778,49,India,01-01-2023,Standard,Corporate,41,13908.81,1,41726.43,January,Low Risk,2,11
4782,64,UAE,26-05-2023,Standard,Corporate,99,10822.33,0,43289.32,May,Medium Risk,2,20
4787,58,UK,20-03-2023,Standard,Online,119,14956.68,1,179480.16,March,High Risk,2,16
4788,46,USA,19-07-2023,Standard,Corporate,85,11881.52,0,118815.2,July,Medium Risk,2,7
4792,23,Germany,23-05-2023,Standard,Agent,88,9902.87,0,59417.22,May,Medium Risk,1,15
4794,69,USA,28-10-2023,Standard,Agent,39,11630.85,0,116308.5,October,Low Risk,2,13
4795,20,UK,21-02-2023,Standard,Agent,109,3820.43,1,7640.86,February,High Risk,2,2
4802,18,UK,13-02-2023,Standard,Corporate,87,7895.5,0,15791,February,Medium Risk,2,3
4804,20,Germany,18-09-2023,Standard,Corporate,75,14127.59,0,84765.54,September,Medium Risk,1,4
4805,43,India,19-08-2023,Standard,Corporate,57,2330.11,1,2330.11,August,Medium Risk,1,3
4808,49,Germany,16-01-2023,Standard,Agent,50,8652.68,0,86526.8,January,Low Risk,1,12
4812,66,UK,05-07-2023,Standard,Online,166,2964.21,1,38534.73,July,High Risk,2,11
4814,60,Germany,13-03-2023,Standard,Online,167,5446.48,1,32678.88,March,High Risk,2,3
4818,31,Germany,30-08-2023,Standard,Corporate,145,14083.24,1,42249.72,August,High Risk,2,3
4819,50,India,27-02-2023,Standard,Online,8,9483.97,1,47419.85,February,Low Risk,2,5
4820,31,UAE,28-11-2023,Standard,Corporate,80,13793.24,1,55172.96,November,Medium Risk,2,14
4822,21,UK,07-04-2023,Standard,Online,53,14971.96,1,29943.92,April,Medium Risk,1,14
4824,46,UK,15-11-2023,Standard,Agent,49,11049.64,1,11049.64,November,Low Risk,1,8
4828,66,UAE,10-10-2023,Standard,Online,169,13916.23,1,41748.69,October,High Risk,1,15
4833,44,UAE,11-12-2023,Standard,Online,129,3081.39,1,3081.39,December,High Risk,2,3
4835,23,Germany,22-03-2023,Standard,Agent,75,9225.33,0,55351.98,March,Medium Risk,2,11
4836,57,Germany,12-09-2023,Standard,Online,36,13079.53,0,91556.71,September,Low Risk,1,19
4844,27,India,18-03-2023,Standard,Agent,171,8259.58,1,49557.48,March,High Risk,2,7
4845,42,Germany,22-08-2023,Standard,Agent,53,11662.85,1,128291.35,August,Medium Risk,1,17
4850,40,USA,11-01-2023,Standard,Online,175,13499.52,1,134995.2,January,High Risk,1,8
4851,19,UK,22-04-2023,Standard,Agent,38,9345.54,1,93455.4,April,Low Risk,1,13
4858,20,UK,16-01-2023,Standard,Online,171,6738.43,1,20215.29,January,High Risk,2,14
4859,67,UK,22-11-2023,Standard,Online,157,13913.62,1,139136.2,November,High Risk,1,16
4865,33,UAE,18-05-2023,Standard,Corporate,146,14909.73,1,208736.22,May,High Risk,1,16
4868,66,UK,29-07-2023,Standard,Online,82,13641.56,0,177340.28,July,Medium Risk,1,14
4871,22,USA,20-10-2023,Standard,Corporate,19,4549.53,0,13648.59,October,Low Risk,2,15
4872,44,India,28-10-2023,Standard,Online,72,4602.75,0,18411,October,Medium Risk,2,4
4874,34,India,10-05-2023,Standard,Online,26,7408.8,1,7408.8,May,Low Risk,2,7
4880,22,UAE,31-10-2023,Standard,Online,76,11168.34,1,145188.42,October,Medium Risk,1,12
4889,47,India,18-01-2023,Standard,Online,104,3530.07,1,14120.28,January,High Risk,1,17
4892,21,USA,18-12-2023,Standard,Online,33,8016.48,1,88181.28,December,Low Risk,2,20
4894,30,USA,15-06-2023,Standard,Agent,4,9182.67,1,9182.67,June,Low Risk,2,8
4898,40,UAE,04-12-2023,Standard,Corporate,119,2445.79,1,29349.48,December,High Risk,1,1
4901,36,UK,21-12-2023,Standard,Agent,86,5752.52,0,69030.24,December,Medium Risk,2,3
4904,46,India,05-08-2023,Standard,Online,37,5760.83,1,80651.62,August,Low Risk,2,4
4905,41,Germany,17-11-2023,Standard,Agent,86,14771.05,0,118168.4,November,Medium Risk,2,9
4906,35,UK,04-12-2023,Standard,Online,79,11737.1,0,152582.3,December,Medium Risk,2,10
4908,58,India,02-06-2023,Standard,Agent,143,5827.83,1,81589.62,June,High Risk,1,4
4910,43,India,31-07-2023,Standard,Online,105,5304.7,1,58351.7,July,High Risk,2,16
4913,34,Germany,24-07-2023,Standard,Online,130,5303.41,1,53034.1,July,High Risk,2,3
4916,22,USA,29-08-2023,Standard,Agent,18,14048.18,1,140481.8,August,Low Risk,2,17
4922,37,UAE,29-05-2023,Standard,Online,60,7655.56,0,22966.68,May,Medium Risk,1,7
4923,58,USA,30-01-2023,Standard,Online,94,10455.11,0,104551.1,January,Medium Risk,1,1
4927,29,UAE,16-09-2023,Standard,Online,144,7169.52,1,93203.76,September,High Risk,2,17
4928,24,UAE,05-07-2023,Standard,Corporate,168,11046.82,1,44187.28,July,High Risk,2,17
4929,20,UAE,16-03-2023,Standard,Agent,21,11026.34,1,33079.02,March,Low Risk,1,20
4931,51,UAE,10-03-2023,Standard,Corporate,41,11418.08,0,102762.72,March,Low Risk,1,17
4935,19,UAE,04-11-2023,Standard,Agent,175,12710.09,1,50840.36,November,High Risk,2,11
4937,27,Germany,13-04-2023,Standard,Corporate,130,6945.65,1,20836.95,April,High Risk,2,1
4939,39,UAE,10-09-2023,Standard,Agent,29,8781.01,1,17562.02,September,Low Risk,1,16
4944,46,UAE,29-01-2023,Standard,Agent,178,8312.96,1,41564.8,January,High Risk,1,5
4945,64,Germany,31-07-2023,Standard,Agent,38,7116.95,1,71169.5,July,Low Risk,2,15
4949,58,UAE,11-11-2023,Standard,Online,37,8355.83,0,91914.13,November,Low Risk,2,4
4950,37,Germany,26-06-2023,Standard,Agent,179,11514.94,1,92119.52,June,High Risk,1,10
4954,52,India,05-07-2023,Standard,Online,12,9055.96,0,90559.6,July,Low Risk,1,17
4957,47,UAE,15-05-2023,Standard,Agent,157,8419.86,1,42099.3,May,High Risk,2,4
4960,20,UAE,13-12-2023,Standard,Corporate,154,13175.74,1,131757.4,December,High Risk,1,11
4963,44,India,01-01-2023,Standard,Corporate,153,5598.32,1,39188.24,January,High Risk,1,19
4964,27,UAE,26-07-2023,Standard,Agent,102,10673.18,1,32019.54,July,High Risk,2,18
4969,23,UK,02-05-2023,Standard,Online,167,4275.99,1,42759.9,May,High Risk,1,8
4970,58,India,26-04-2023,Standard,Online,154,13159.37,1,52637.48,April,High Risk,1,5
4971,53,India,15-07-2023,Standard,Agent,45,4897.64,1,9795.28,July,Low Risk,1,11
4974,21,Germany,13-05-2023,Standard,Corporate,68,5188.87,0,67455.31,May,Medium Risk,2,6
4978,42,USA,18-11-2023,Standard,Online,74,11689.96,1,23379.92,November,Medium Risk,1,8
4986,53,UAE,15-11-2023,Standard,Online,12,14106.09,0,141060.9,November,Low Risk,1,7
4987,51,India,08-07-2023,Standard,Online,119,14049.54,1,42148.62,July,High Risk,1,19
4995,21,UAE,10-06-2023,Standard,Online,175,13194.85,1,79169.1,June,High Risk,2,1
4998,26,UAE,27-09-2023,Standard,Corporate,113,9938.44,1,99384.4,September,High Risk,1,6
5001,18,Germany,01-07-2023,Standard,Online,10,9095.25,1,9095.25,July,Low Risk,1,9
5002,27,UK,05-02-2023,Standard,Agent,4,9009.19,1,27027.57,February,Low Risk,1,12
5005,62,USA,19-12-2023,Standard,Corporate,174,7361.68,1,14723.36,December,High Risk,2,7
5014,27,India,12-11-2023,Standard,Corporate,161,13573.49,1,122161.41,November,High Risk,2,1
5016,44,Germany,05-01-2023,Standard,Agent,26,9323.04,0,46615.2,January,Low Risk,2,16
5020,38,USA,22-09-2023,Standard,Corporate,155,2177.78,1,30488.92,September,High Risk,2,2
5021,42,Germany,11-08-2023,Standard,Agent,172,2342.62,1,18740.96,August,High Risk,1,16
5022,45,Germany,28-10-2023,Standard,Online,129,2606.93,1,28676.23,October,High Risk,2,15
5024,32,Germany,25-08-2023,Standard,Agent,30,9421.37,0,9421.37,August,Low Risk,2,5
5025,21,UAE,13-01-2023,Standard,Online,163,14754.12,1,59016.48,January,High Risk,2,16
5030,36,UK,02-04-2023,Standard,Corporate,30,7762.85,0,93154.2,April,Low Risk,1,14
5032,34,Germany,19-01-2023,Standard,Online,1,6273.8,1,56464.2,January,Low Risk,2,17
5034,58,Germany,13-04-2023,Standard,Agent,114,6977.28,1,62795.52,April,High Risk,2,1
5036,67,USA,10-10-2023,Standard,Corporate,0,10154.94,1,142169.16,October,Low Risk,1,7
5037,37,India,01-08-2023,Standard,Corporate,8,6436.32,1,90108.48,August,Low Risk,2,6
5039,57,UK,02-03-2023,Standard,Agent,100,11241.36,0,123654.96,March,Medium Risk,2,14
5041,66,Germany,28-12-2023,Standard,Online,139,7652.42,1,30609.68,December,High Risk,1,12
5042,40,India,30-10-2023,Standard,Corporate,137,8788.6,1,17577.2,October,High Risk,2,3
5043,64,UAE,01-09-2023,Standard,Online,110,11702.97,1,81920.79,September,High Risk,2,13
5045,69,UAE,10-12-2023,Standard,Online,64,7395.07,1,22185.21,December,Medium Risk,1,7
5046,64,Germany,17-12-2023,Standard,Agent,60,12548.94,0,112940.46,December,Medium Risk,1,18
5053,57,UAE,03-05-2023,Standard,Online,148,2970,1,32670,May,High Risk,2,12
5054,28,UK,09-05-2023,Standard,Online,119,3406.24,1,3406.24,May,High Risk,2,17
5062,65,Germany,14-04-2023,Standard,Online,106,5801.22,1,34807.32,April,High Risk,2,20
5065,55,UAE,12-02-2023,Standard,Online,104,9756.2,1,78049.6,February,High Risk,2,6
5068,30,India,11-09-2023,Standard,Corporate,179,14896.43,1,74482.15,September,High Risk,1,8
5076,25,USA,06-11-2023,Standard,Agent,159,8505.51,1,93560.61,November,High Risk,1,2
5081,26,USA,30-06-2023,Standard,Corporate,80,3617.73,0,39795.03,June,Medium Risk,2,6
5085,56,USA,19-06-2023,Standard,Corporate,167,10178.41,1,40713.64,June,High Risk,1,15
5086,66,UK,24-06-2023,Standard,Corporate,119,11558.33,1,127141.63,June,High Risk,1,4
5089,54,UAE,02-01-2023,Standard,Online,116,3621.68,1,21730.08,January,High Risk,2,11
5091,35,India,07-05-2023,Standard,Agent,105,5042.05,1,55462.55,May,High Risk,2,4
5092,38,Germany,15-02-2023,Standard,Corporate,81,2775.44,0,22203.52,February,Medium Risk,2,3
5093,19,India,13-07-2023,Standard,Agent,113,12468.95,1,99751.6,July,High Risk,2,5
5095,55,UAE,28-07-2023,Standard,Online,47,9553.22,0,114638.64,July,Low Risk,1,12
5096,57,UK,23-10-2023,Standard,Corporate,133,12527.83,1,112750.47,October,High Risk,1,11
5097,53,UAE,27-02-2023,Standard,Corporate,125,13633.22,1,136332.2,February,High Risk,2,20
5099,60,India,21-07-2023,Standard,Online,78,10072.02,0,50360.1,July,Medium Risk,1,10
5101,32,USA,03-03-2023,Standard,Online,143,10730.94,1,96578.46,March,High Risk,1,2
5103,35,UAE,06-05-2023,Standard,Agent,144,10895.8,1,108958,May,High Risk,2,9
5107,30,Germany,18-09-2023,Standard,Online,78,12975.5,0,25951,September,Medium Risk,2,9
5115,32,UAE,30-12-2023,Standard,Corporate,19,2434.63,0,26780.93,December,Low Risk,2,10
5117,20,USA,10-04-2023,Standard,Corporate,22,6557.74,1,72135.14,April,Low Risk,1,9
5119,55,India,23-04-2023,Standard,Corporate,129,9377.81,1,56266.86,April,High Risk,2,19
5121,18,USA,03-11-2023,Standard,Corporate,159,3289.62,1,39475.44,November,High Risk,2,8
5122,55,USA,28-04-2023,Standard,Agent,177,5473.75,1,76632.5,April,High Risk,2,3
5125,65,UAE,25-12-2023,Standard,Online,32,9782.88,1,97828.8,December,Low Risk,2,1
5126,46,India,17-10-2023,Standard,Agent,28,3436.33,1,6872.66,October,Low Risk,1,18
5130,45,Germany,04-05-2023,Standard,Online,73,2553.6,0,10214.4,May,Medium Risk,1,1
5131,38,UAE,09-02-2023,Standard,Agent,64,6313.79,0,12627.58,February,Medium Risk,2,4
5132,67,UK,21-05-2023,Standard,Online,121,8218.7,1,41093.5,May,High Risk,1,3
5136,64,USA,02-12-2023,Standard,Online,99,14772.6,1,88635.6,December,Medium Risk,2,16
5137,37,Germany,26-02-2023,Standard,Corporate,90,12133.19,0,36399.57,February,Medium Risk,1,4
5139,52,UAE,24-07-2023,Standard,Corporate,164,10677.72,1,149488.08,July,High Risk,2,10
5142,18,UAE,29-07-2023,Standard,Agent,97,10758.63,1,139862.19,July,Medium Risk,1,14
5147,40,Germany,11-01-2023,Standard,Corporate,73,6061.16,1,66672.76,January,Medium Risk,2,6
5150,69,UK,29-03-2023,Standard,Agent,165,6800.34,1,27201.36,March,High Risk,1,17
5157,22,India,13-06-2023,Standard,Corporate,43,5493.58,0,43948.64,June,Low Risk,1,11
5160,59,India,08-11-2023,Standard,Agent,66,2960.71,1,11842.84,November,Medium Risk,1,7
5166,66,India,02-11-2023,Standard,Corporate,61,11031.46,1,110314.6,November,Medium Risk,2,7
5172,52,UAE,23-07-2023,Standard,Corporate,86,12297.55,0,135273.05,July,Medium Risk,1,10
5177,59,UAE,12-10-2023,Standard,Agent,6,14432.62,1,101028.34,October,Low Risk,2,16
5179,34,USA,26-03-2023,Standard,Agent,31,7683.34,1,92200.08,March,Low Risk,1,15
5180,29,UAE,04-02-2023,Standard,Online,124,6434.75,1,83651.75,February,High Risk,2,9
5181,40,USA,05-01-2023,Standard,Agent,78,8013.81,0,104179.53,January,Medium Risk,1,2
5186,26,India,10-05-2023,Standard,Corporate,88,11679.5,0,11679.5,May,Medium Risk,1,7
5189,54,UAE,27-10-2023,Standard,Online,0,5158.83,1,41270.64,October,Low Risk,1,4
5197,40,USA,17-08-2023,Standard,Agent,172,7232.76,1,43396.56,August,High Risk,2,5
5199,34,UAE,14-06-2023,Standard,Agent,95,12664.36,0,139307.96,June,Medium Risk,1,10
5206,35,UK,07-09-2023,Standard,Online,169,8617.31,1,94790.41,September,High Risk,2,5
5207,47,Germany,02-12-2023,Standard,Online,124,12485.51,1,162311.63,December,High Risk,1,18
5216,31,UAE,11-11-2023,Standard,Online,107,12173.34,1,85213.38,November,High Risk,1,13
5222,26,India,10-06-2023,Standard,Online,84,12233.01,0,159029.13,June,Medium Risk,2,11
5224,45,UK,08-04-2023,Standard,Corporate,42,9452.68,0,94526.8,April,Low Risk,2,14
5225,28,UK,06-06-2023,Standard,Agent,72,3700.04,0,7400.08,June,Medium Risk,2,5
5226,31,UK,11-06-2023,Standard,Agent,172,7678.3,1,30713.2,June,High Risk,2,2
5228,64,Germany,29-06-2023,Standard,Online,18,7908.28,1,110715.92,June,Low Risk,2,19
5230,32,USA,26-11-2023,Standard,Online,10,13632.51,1,68162.55,November,Low Risk,2,19
5231,45,UK,20-02-2023,Standard,Agent,127,6760.88,1,33804.4,February,High Risk,1,18
5235,26,UK,16-03-2023,Standard,Agent,61,3386.8,1,16934,March,Medium Risk,2,2
5237,50,India,29-05-2023,Standard,Corporate,141,8674.78,1,121446.92,May,High Risk,1,12
5245,18,UAE,27-03-2023,Standard,Online,103,13996.17,1,27992.34,March,High Risk,1,17
5246,46,Germany,12-03-2023,Standard,Agent,132,10363.66,1,134727.58,March,High Risk,1,15
5247,67,India,26-09-2023,Standard,Online,65,9514.19,0,9514.19,September,Medium Risk,1,13
5248,51,Germany,29-06-2023,Standard,Agent,113,5199.1,1,5199.1,June,High Risk,1,3
5250,30,Germany,29-05-2023,Standard,Online,65,7668.99,1,15337.98,May,Medium Risk,2,2
5253,46,USA,28-11-2023,Standard,Agent,147,8430.42,1,101165.04,November,High Risk,2,20
5254,65,USA,17-06-2023,Standard,Agent,131,9053.12,1,81478.08,June,High Risk,1,15
5255,64,UK,09-01-2023,Standard,Corporate,142,12839.17,1,128391.7,January,High Risk,1,2
5258,66,India,26-04-2023,Standard,Corporate,8,9562.63,0,95626.3,April,Low Risk,2,20
5263,34,India,26-07-2023,Standard,Corporate,132,7291.85,1,14583.7,July,High Risk,1,13
5264,24,USA,15-04-2023,Standard,Agent,45,4442.57,1,4442.57,April,Low Risk,2,7
5274,66,India,10-07-2023,Standard,Online,67,8428.96,1,118005.44,July,Medium Risk,2,4
5276,60,UAE,01-01-2023,Standard,Online,179,4272.7,1,46999.7,January,High Risk,1,9
5278,20,UAE,16-05-2023,Standard,Agent,71,3510,0,35100,May,Medium Risk,1,13
5280,46,USA,03-06-2023,Standard,Agent,44,10742.92,0,21485.84,June,Low Risk,2,20
5287,26,UAE,07-10-2023,Standard,Corporate,77,2713.98,1,10855.92,October,Medium Risk,1,2
5291,33,Germany,25-05-2023,Standard,Corporate,19,14765.5,1,59062,May,Low Risk,1,2
5295,68,USA,15-06-2023,Standard,Agent,107,4775.27,1,19101.08,June,High Risk,1,12
5296,58,UAE,15-07-2023,Standard,Corporate,163,7646.31,1,22938.93,July,High Risk,1,9
5302,19,India,07-08-2023,Standard,Corporate,24,6103.82,1,48830.56,August,Low Risk,2,12
5303,58,UK,14-09-2023,Standard,Agent,126,7049.55,1,70495.5,September,High Risk,2,4
5314,19,UK,06-10-2023,Standard,Agent,32,9603.01,0,57618.06,October,Low Risk,2,18
5319,29,USA,27-10-2023,Standard,Corporate,59,12753.29,0,76519.74,October,Medium Risk,2,3
5322,53,Germany,04-01-2023,Standard,Online,172,5884.31,1,82380.34,January,High Risk,1,10
5334,46,Germany,13-04-2023,Standard,Corporate,47,4844.33,0,48443.3,April,Low Risk,1,8
5340,31,USA,04-02-2023,Standard,Agent,132,12895.06,1,128950.6,February,High Risk,1,6
5341,57,India,06-09-2023,Standard,Agent,118,14792.37,1,118338.96,September,High Risk,1,9
5350,60,UAE,01-09-2023,Standard,Online,69,4099.07,1,40990.7,September,Medium Risk,2,8
5351,19,India,11-08-2023,Standard,Corporate,35,4504.19,0,40537.71,August,Low Risk,1,16
5356,51,UK,02-02-2023,Standard,Corporate,67,8871.81,0,115333.53,February,Medium Risk,2,14
5357,32,Germany,29-12-2023,Standard,Online,149,10062.25,1,60373.5,December,High Risk,2,2
5360,53,USA,16-01-2023,Standard,Agent,4,13527.01,0,67635.05,January,Low Risk,2,11
5361,25,USA,15-08-2023,Standard,Agent,9,2566.02,0,7698.06,August,Low Risk,1,8
5362,26,UAE,11-01-2023,Standard,Corporate,113,12864.96,1,115784.64,January,High Risk,2,13
5364,65,Germany,21-07-2023,Standard,Agent,55,10972.72,1,43890.88,July,Medium Risk,1,11
5366,56,USA,26-04-2023,Standard,Online,151,12053.98,1,60269.9,April,High Risk,1,6
5373,61,UK,21-01-2023,Standard,Corporate,176,9010.55,1,72084.4,January,High Risk,1,19
5378,45,UK,02-02-2023,Standard,Corporate,28,5118.74,1,66543.62,February,Low Risk,1,4
5380,46,UAE,18-03-2023,Standard,Online,10,12163.31,0,85143.17,March,Low Risk,1,14
5381,34,UK,24-10-2023,Standard,Online,179,14323.98,1,157563.78,October,High Risk,2,3
5387,43,India,16-03-2023,Standard,Online,80,9520.78,0,66645.46,March,Medium Risk,1,4
5395,30,India,07-09-2023,Standard,Corporate,45,6490.17,0,25960.68,September,Low Risk,2,7
5404,47,UAE,19-05-2023,Standard,Online,156,14125.37,1,141253.7,May,High Risk,1,15
5405,29,UK,24-02-2023,Standard,Corporate,91,4189.83,1,46088.13,February,Medium Risk,1,12
5407,61,USA,14-12-2023,Standard,Agent,76,13999.05,1,83994.3,December,Medium Risk,2,2
5408,28,UK,12-12-2023,Standard,Agent,152,12770.63,1,166018.19,December,High Risk,1,2
5410,33,UAE,22-05-2023,Standard,Agent,133,4689.97,1,60969.61,May,High Risk,1,8
5416,68,USA,29-12-2023,Standard,Corporate,54,14820.44,0,163024.84,December,Medium Risk,1,5
5420,49,Germany,13-04-2023,Standard,Corporate,7,3630.9,0,39939.9,April,Low Risk,1,14
5422,55,India,20-04-2023,Standard,Agent,62,9573.66,0,67015.62,April,Medium Risk,1,7
5426,20,Germany,07-06-2023,Standard,Corporate,165,8525.99,1,85259.9,June,High Risk,2,17
5427,47,UAE,17-03-2023,Standard,Agent,17,10615.27,1,74306.89,March,Low Risk,1,9
5429,47,UK,09-07-2023,Standard,Online,22,12452.69,0,112074.21,July,Low Risk,1,17
5430,62,UAE,07-09-2023,Standard,Agent,123,5954,1,5954,September,High Risk,2,12
5444,21,UK,29-06-2023,Standard,Corporate,81,4273.09,0,47003.99,June,Medium Risk,2,11
5445,49,UAE,20-08-2023,Standard,Corporate,156,5201.78,1,15605.34,August,High Risk,1,9
5454,45,USA,26-03-2023,Standard,Online,117,7643.21,1,15286.42,March,High Risk,2,3
5457,54,India,01-08-2023,Standard,Corporate,126,9235.13,1,129291.82,August,High Risk,1,15
5458,39,UAE,31-10-2023,Standard,Online,117,11403.39,1,102630.51,October,High Risk,1,3
5462,52,USA,10-09-2023,Standard,Corporate,111,11650.68,1,23301.36,September,High Risk,2,14
5467,65,UK,14-07-2023,Standard,Online,18,8548.5,0,102582,July,Low Risk,2,1
5468,23,UAE,27-09-2023,Standard,Agent,19,13372.67,0,53490.68,September,Low Risk,2,15
5469,42,UAE,25-11-2023,Standard,Agent,3,13453.62,0,13453.62,November,Low Risk,1,18
5473,24,India,04-01-2023,Standard,Agent,51,8225.08,1,115151.12,January,Medium Risk,1,17
5474,57,USA,02-02-2023,Standard,Agent,127,11031.39,1,11031.39,February,High Risk,2,8
5477,35,Germany,27-01-2023,Standard,Agent,178,7566.75,1,45400.5,January,High Risk,2,9
5480,28,UAE,23-04-2023,Standard,Online,46,11397.85,0,102580.65,April,Low Risk,1,14
5486,29,UK,17-12-2023,Standard,Corporate,166,9102.2,1,54613.2,December,High Risk,1,16
5493,62,UK,27-07-2023,Standard,Corporate,90,14902.19,0,74510.95,July,Medium Risk,2,6
5498,33,USA,21-05-2023,Standard,Corporate,117,7322.43,1,73224.3,May,High Risk,2,6
5499,30,UAE,12-05-2023,Standard,Agent,6,10222.49,1,92002.41,May,Low Risk,2,14
5502,69,USA,05-11-2023,Standard,Agent,60,7897.23,1,63177.84,November,Medium Risk,1,10
5507,47,USA,03-11-2023,Standard,Agent,44,13967.4,1,55869.6,November,Low Risk,2,10
5514,41,Germany,26-05-2023,Standard,Agent,45,7912.14,0,7912.14,May,Low Risk,2,12
5515,67,Germany,17-06-2023,Standard,Online,41,4779.82,0,4779.82,June,Low Risk,2,20
5521,60,UAE,11-11-2023,Standard,Corporate,109,6449.31,1,38695.86,November,High Risk,1,12
5525,22,UK,17-02-2023,Standard,Agent,109,6808.96,1,47662.72,February,High Risk,1,17
5527,27,USA,01-10-2023,Standard,Agent,124,7174.26,1,71742.6,October,High Risk,1,19
5529,42,USA,09-09-2023,Standard,Online,82,13177.48,0,131774.8,September,Medium Risk,2,7
5534,19,Germany,15-04-2023,Standard,Online,40,12572.31,1,100578.48,April,Low Risk,1,11
5535,27,USA,16-12-2023,Standard,Agent,177,8013.32,1,72119.88,December,High Risk,2,12
5536,60,UAE,08-11-2023,Standard,Agent,58,11351.26,0,45405.04,November,Medium Risk,1,19
5537,42,UAE,18-06-2023,Standard,Corporate,176,2284.08,1,11420.4,June,High Risk,1,16
5539,65,India,01-10-2023,Standard,Online,44,10734.04,1,21468.08,October,Low Risk,1,1
5544,63,India,08-10-2023,Standard,Corporate,0,3412.78,1,10238.34,October,Low Risk,1,8
5553,21,UAE,20-03-2023,Standard,Agent,133,11563.12,1,150320.56,March,High Risk,1,13
5555,59,India,20-04-2023,Standard,Agent,130,7953.47,1,87488.17,April,High Risk,1,1
5557,55,UK,04-03-2023,Standard,Agent,5,4415.31,0,39737.79,March,Low Risk,2,11
5576,39,India,25-02-2023,Standard,Online,142,12760.1,1,63800.5,February,High Risk,1,7
5581,18,India,07-06-2023,Standard,Corporate,17,10899.58,0,98096.22,June,Low Risk,1,12
5583,57,India,23-01-2023,Standard,Corporate,78,7460.48,1,44762.88,January,Medium Risk,2,9
5587,67,India,25-05-2023,Standard,Online,104,5511.64,1,49604.76,May,High Risk,1,4
5588,64,UAE,01-11-2023,Standard,Online,6,2665.45,0,18658.15,November,Low Risk,2,9
5591,63,UK,13-01-2023,Standard,Online,62,3898.93,0,50686.09,January,Medium Risk,2,5
5592,31,UAE,30-12-2023,Standard,Agent,129,13619.11,1,40857.33,December,High Risk,1,15
5594,37,India,30-05-2023,Standard,Online,172,12559.89,1,175838.46,May,High Risk,2,4
5596,65,UK,14-02-2023,Standard,Agent,129,3754.29,1,26280.03,February,High Risk,1,15
5599,32,India,16-07-2023,Standard,Agent,132,2462.53,1,27087.83,July,High Risk,1,11
5601,57,India,23-03-2023,Standard,Corporate,70,8241.64,0,82416.4,March,Medium Risk,1,6
5611,19,Germany,23-10-2023,Standard,Agent,60,11551.38,1,138616.56,October,Medium Risk,2,17
5612,54,UAE,05-02-2023,Standard,Online,25,7246.05,0,43476.3,February,Low Risk,1,4
5616,53,UAE,09-09-2023,Standard,Agent,77,14636.96,0,117095.68,September,Medium Risk,2,16
5620,61,UK,16-01-2023,Standard,Online,74,14134.28,1,42402.84,January,Medium Risk,2,8
5632,69,USA,09-05-2023,Standard,Online,20,8220.25,0,41101.25,May,Low Risk,1,13
5633,33,India,03-04-2023,Standard,Agent,21,9167.84,0,128349.76,April,Low Risk,2,11
5636,24,UAE,08-06-2023,Standard,Corporate,48,11880.57,0,23761.14,June,Low Risk,2,18
5638,62,USA,19-12-2023,Standard,Online,24,5324.69,0,5324.69,December,Low Risk,2,12
5639,64,USA,13-09-2023,Standard,Agent,150,6945.8,1,76403.8,September,High Risk,1,8
5640,65,India,27-08-2023,Standard,Agent,75,11669.64,0,93357.12,August,Medium Risk,1,9
5641,44,USA,14-04-2023,Standard,Corporate,48,5229.73,0,31378.38,April,Low Risk,2,6
5643,41,UAE,30-03-2023,Standard,Agent,4,10579.31,1,10579.31,March,Low Risk,2,14
5645,52,USA,30-12-2023,Standard,Corporate,4,6489.75,0,25959,December,Low Risk,2,14
5646,68,UK,27-05-2023,Standard,Online,38,8404.43,1,25213.29,May,Low Risk,1,14
5647,37,USA,10-11-2023,Standard,Corporate,162,4399.79,1,30798.53,November,High Risk,2,11
5649,59,UAE,11-10-2023,Standard,Agent,29,3234.17,1,19405.02,October,Low Risk,1,11
5650,34,UK,11-04-2023,Standard,Corporate,1,4569.29,1,63970.06,April,Low Risk,2,18
5652,48,India,11-12-2023,Standard,Corporate,50,7515.53,1,105217.42,December,Low Risk,2,19
5655,48,Germany,15-04-2023,Standard,Corporate,10,2637.64,1,21101.12,April,Low Risk,2,5
5656,47,USA,09-08-2023,Standard,Corporate,127,11824.69,1,82772.83,August,High Risk,1,2
5659,56,USA,25-03-2023,Standard,Corporate,70,10258.12,0,10258.12,March,Medium Risk,2,16
5662,34,UK,12-09-2023,Standard,Corporate,109,5073.99,1,35517.93,September,High Risk,2,16
5666,36,UK,07-06-2023,Standard,Online,126,12974.73,1,155696.76,June,High Risk,1,6
5669,51,Germany,18-03-2023,Standard,Corporate,32,2633.76,1,2633.76,March,Low Risk,2,2
5670,67,UK,11-08-2023,Standard,Corporate,138,2934.78,1,41086.92,August,High Risk,2,16
5671,24,UAE,01-05-2023,Standard,Agent,146,10273.53,1,113008.83,May,High Risk,2,10
5672,61,India,06-11-2023,Standard,Online,169,11736.59,1,23473.18,November,High Risk,1,17
5674,37,Germany,07-12-2023,Standard,Agent,145,5776.5,1,28882.5,December,High Risk,2,16
5679,49,Germany,11-07-2023,Standard,Agent,179,4987.84,1,19951.36,July,High Risk,1,4
5680,69,India,06-09-2023,Standard,Agent,43,9343.81,1,74750.48,September,Low Risk,1,18
5683,37,USA,21-01-2023,Standard,Agent,49,3957.54,0,47490.48,January,Low Risk,2,8
5684,20,UAE,04-06-2023,Standard,Agent,118,6808.5,1,13617,June,High Risk,1,14
5687,25,India,02-11-2023,Standard,Corporate,51,9765.65,0,78125.2,November,Medium Risk,1,14
5688,57,USA,26-02-2023,Standard,Online,54,11996.9,0,131965.9,February,Medium Risk,2,8
5689,61,Germany,29-04-2023,Standard,Agent,24,7828.95,0,93947.4,April,Low Risk,2,20
5690,40,Germany,14-06-2023,Standard,Corporate,68,13838.93,0,41516.79,June,Medium Risk,2,14
5691,57,UK,05-03-2023,Standard,Corporate,74,9795.53,0,9795.53,March,Medium Risk,1,8
5692,28,Germany,17-02-2023,Standard,Online,140,11043.26,1,143562.38,February,High Risk,2,5
5697,27,India,13-08-2023,Standard,Online,74,9850.04,1,39400.16,August,Medium Risk,2,13
5700,66,UK,02-03-2023,Standard,Corporate,137,13591.79,1,163101.48,March,High Risk,1,17
5702,30,India,17-09-2023,Standard,Agent,99,3666.47,1,40331.17,September,Medium Risk,2,2
5703,49,India,17-11-2023,Standard,Online,16,8955.68,1,17911.36,November,Low Risk,2,5
5707,39,USA,12-03-2023,Standard,Agent,137,5937.08,1,47496.64,March,High Risk,2,14
5710,35,Germany,15-05-2023,Standard,Agent,112,9474.78,1,123172.14,May,High Risk,2,2
5712,41,UAE,28-06-2023,Standard,Online,48,6214.26,0,86999.64,June,Low Risk,2,7
5716,48,Germany,26-10-2023,Standard,Corporate,136,9820.78,1,98207.8,October,High Risk,1,16
5723,27,UK,03-12-2023,Standard,Agent,162,7523.14,1,52661.98,December,High Risk,2,5
5728,61,India,03-06-2023,Standard,Corporate,82,8984.1,1,44920.5,June,Medium Risk,1,15
5734,48,India,02-02-2023,Standard,Corporate,39,5762.88,0,74917.44,February,Low Risk,2,19
5743,35,UAE,24-11-2023,Standard,Online,0,13582.04,1,135820.4,November,Low Risk,2,8
5746,57,USA,11-02-2023,Standard,Online,87,9095.09,0,90950.9,February,Medium Risk,1,2
5758,37,UK,04-02-2023,Standard,Agent,59,12998.57,0,116987.13,February,Medium Risk,1,11
5764,33,UK,21-07-2023,Standard,Online,44,13719.06,1,178347.78,July,Low Risk,2,12
5767,61,Germany,30-06-2023,Standard,Corporate,59,14616.42,1,14616.42,June,Medium Risk,1,10
5770,24,USA,10-06-2023,Standard,Online,156,12039.6,1,156514.8,June,High Risk,1,9
5772,65,USA,10-04-2023,Standard,Corporate,166,8510.08,1,110631.04,April,High Risk,1,3
5776,21,USA,30-05-2023,Standard,Corporate,114,3073.86,1,18443.16,May,High Risk,2,20
5777,42,India,09-03-2023,Standard,Online,155,5170.73,1,72390.22,March,High Risk,2,20
5778,49,USA,11-09-2023,Standard,Online,154,7631.43,1,68682.87,September,High Risk,1,19
5781,62,India,01-08-2023,Standard,Agent,169,6307.54,1,18922.62,August,High Risk,2,3
5783,66,Germany,13-09-2023,Standard,Corporate,67,8776.67,1,17553.34,September,Medium Risk,1,19
5784,54,India,04-08-2023,Standard,Online,99,8484.08,1,101808.96,August,Medium Risk,1,17
5785,23,Germany,17-12-2023,Standard,Online,128,11819.83,1,106378.47,December,High Risk,1,14
5786,36,UK,13-10-2023,Standard,Agent,171,2050.95,1,22560.45,October,High Risk,1,11
5789,31,Germany,01-04-2023,Standard,Agent,160,6126.46,1,67391.06,April,High Risk,2,18
5798,55,India,07-03-2023,Standard,Agent,63,5264.26,1,36849.82,March,Medium Risk,1,16
5800,47,Germany,21-07-2023,Standard,Agent,103,9135.09,1,9135.09,July,High Risk,2,11
5803,20,USA,09-03-2023,Standard,Online,147,12945.67,1,116511.03,March,High Risk,1,19
5804,62,USA,04-09-2023,Standard,Online,138,9205.31,1,110463.72,September,High Risk,1,20
5807,39,India,19-02-2023,Standard,Agent,176,8683.13,1,86831.3,February,High Risk,1,11
5809,55,UK,11-01-2023,Standard,Corporate,145,9554.05,1,28662.15,January,High Risk,1,12
5812,23,UK,04-05-2023,Standard,Corporate,141,10512.15,1,115633.65,May,High Risk,2,15
5813,31,Germany,13-08-2023,Standard,Corporate,55,8412.33,1,50473.98,August,Medium Risk,2,1
5817,20,USA,12-12-2023,Standard,Online,28,2198.75,0,24186.25,December,Low Risk,2,8
5823,69,UAE,28-02-2023,Standard,Agent,9,8920.53,0,53523.18,February,Low Risk,1,2
5829,56,USA,13-06-2023,Standard,Online,75,12603.18,0,163841.34,June,Medium Risk,1,13
5832,30,India,27-04-2023,Standard,Agent,40,12543.79,0,137981.69,April,Low Risk,1,17
5834,59,USA,23-07-2023,Standard,Online,65,2978.99,1,14894.95,July,Medium Risk,1,8
5835,67,USA,21-12-2023,Standard,Agent,164,9537.49,1,47687.45,December,High Risk,2,11
5837,37,Germany,25-05-2023,Standard,Corporate,121,10368.57,1,145159.98,May,High Risk,2,7
5839,30,UK,17-01-2023,Standard,Agent,89,4987.69,0,64839.97,January,Medium Risk,2,5
5847,41,Germany,04-08-2023,Standard,Online,146,12174.51,1,121745.1,August,High Risk,2,12
5850,44,UAE,26-06-2023,Standard,Agent,161,4662.56,1,4662.56,June,High Risk,1,10
5852,40,UAE,15-04-2023,Standard,Agent,101,8901.97,1,53411.82,April,High Risk,1,15
5855,25,UAE,20-06-2023,Standard,Corporate,17,6721.65,0,67216.5,June,Low Risk,1,9
5856,43,India,18-04-2023,Standard,Corporate,122,7578.08,1,15156.16,April,High Risk,2,13
5858,30,Germany,10-06-2023,Standard,Online,64,9340.32,1,84062.88,June,Medium Risk,2,7
5860,54,Germany,09-02-2023,Standard,Corporate,69,3965.25,1,31722,February,Medium Risk,1,1
5861,66,Germany,26-01-2023,Standard,Online,6,3910.47,1,50836.11,January,Low Risk,2,3
5864,33,UAE,22-06-2023,Standard,Agent,87,12868.47,1,180158.58,June,Medium Risk,2,11
5866,35,India,11-03-2023,Standard,Online,16,4737.47,0,9474.94,March,Low Risk,2,8
5869,56,USA,11-10-2023,Standard,Corporate,25,5565,1,55650,October,Low Risk,2,6
5871,49,India,13-01-2023,Standard,Agent,162,7528.56,1,105399.84,January,High Risk,2,9
5874,63,USA,06-09-2023,Standard,Online,132,5223.34,1,47010.06,September,High Risk,2,14
5875,47,UAE,24-07-2023,Standard,Online,44,8069.62,0,104905.06,July,Low Risk,1,1
5877,30,UAE,09-02-2023,Standard,Corporate,143,4063.82,1,20319.1,February,High Risk,2,10
5879,38,Germany,31-01-2023,Standard,Agent,41,11458.84,0,137506.08,January,Low Risk,1,17
5888,26,UAE,02-05-2023,Standard,Agent,105,9584.23,1,67089.61,May,High Risk,1,7
5891,61,UK,23-11-2023,Standard,Corporate,24,7806.8,1,85874.8,November,Low Risk,1,9
5896,50,UAE,27-08-2023,Standard,Online,104,14551.82,1,72759.1,August,High Risk,1,16
5897,69,USA,12-12-2023,Standard,Online,152,3278.12,1,32781.2,December,High Risk,2,8
5898,26,UAE,21-04-2023,Standard,Corporate,47,2944.1,1,41217.4,April,Low Risk,1,4
5901,61,UAE,15-05-2023,Standard,Corporate,81,4277.27,1,29940.89,May,Medium Risk,1,12
5904,51,India,01-07-2023,Standard,Online,34,14993.41,0,119947.28,July,Low Risk,1,3
5906,26,UK,28-12-2023,Standard,Corporate,5,6742.61,0,60683.49,December,Low Risk,1,9
5907,49,USA,02-05-2023,Standard,Agent,176,12297.29,1,73783.74,May,High Risk,1,9
5910,50,UK,22-06-2023,Standard,Agent,11,2526.34,0,17684.38,June,Low Risk,2,19
5911,62,UAE,28-06-2023,Standard,Online,138,2379.3,1,23793,June,High Risk,1,6
5915,44,UK,14-09-2023,Standard,Corporate,51,13359.84,1,66799.2,September,Medium Risk,2,2
5924,60,Germany,01-09-2023,Standard,Corporate,37,4653.65,0,41882.85,September,Low Risk,2,16
5929,46,India,02-04-2023,Standard,Agent,46,12695.81,0,165045.53,April,Low Risk,1,2
5936,67,USA,20-06-2023,Standard,Corporate,71,7405.56,0,103677.84,June,Medium Risk,1,1
5939,62,UAE,22-04-2023,Standard,Corporate,118,9184.87,1,73478.96,April,High Risk,2,15
5940,68,UAE,10-05-2023,Standard,Corporate,157,3071.41,1,3071.41,May,High Risk,1,18
5941,25,India,09-03-2023,Standard,Corporate,139,14359.26,1,57437.04,March,High Risk,1,3
5942,58,UAE,13-12-2023,Standard,Agent,117,13537.72,1,13537.72,December,High Risk,1,3
5948,66,India,13-10-2023,Standard,Agent,123,10744.13,1,64464.78,October,High Risk,1,17
5954,56,UAE,21-10-2023,Standard,Corporate,60,3712.06,1,3712.06,October,Medium Risk,1,20
5956,34,USA,30-09-2023,Standard,Online,156,9756.93,1,9756.93,September,High Risk,2,17
5958,36,UK,31-12-2023,Standard,Agent,142,6132.53,1,36795.18,December,High Risk,1,10
5963,54,USA,08-05-2023,Standard,Corporate,31,8064.58,0,64516.64,May,Low Risk,2,15
5967,39,India,06-08-2023,Standard,Online,72,13771.06,0,68855.3,August,Medium Risk,2,17
5968,43,UK,08-08-2023,Standard,Agent,15,9857.04,1,98570.4,August,Low Risk,1,1
5971,53,UAE,04-10-2023,Standard,Corporate,173,11431.66,1,68589.96,October,High Risk,1,12
5973,69,USA,01-03-2023,Standard,Corporate,171,10069.18,1,20138.36,March,High Risk,1,9
5975,34,UAE,27-11-2023,Standard,Agent,34,3873.5,0,38735,November,Low Risk,1,16
5976,58,UAE,30-06-2023,Standard,Agent,124,12679.16,1,177508.24,June,High Risk,2,2
5981,63,Germany,26-02-2023,Standard,Online,5,2203.74,0,15426.18,February,Low Risk,2,18
5984,18,USA,11-11-2023,Standard,Agent,175,9200.87,1,110410.44,November,High Risk,1,11
5985,59,UAE,27-03-2023,Standard,Agent,11,7829.38,1,15658.76,March,Low Risk,1,12
5986,35,UK,19-07-2023,Standard,Online,113,9878.69,1,59272.14,July,High Risk,1,16
5989,50,India,08-04-2023,Standard,Online,67,9936.1,1,19872.2,April,Medium Risk,2,1
5990,29,Germany,27-10-2023,Standard,Corporate,106,4875.53,1,29253.18,October,High Risk,1,16
5993,33,UK,16-03-2023,Standard,Online,30,10844.82,1,130137.84,March,Low Risk,2,19
6002,29,UK,11-03-2023,Standard,Online,111,13989.79,1,97928.53,March,High Risk,1,20
6004,41,UAE,15-07-2023,Standard,Agent,79,14209.96,0,99469.72,July,Medium Risk,1,5
6006,62,USA,04-09-2023,Standard,Agent,4,4182.57,0,58555.98,September,Low Risk,1,17
6013,43,USA,19-02-2023,Standard,Online,169,10428.12,1,104281.2,February,High Risk,1,4
6016,27,UAE,26-04-2023,Standard,Online,58,6654.86,0,46584.02,April,Medium Risk,1,9
6020,22,India,22-02-2023,Standard,Agent,67,10535.67,0,31607.01,February,Medium Risk,1,17
6022,44,Germany,07-12-2023,Standard,Corporate,159,7529.08,1,30116.32,December,High Risk,2,5
6024,66,Germany,22-09-2023,Standard,Agent,80,9794.24,0,97942.4,September,Medium Risk,1,14
6030,43,India,17-05-2023,Standard,Online,35,14824.21,0,103769.47,May,Low Risk,2,15
6031,64,UAE,04-12-2023,Standard,Agent,178,2213.35,1,6640.05,December,High Risk,1,13
6032,51,UK,13-09-2023,Standard,Corporate,103,11323.34,1,11323.34,September,High Risk,1,2
6037,29,India,28-09-2023,Standard,Agent,164,7773.73,1,38868.65,September,High Risk,1,7
6038,40,India,07-02-2023,Standard,Corporate,125,11284.54,1,146699.02,February,High Risk,2,11
6041,65,UAE,13-12-2023,Standard,Corporate,142,11464.32,1,68785.92,December,High Risk,1,11
6047,20,UAE,29-12-2023,Standard,Online,143,11261.37,1,56306.85,December,High Risk,2,2
6051,66,UAE,16-09-2023,Standard,Corporate,48,7859.48,1,62875.84,September,Low Risk,2,3
6052,69,UAE,22-05-2023,Standard,Agent,77,4648.52,0,65079.28,May,Medium Risk,1,9
6055,50,USA,06-02-2023,Standard,Online,167,13282.61,1,146108.71,February,High Risk,2,6
6060,69,India,22-02-2023,Standard,Corporate,154,6670.63,1,20011.89,February,High Risk,1,17
6061,32,India,28-10-2023,Standard,Agent,117,4485.94,1,35887.52,October,High Risk,2,6
6062,63,UAE,15-10-2023,Standard,Online,119,11349.71,1,45398.84,October,High Risk,2,2
6063,42,Germany,01-10-2023,Standard,Agent,126,4063.66,1,40636.6,October,High Risk,1,9
6066,22,USA,03-03-2023,Standard,Agent,154,8608.74,1,120522.36,March,High Risk,1,17
6069,60,India,30-08-2023,Standard,Corporate,167,6891.11,1,96475.54,August,High Risk,1,4
6072,64,USA,20-12-2023,Standard,Corporate,67,14488.16,0,14488.16,December,Medium Risk,2,4
6076,35,Germany,19-11-2023,Standard,Corporate,8,4569.88,0,41128.92,November,Low Risk,2,7
6077,38,USA,10-04-2023,Standard,Online,74,11019.44,1,55097.2,April,Medium Risk,1,9
6088,69,USA,13-01-2023,Standard,Corporate,178,5350.11,1,74901.54,January,High Risk,2,9
6089,66,UK,16-08-2023,Standard,Corporate,41,4195.17,1,41951.7,August,Low Risk,1,6
6093,62,UAE,03-03-2023,Standard,Online,166,7261.05,1,72610.5,March,High Risk,2,9
6095,62,USA,09-03-2023,Standard,Corporate,177,12010.45,1,156135.85,March,High Risk,1,3
6096,55,USA,31-07-2023,Standard,Online,111,13527.86,1,175862.18,July,High Risk,2,16
6100,65,UAE,11-10-2023,Standard,Corporate,85,13769.05,0,178997.65,October,Medium Risk,1,9
6108,61,India,16-10-2023,Standard,Online,53,3883.47,0,38834.7,October,Medium Risk,2,2
6109,29,Germany,08-10-2023,Standard,Online,104,2064.3,1,18578.7,October,High Risk,2,13
6110,56,UAE,19-01-2023,Standard,Agent,15,10060.18,0,140842.52,January,Low Risk,2,4
6112,30,UK,16-04-2023,Standard,Agent,46,4732.91,1,61527.83,April,Low Risk,1,13
6123,69,UAE,27-07-2023,Standard,Agent,172,14782.28,1,147822.8,July,High Risk,2,13
6134,59,UAE,23-04-2023,Standard,Agent,76,2882.7,1,17296.2,April,Medium Risk,2,4
6135,38,USA,30-06-2023,Standard,Online,1,11844.02,1,47376.08,June,Low Risk,1,4
6139,55,USA,08-02-2023,Standard,Corporate,81,6905.33,1,75958.63,February,Medium Risk,2,6
6141,62,UAE,10-01-2023,Standard,Agent,146,13681.52,1,191541.28,January,High Risk,1,2
6146,34,UAE,12-07-2023,Standard,Agent,62,4586.6,0,45866,July,Medium Risk,1,10
6148,30,UAE,19-01-2023,Standard,Online,131,2707.82,1,21662.56,January,High Risk,2,3
6149,34,India,14-11-2023,Standard,Corporate,84,8282.78,1,41413.9,November,Medium Risk,1,8
6161,32,Germany,01-04-2023,Standard,Agent,137,14835.75,1,89014.5,April,High Risk,1,10
6166,52,India,14-04-2023,Standard,Corporate,70,6229.62,0,6229.62,April,Medium Risk,2,15
6171,40,UAE,29-03-2023,Standard,Agent,60,2219.74,1,19977.66,March,Medium Risk,1,4
6172,42,Germany,03-04-2023,Standard,Online,26,14339.31,0,14339.31,April,Low Risk,2,20
6179,23,India,30-06-2023,Standard,Online,155,9941.77,1,49708.85,June,High Risk,2,15
6181,67,India,16-09-2023,Standard,Corporate,9,12456.71,0,62283.55,September,Low Risk,2,3
6182,35,USA,01-05-2023,Standard,Corporate,178,10257.09,1,41028.36,May,High Risk,1,13
6192,60,UK,21-02-2023,Standard,Corporate,67,2707.29,0,21658.32,February,Medium Risk,1,15
6198,36,UAE,02-04-2023,Standard,Agent,129,11265.19,1,22530.38,April,High Risk,1,2
6199,37,India,19-05-2023,Standard,Online,40,8095.05,0,16190.1,May,Low Risk,1,14
6207,34,USA,18-07-2023,Standard,Online,128,6506.42,1,39038.52,July,High Risk,2,13
6211,18,USA,28-11-2023,Standard,Agent,152,14387.87,1,86327.22,November,High Risk,1,17
6213,49,UAE,05-08-2023,Standard,Online,93,9128.65,1,100415.15,August,Medium Risk,2,15
6214,53,Germany,08-07-2023,Standard,Online,8,13693.37,1,136933.7,July,Low Risk,1,18
6216,23,Germany,18-10-2023,Standard,Corporate,46,14509.64,0,188625.32,October,Low Risk,1,14
6224,33,USA,18-02-2023,Standard,Online,62,9424.65,1,47123.25,February,Medium Risk,2,2
6225,45,India,07-11-2023,Standard,Agent,161,8978.95,1,80810.55,November,High Risk,2,10
6226,33,USA,31-05-2023,Standard,Corporate,137,7414.5,1,88974,May,High Risk,2,17
6231,49,India,08-04-2023,Standard,Agent,67,7416.28,0,103827.92,April,Medium Risk,2,13
6233,19,UAE,23-12-2023,Standard,Corporate,143,7390.61,1,36953.05,December,High Risk,1,4
6237,41,USA,05-11-2023,Standard,Corporate,143,6867.91,1,61811.19,November,High Risk,2,6
6239,60,UAE,25-06-2023,Standard,Online,1,6685.88,1,6685.88,June,Low Risk,1,15
6240,48,UAE,16-08-2023,Standard,Agent,72,11158.46,1,78109.22,August,Medium Risk,1,5
6244,19,USA,27-08-2023,Standard,Agent,77,6422,0,70642,August,Medium Risk,2,3
6251,33,UAE,22-03-2023,Standard,Agent,149,12068.08,1,108612.72,March,High Risk,1,20
6253,47,USA,15-10-2023,Standard,Corporate,46,12176.87,1,146122.44,October,Low Risk,1,11
6256,35,Germany,13-10-2023,Standard,Corporate,117,8185.08,1,16370.16,October,High Risk,2,17
6258,22,India,03-05-2023,Standard,Agent,94,5111.61,0,61339.32,May,Medium Risk,1,19
6261,51,USA,07-06-2023,Standard,Agent,141,13840.4,1,41521.2,June,High Risk,1,7
6262,60,UK,19-04-2023,Standard,Agent,82,5707.28,0,74194.64,April,Medium Risk,1,4
6264,40,Germany,14-07-2023,Standard,Online,120,14077.19,1,154849.09,July,High Risk,2,11
6267,23,USA,23-10-2023,Standard,Agent,2,6525.48,0,65254.8,October,Low Risk,2,13
6269,61,USA,20-07-2023,Standard,Agent,163,3047.24,1,30472.4,July,High Risk,2,20
6276,35,India,02-03-2023,Standard,Online,125,13786.19,1,137861.9,March,High Risk,1,4
6280,26,UK,14-10-2023,Standard,Agent,122,11067.64,1,110676.4,October,High Risk,2,19
6281,54,UK,17-11-2023,Standard,Corporate,32,4052.08,0,36468.72,November,Low Risk,1,14
6282,27,Germany,05-04-2023,Standard,Online,3,6278.63,0,43950.41,April,Low Risk,1,8
6284,23,USA,03-09-2023,Standard,Agent,128,10490.03,1,94410.27,September,High Risk,2,8
6286,20,UK,16-09-2023,Standard,Corporate,58,9166.3,1,73330.4,September,Medium Risk,2,17
6288,28,India,18-10-2023,Standard,Agent,150,9195.94,1,128743.16,October,High Risk,2,2
6291,49,UAE,03-03-2023,Standard,Corporate,149,13273.05,1,92911.35,March,High Risk,1,11
6292,21,UK,05-12-2023,Standard,Corporate,126,5407.94,1,10815.88,December,High Risk,2,13
6296,36,Germany,16-06-2023,Standard,Corporate,145,7019.28,1,35096.4,June,High Risk,2,7
6297,22,Germany,08-03-2023,Standard,Agent,124,7932.23,1,63457.84,March,High Risk,1,19
6298,49,UK,16-12-2023,Standard,Corporate,99,10768.03,0,32304.09,December,Medium Risk,1,17
6299,39,India,27-02-2023,Standard,Agent,0,10099.84,0,70698.88,February,Low Risk,2,14
6301,52,India,10-05-2023,Standard,Corporate,88,11734.67,0,140816.04,May,Medium Risk,1,17
6302,39,Germany,25-01-2023,Standard,Agent,19,7718.63,0,77186.3,January,Low Risk,2,1
6303,18,India,11-01-2023,Standard,Corporate,16,4494.11,1,58423.43,January,Low Risk,1,9
6310,20,UK,03-02-2023,Standard,Online,161,5249.32,1,52493.2,February,High Risk,2,1
6311,26,India,15-10-2023,Standard,Online,86,3102.83,1,37233.96,October,Medium Risk,2,6
6314,31,UK,06-05-2023,Standard,Agent,54,11681.99,0,151865.87,May,Medium Risk,2,5
6316,35,UAE,14-05-2023,Standard,Online,177,9808.02,1,58848.12,May,High Risk,1,9
6317,66,UK,27-03-2023,Standard,Online,13,6721.42,1,73935.62,March,Low Risk,1,10
6323,64,UK,17-11-2023,Standard,Corporate,154,12083.38,1,84583.66,November,High Risk,2,9
6324,22,Germany,16-12-2023,Standard,Corporate,167,7360.63,1,66245.67,December,High Risk,2,9
6325,64,Germany,19-01-2023,Standard,Online,67,12962.31,0,25924.62,January,Medium Risk,1,3
6329,42,USA,12-10-2023,Standard,Online,88,11698.05,1,70188.3,October,Medium Risk,2,9
6330,45,USA,15-08-2023,Standard,Corporate,17,5125.49,0,35878.43,August,Low Risk,1,6
6332,62,UAE,22-12-2023,Standard,Corporate,36,11526.3,0,161368.2,December,Low Risk,1,2
6336,27,UAE,11-08-2023,Standard,Agent,78,4110.54,1,57547.56,August,Medium Risk,2,17
6338,59,USA,05-09-2023,Standard,Corporate,148,12690.87,1,76145.22,September,High Risk,1,3
6339,63,UAE,20-02-2023,Standard,Agent,121,12988.3,1,77929.8,February,High Risk,2,14
6342,42,Germany,22-01-2023,Standard,Online,176,2157.99,1,4315.98,January,High Risk,1,10
6345,69,UK,02-02-2023,Standard,Online,96,9516.19,1,123710.47,February,Medium Risk,2,19
6346,65,USA,07-05-2023,Standard,Online,48,2125.18,0,27627.34,May,Low Risk,1,10
6354,39,UAE,17-01-2023,Standard,Online,39,11723.69,0,58618.45,January,Low Risk,2,9
6357,34,USA,20-04-2023,Standard,Corporate,91,13360.22,1,53440.88,April,Medium Risk,1,6
6364,66,Germany,14-10-2023,Standard,Online,7,3214.62,0,3214.62,October,Low Risk,2,12
6368,43,India,10-11-2023,Standard,Corporate,152,12664.73,1,126647.3,November,High Risk,1,1
6371,61,India,03-07-2023,Standard,Online,124,8680.44,1,121526.16,July,High Risk,1,10
6375,65,India,11-04-2023,Standard,Agent,6,5970.9,0,5970.9,April,Low Risk,2,15
6376,59,USA,29-04-2023,Standard,Agent,50,7450.52,0,81955.72,April,Low Risk,1,16
6382,43,India,09-07-2023,Standard,Corporate,137,9571.5,1,124429.5,July,High Risk,2,6
6384,44,USA,13-04-2023,Standard,Online,58,10335.01,0,72345.07,April,Medium Risk,1,9
6387,24,UK,10-05-2023,Standard,Agent,13,14266.19,1,171194.28,May,Low Risk,1,9
6394,34,India,09-07-2023,Standard,Agent,64,7614.42,1,83758.62,July,Medium Risk,2,12
6398,25,USA,10-04-2023,Standard,Agent,38,4282.19,1,29975.33,April,Low Risk,1,3
6405,64,USA,22-03-2023,Standard,Agent,84,12301.12,1,110710.08,March,Medium Risk,2,9
6406,29,UAE,08-08-2023,Standard,Agent,91,8827.84,0,26483.52,August,Medium Risk,1,3
6407,54,UAE,26-03-2023,Standard,Agent,99,9667.11,0,38668.44,March,Medium Risk,2,12
6413,24,UK,16-09-2023,Standard,Corporate,65,7203.38,1,43220.28,September,Medium Risk,1,19
6416,54,Germany,07-10-2023,Standard,Corporate,166,7792.34,1,7792.34,October,High Risk,1,11
6419,32,India,29-06-2023,Standard,Corporate,169,7043.87,1,91570.31,June,High Risk,2,2
6421,64,India,26-07-2023,Standard,Agent,109,2482.55,1,22342.95,July,High Risk,1,14
6424,36,UK,24-06-2023,Standard,Corporate,5,2593.64,1,25936.4,June,Low Risk,2,7
6429,44,USA,10-12-2023,Standard,Corporate,76,2211.65,0,30963.1,December,Medium Risk,1,3
6430,69,USA,25-08-2023,Standard,Agent,26,8309.19,0,66473.52,August,Low Risk,1,1
6436,19,India,17-01-2023,Standard,Corporate,150,13931.19,1,111449.52,January,High Risk,2,3
6437,39,Germany,27-03-2023,Standard,Online,153,3616.35,1,39779.85,March,High Risk,1,2
6440,35,USA,30-06-2023,Standard,Online,179,6180.36,1,61803.6,June,High Risk,1,17
6443,47,Germany,25-05-2023,Standard,Agent,110,8071.58,1,24214.74,May,High Risk,2,7
6453,69,USA,10-12-2023,Standard,Agent,165,7985.02,1,15970.04,December,High Risk,2,19
6454,69,UAE,04-06-2023,Standard,Agent,129,2242.66,1,22426.6,June,High Risk,2,10
6458,56,India,30-08-2023,Standard,Agent,124,3225.59,1,22579.13,August,High Risk,2,6
6464,64,India,07-08-2023,Standard,Agent,100,5502.29,1,49520.61,August,Medium Risk,1,18
6465,32,Germany,19-06-2023,Standard,Agent,31,14016.54,1,42049.62,June,Low Risk,2,16
6466,37,UAE,10-10-2023,Standard,Corporate,130,2403.09,1,4806.18,October,High Risk,1,12
6467,26,India,08-05-2023,Standard,Agent,16,13400.5,0,187607,May,Low Risk,1,19
6473,37,USA,19-10-2023,Standard,Online,1,12862.1,0,180069.4,October,Low Risk,1,18
6474,40,Germany,07-03-2023,Standard,Agent,33,8202.57,1,65620.56,March,Low Risk,2,10
6484,26,India,06-09-2023,Standard,Agent,55,2730.71,0,27307.1,September,Medium Risk,2,3
6486,48,UAE,05-05-2023,Standard,Corporate,148,10010.1,1,110111.1,May,High Risk,2,18
6487,24,Germany,02-01-2023,Standard,Online,57,7812.39,0,101561.07,January,Medium Risk,1,15
6489,36,Germany,19-07-2023,Standard,Corporate,30,12609.94,0,163929.22,July,Low Risk,2,17
6492,48,UAE,09-10-2023,Standard,Agent,106,5193.89,1,25969.45,October,High Risk,1,12
6496,36,India,29-04-2023,Standard,Agent,163,9451.13,1,132315.82,April,High Risk,2,10
6498,49,India,19-08-2023,Standard,Corporate,61,4822.15,0,14466.45,August,Medium Risk,1,9
6503,19,UK,12-02-2023,Standard,Agent,18,3478.26,0,38260.86,February,Low Risk,1,20
6516,38,Germany,26-01-2023,Standard,Online,177,14928.82,1,209003.48,January,High Risk,1,3
6519,43,UAE,25-05-2023,Standard,Corporate,100,10267.45,1,61604.7,May,Medium Risk,1,12
6522,29,UAE,11-05-2023,Standard,Online,41,10627.62,1,74393.34,May,Low Risk,2,14
6526,28,Germany,20-05-2023,Standard,Corporate,23,9720.56,1,116646.72,May,Low Risk,2,4
6527,45,USA,23-02-2023,Standard,Agent,68,10820.27,0,86562.16,February,Medium Risk,2,19
6528,49,India,01-01-2023,Standard,Agent,84,12134.73,0,97077.84,January,Medium Risk,2,12
6533,24,Germany,23-10-2023,Standard,Corporate,19,12787.33,0,115085.97,October,Low Risk,2,17
6536,41,Germany,14-02-2023,Standard,Agent,138,5657.28,1,16971.84,February,High Risk,2,15
6537,21,USA,09-12-2023,Standard,Agent,85,2810.47,0,36536.11,December,Medium Risk,1,10
6540,43,UK,21-08-2023,Standard,Agent,141,8892.49,1,44462.45,August,High Risk,2,13
6545,28,USA,26-09-2023,Standard,Corporate,143,12570.89,1,100567.12,September,High Risk,1,8
6552,66,UAE,08-01-2023,Standard,Agent,169,9099.43,1,109193.16,January,High Risk,1,11
6553,19,UAE,07-10-2023,Standard,Agent,68,11294.73,1,90357.84,October,Medium Risk,1,14
6558,37,UAE,16-12-2023,Standard,Corporate,156,14688.35,1,73441.75,December,High Risk,2,4
6570,64,UAE,27-12-2023,Standard,Online,86,13592.93,1,190301.02,December,Medium Risk,1,15
6571,54,UK,31-10-2023,Standard,Corporate,67,4835.77,0,62865.01,October,Medium Risk,1,2
6577,60,USA,26-10-2023,Standard,Online,133,11440.89,1,137290.68,October,High Risk,2,1
6578,44,UAE,17-01-2023,Standard,Agent,70,5507.97,0,22031.88,January,Medium Risk,1,17
6579,58,Germany,30-07-2023,Standard,Corporate,172,12660.71,1,164589.23,July,High Risk,2,14
6580,33,India,20-08-2023,Standard,Agent,168,5717.73,1,74330.49,August,High Risk,2,17
6582,49,Germany,02-07-2023,Standard,Online,132,9169.22,1,64184.54,July,High Risk,1,2
6587,57,Germany,18-03-2023,Standard,Online,8,6479.36,1,38876.16,March,Low Risk,2,4
6588,26,UK,04-02-2023,Standard,Corporate,131,6939.26,1,48574.82,February,High Risk,1,8
6591,26,USA,20-06-2023,Standard,Agent,73,2382.79,1,19062.32,June,Medium Risk,1,9
6592,27,UAE,01-02-2023,Standard,Online,95,7315.43,1,65838.87,February,Medium Risk,2,17
6597,56,Germany,01-10-2023,Standard,Agent,115,2202.41,1,24226.51,October,High Risk,2,7
6601,53,India,30-11-2023,Standard,Agent,117,5371.7,1,26858.5,November,High Risk,2,8
6602,41,USA,18-09-2023,Standard,Corporate,6,14962.68,0,44888.04,September,Low Risk,2,9
6606,31,India,15-03-2023,Standard,Corporate,102,5632.37,1,39426.59,March,High Risk,1,18
6609,32,UK,15-06-2023,Standard,Corporate,2,2011.01,0,6033.03,June,Low Risk,2,14
6610,29,India,22-08-2023,Standard,Agent,61,8391.12,0,33564.48,August,Medium Risk,2,4
6612,45,Germany,30-11-2023,Standard,Agent,1,4040.5,0,52526.5,November,Low Risk,1,1
6617,27,UAE,04-02-2023,Standard,Corporate,139,5656.42,1,50907.78,February,High Risk,1,7
6622,41,India,05-05-2023,Standard,Agent,79,8304.54,0,58131.78,May,Medium Risk,2,19
6623,31,UK,20-03-2023,Standard,Agent,44,11557.26,1,80900.82,March,Low Risk,2,18
6624,51,UK,02-03-2023,Standard,Agent,147,6148.74,1,49189.92,March,High Risk,1,4
6625,29,USA,05-08-2023,Standard,Agent,52,2152.11,1,25825.32,August,Medium Risk,2,12
6632,31,UAE,22-06-2023,Standard,Online,105,13309.49,1,173023.37,June,High Risk,1,15
6636,49,USA,05-10-2023,Standard,Corporate,21,12933.6,0,168136.8,October,Low Risk,1,14
6638,62,Germany,18-08-2023,Standard,Corporate,20,13536.96,0,148906.56,August,Low Risk,2,6
6639,53,USA,14-06-2023,Standard,Corporate,175,11961.33,1,119613.3,June,High Risk,1,8
6642,55,USA,28-06-2023,Standard,Corporate,167,3104.5,1,6209,June,High Risk,2,15
6646,62,India,26-08-2023,Standard,Agent,158,12938.05,1,116442.45,August,High Risk,1,16
6647,33,UAE,03-11-2023,Standard,Online,142,10219.99,1,71539.93,November,High Risk,2,3
6648,22,USA,31-08-2023,Standard,Corporate,57,3511.48,0,49160.72,August,Medium Risk,1,18
6649,21,UAE,31-05-2023,Standard,Agent,44,13222.59,1,119003.31,May,Low Risk,1,7
6651,57,USA,30-12-2023,Standard,Online,151,5438.45,1,16315.35,December,High Risk,1,20
6652,68,Germany,04-09-2023,Standard,Corporate,37,11826.15,1,130087.65,September,Low Risk,1,17
6653,31,UK,07-08-2023,Standard,Corporate,50,11319.78,1,45279.12,August,Low Risk,1,9
6660,34,India,27-06-2023,Standard,Agent,48,8573.26,1,77159.34,June,Low Risk,1,5
6664,24,UAE,06-06-2023,Standard,Online,81,10992.89,1,32978.67,June,Medium Risk,1,16
6667,32,USA,27-07-2023,Standard,Online,23,8724.67,0,87246.7,July,Low Risk,2,7
6669,34,Germany,27-10-2023,Standard,Corporate,16,13078.21,0,65391.05,October,Low Risk,1,15
6673,51,India,18-01-2023,Standard,Corporate,106,2919.49,1,35033.88,January,High Risk,2,18
6675,62,Germany,01-09-2023,Standard,Online,28,7338.6,1,51370.2,September,Low Risk,2,16
6676,44,UAE,20-02-2023,Standard,Agent,11,10881.41,0,152339.74,February,Low Risk,1,4
6678,40,Germany,26-08-2023,Standard,Online,126,12361.13,1,173055.82,August,High Risk,1,8
6682,60,Germany,18-02-2023,Standard,Online,60,3557.23,1,39129.53,February,Medium Risk,2,17
6686,34,Germany,01-02-2023,Standard,Online,107,12364.05,1,148368.6,February,High Risk,1,19
6688,36,UAE,10-02-2023,Standard,Corporate,46,8473.66,1,84736.6,February,Low Risk,1,12
6689,63,UK,19-10-2023,Standard,Agent,160,3383.27,1,37215.97,October,High Risk,1,5
6690,40,Germany,13-04-2023,Standard,Agent,66,3463.37,1,34633.7,April,Medium Risk,1,19
6691,49,USA,19-10-2023,Standard,Corporate,63,8721.2,0,34884.8,October,Medium Risk,2,12
6696,22,USA,18-05-2023,Standard,Online,93,4877.9,0,34145.3,May,Medium Risk,2,1
6697,26,India,22-11-2023,Standard,Corporate,78,2413.5,0,26548.5,November,Medium Risk,1,3
6698,46,UK,19-07-2023,Standard,Online,38,14223.56,1,170682.72,July,Low Risk,1,12
6699,23,UAE,01-12-2023,Standard,Agent,169,8177.96,1,73601.64,December,High Risk,1,17
6702,39,USA,05-10-2023,Standard,Agent,20,12818.17,0,140999.87,October,Low Risk,2,8
6703,19,India,20-01-2023,Standard,Corporate,174,4738.49,1,9476.98,January,High Risk,1,8
6704,62,Germany,16-10-2023,Standard,Agent,73,10832.75,0,32498.25,October,Medium Risk,2,7
6710,37,USA,28-02-2023,Standard,Corporate,101,7914.94,1,63319.52,February,High Risk,1,13
6712,40,UK,14-04-2023,Standard,Corporate,62,11433.52,0,125768.72,April,Medium Risk,1,6
6714,28,UAE,04-10-2023,Standard,Online,179,12948.02,1,155376.24,October,High Risk,2,17
6718,28,Germany,01-12-2023,Standard,Online,91,6775.47,1,60979.23,December,Medium Risk,2,1
6721,33,India,22-05-2023,Standard,Corporate,8,11043.42,0,110434.2,May,Low Risk,2,9
6723,37,UAE,26-04-2023,Standard,Online,23,3767.73,0,33909.57,April,Low Risk,2,8
6727,64,USA,26-12-2023,Standard,Online,179,9682.24,1,19364.48,December,High Risk,2,17
6728,18,India,28-03-2023,Standard,Online,131,13487.65,1,121388.85,March,High Risk,2,5
6730,19,India,13-12-2023,Standard,Corporate,140,8263.53,1,8263.53,December,High Risk,1,12
6734,25,UK,08-12-2023,Standard,Online,109,5854.99,1,29274.95,December,High Risk,2,6
6738,50,India,04-09-2023,Standard,Online,35,2310.61,1,13863.66,September,Low Risk,1,20
6745,37,USA,21-04-2023,Standard,Corporate,66,11434.1,0,102906.9,April,Medium Risk,1,4
6748,26,UK,13-01-2023,Standard,Corporate,89,13402.89,1,40208.67,January,Medium Risk,1,12
6749,56,USA,20-09-2023,Standard,Online,158,7200.03,1,79200.33,September,High Risk,1,2
6751,68,India,23-01-2023,Standard,Agent,89,14180.06,0,85080.36,January,Medium Risk,1,14
6753,55,USA,30-08-2023,Standard,Agent,10,2359.82,0,23598.2,August,Low Risk,2,10
6754,44,Germany,27-08-2023,Standard,Online,79,14558.34,0,203816.76,August,Medium Risk,1,7
6756,60,USA,14-06-2023,Standard,Online,105,14107.02,1,141070.2,June,High Risk,1,6
6760,45,USA,14-06-2023,Standard,Online,53,8589.19,1,94481.09,June,Medium Risk,2,11
6761,69,USA,23-01-2023,Standard,Corporate,92,12328.25,0,49313,January,Medium Risk,1,17
6763,62,India,13-02-2023,Standard,Online,176,6795.82,1,27183.28,February,High Risk,1,18
6769,25,Germany,05-09-2023,Standard,Online,7,6437.86,1,83692.18,September,Low Risk,1,16
6773,68,UK,18-02-2023,Standard,Online,74,13201.98,1,79211.88,February,Medium Risk,2,3
6778,45,UAE,15-07-2023,Standard,Corporate,117,13656.27,1,13656.27,July,High Risk,2,15
6782,65,USA,22-10-2023,Standard,Agent,144,11260.49,1,78823.43,October,High Risk,2,11
6783,56,UK,13-12-2023,Standard,Online,122,11276.34,1,67658.04,December,High Risk,2,18
6787,48,UAE,23-01-2023,Standard,Agent,160,9184.13,1,36736.52,January,High Risk,2,20
6791,59,India,18-01-2023,Standard,Agent,143,13121.09,1,131210.9,January,High Risk,2,10
6796,60,UAE,26-05-2023,Standard,Agent,91,3743.93,1,3743.93,May,Medium Risk,1,11
6800,69,UK,12-05-2023,Standard,Agent,30,8191.73,1,40958.65,May,Low Risk,2,1
6812,28,Germany,20-11-2023,Standard,Corporate,122,14715.49,1,73577.45,November,High Risk,2,1
6814,21,Germany,27-02-2023,Standard,Corporate,152,6573.15,1,92024.1,February,High Risk,1,11
6818,55,India,05-04-2023,Standard,Corporate,131,11443.85,1,68663.1,April,High Risk,1,20
6819,63,India,04-01-2023,Standard,Online,158,9157.06,1,36628.24,January,High Risk,2,20
6820,29,USA,14-06-2023,Standard,Agent,119,12674.54,1,88721.78,June,High Risk,2,18
6821,60,USA,27-10-2023,Standard,Agent,95,14740.51,0,206367.14,October,Medium Risk,1,20
6826,33,India,31-07-2023,Standard,Online,86,2008.57,1,14059.99,July,Medium Risk,1,19
6828,42,USA,24-02-2023,Standard,Agent,46,11866.86,0,118668.6,February,Low Risk,1,6
6829,69,USA,02-12-2023,Standard,Agent,7,13622.14,1,27244.28,December,Low Risk,2,7
6834,24,Germany,30-01-2023,Standard,Online,21,6486.51,1,58378.59,January,Low Risk,2,5
6841,40,UAE,30-08-2023,Standard,Online,13,12709.76,1,76258.56,August,Low Risk,2,9
6842,67,USA,10-09-2023,Standard,Corporate,72,11107.98,1,44431.92,September,Medium Risk,1,20
6845,64,Germany,08-02-2023,Standard,Online,151,7950.88,1,15901.76,February,High Risk,2,15
6846,43,UAE,16-09-2023,Standard,Corporate,48,5723.89,0,40067.23,September,Low Risk,2,7
6851,53,UK,08-08-2023,Standard,Corporate,108,3613.29,1,39746.19,August,High Risk,1,10
6852,31,UAE,04-01-2023,Standard,Online,142,10312.24,1,134059.12,January,High Risk,1,5
6853,31,UK,16-12-2023,Standard,Online,42,3875.89,1,11627.67,December,Low Risk,1,10
6863,46,UAE,02-12-2023,Standard,Corporate,99,2005.17,1,16041.36,December,Medium Risk,2,20
6865,32,India,23-09-2023,Standard,Online,170,2355.28,1,32973.92,September,High Risk,1,19
6875,42,Germany,09-06-2023,Standard,Online,101,8560.27,1,85602.7,June,High Risk,1,10
6878,39,USA,06-05-2023,Standard,Online,45,7882.38,0,15764.76,May,Low Risk,1,12
6879,34,USA,31-03-2023,Standard,Online,5,8811.83,1,114553.79,March,Low Risk,2,9
6881,66,Germany,13-11-2023,Standard,Online,91,9036.59,0,72292.72,November,Medium Risk,2,1
6882,58,Germany,12-04-2023,Standard,Corporate,147,7923.58,1,95082.96,April,High Risk,1,12
6885,24,USA,02-04-2023,Standard,Online,64,14347.05,0,86082.3,April,Medium Risk,2,19
6888,55,UAE,29-12-2023,Standard,Corporate,158,4881.83,1,24409.15,December,High Risk,2,6
6889,44,UK,14-07-2023,Standard,Corporate,152,10952.54,1,21905.08,July,High Risk,2,6
6890,69,UAE,01-11-2023,Standard,Agent,45,8680.09,0,112841.17,November,Low Risk,1,19
6891,50,USA,25-01-2023,Standard,Corporate,179,6449.07,1,32245.35,January,High Risk,1,9
6897,21,UK,05-12-2023,Standard,Online,68,14458.72,0,57834.88,December,Medium Risk,2,1
6898,60,UK,30-10-2023,Standard,Online,119,5916.4,1,53247.6,October,High Risk,1,5
6905,26,Germany,16-03-2023,Standard,Online,124,11837.68,1,142052.16,March,High Risk,1,18
6907,25,USA,03-02-2023,Standard,Agent,75,9515.9,0,47579.5,February,Medium Risk,2,9
6908,41,Germany,21-05-2023,Standard,Corporate,72,12500.87,0,112507.83,May,Medium Risk,1,14
6910,53,UAE,19-08-2023,Standard,Corporate,40,8602.26,0,120431.64,August,Low Risk,2,13
6917,35,UK,25-04-2023,Standard,Corporate,179,7926.2,1,63409.6,April,High Risk,1,1
6922,64,UK,02-09-2023,Standard,Online,149,4465.74,1,8931.48,September,High Risk,2,1
6923,48,UAE,25-10-2023,Standard,Corporate,172,9399.9,1,122198.7,October,High Risk,1,16
6924,21,India,31-01-2023,Standard,Online,155,7322.85,1,29291.4,January,High Risk,1,16
6930,43,UAE,08-05-2023,Standard,Online,50,2995.45,1,17972.7,May,Low Risk,2,10
6934,21,India,27-06-2023,Standard,Corporate,152,7736.83,1,100578.79,June,High Risk,2,16
6940,61,India,24-09-2023,Standard,Corporate,174,13183.1,1,79098.6,September,High Risk,1,12
6948,43,UK,01-09-2023,Standard,Agent,149,10269.43,1,61616.58,September,High Risk,1,15
6950,43,USA,04-06-2023,Standard,Online,16,9864.61,1,118375.32,June,Low Risk,1,1
6954,61,India,14-02-2023,Standard,Agent,178,14377.75,1,43133.25,February,High Risk,2,8
6957,39,USA,19-02-2023,Standard,Online,130,14722.21,1,14722.21,February,High Risk,2,4
6959,54,UK,27-10-2023,Standard,Corporate,27,8200.88,0,41004.4,October,Low Risk,1,7
6964,59,USA,01-10-2023,Standard,Corporate,148,13764.02,1,178932.26,October,High Risk,2,12
6966,27,Germany,26-04-2023,Standard,Corporate,82,12437.24,1,49748.96,April,Medium Risk,1,14
6972,26,India,31-10-2023,Standard,Corporate,99,2520.91,1,2520.91,October,Medium Risk,1,4
6979,19,India,28-02-2023,Standard,Online,73,7019.19,0,49134.33,February,Medium Risk,2,3
6980,69,Germany,15-01-2023,Standard,Agent,9,12247.94,1,36743.82,January,Low Risk,1,15
6981,56,India,12-10-2023,Standard,Agent,20,9943.46,0,129264.98,October,Low Risk,2,17
6982,61,India,22-07-2023,Standard,Agent,126,7653.76,1,61230.08,July,High Risk,2,10
6983,35,UAE,25-08-2023,Standard,Corporate,55,14964.4,0,74822,August,Medium Risk,2,18
6984,20,UK,23-10-2023,Standard,Agent,56,13517.2,0,40551.6,October,Medium Risk,1,9
6987,35,India,02-08-2023,Standard,Corporate,60,12139.03,0,97112.24,August,Medium Risk,2,18
6989,55,UK,03-12-2023,Standard,Online,109,6288.06,1,56592.54,December,High Risk,2,14
6998,66,Germany,24-10-2023,Standard,Online,147,8924.35,1,98167.85,October,High Risk,2,7
7003,19,Germany,23-09-2023,Standard,Corporate,55,13247.65,0,105981.2,September,Medium Risk,1,10
7004,61,UAE,04-09-2023,Standard,Agent,40,8248.27,0,82482.7,September,Low Risk,2,4
7008,38,UAE,08-12-2023,Standard,Corporate,105,12687.92,1,88815.44,December,High Risk,1,7
7009,33,UAE,10-09-2023,Standard,Online,85,12025.04,0,108225.36,September,Medium Risk,2,13
7014,49,UAE,08-01-2023,Standard,Agent,105,2888.31,1,23106.48,January,High Risk,1,9
7015,45,UAE,17-04-2023,Standard,Corporate,145,6828.26,1,27313.04,April,High Risk,2,17
7020,39,Germany,17-10-2023,Standard,Corporate,43,10394.31,0,83154.48,October,Low Risk,1,12
7023,40,USA,19-07-2023,Standard,Agent,105,9206.02,1,73648.16,July,High Risk,1,13
7024,22,USA,22-01-2023,Standard,Agent,64,10179.81,1,30539.43,January,Medium Risk,2,14
7025,59,USA,07-08-2023,Standard,Corporate,64,13279.94,1,106239.52,August,Medium Risk,2,5
7026,49,USA,14-08-2023,Standard,Online,117,13983.78,1,111870.24,August,High Risk,1,10
7032,64,USA,06-10-2023,Standard,Corporate,66,7960.57,0,111447.98,October,Medium Risk,2,8
7034,36,India,14-01-2023,Standard,Online,75,10276.15,0,10276.15,January,Medium Risk,1,16
7037,46,India,21-05-2023,Standard,Agent,6,12978.53,0,77871.18,May,Low Risk,2,2
7038,32,UK,20-10-2023,Standard,Agent,14,4821.73,0,24108.65,October,Low Risk,1,15
7044,30,UAE,21-04-2023,Standard,Corporate,15,4276.29,1,4276.29,April,Low Risk,1,14
7045,46,USA,09-03-2023,Standard,Agent,0,9411.76,1,103529.36,March,Low Risk,1,7
7047,20,UAE,15-07-2023,Standard,Online,179,11324.56,1,90596.48,July,High Risk,2,1
7049,25,India,24-06-2023,Standard,Online,44,11553.39,1,34660.17,June,Low Risk,1,10
7050,37,Germany,19-09-2023,Standard,Online,141,14540.51,1,203567.14,September,High Risk,1,19
7051,64,India,13-10-2023,Standard,Corporate,161,9185.02,1,73480.16,October,High Risk,2,19
7052,21,India,04-06-2023,Standard,Online,158,9219.52,1,55317.12,June,High Risk,2,10
7053,68,USA,10-03-2023,Standard,Online,82,8221.84,0,24665.52,March,Medium Risk,2,10
7058,40,Germany,23-05-2023,Standard,Agent,65,2174.95,1,30449.3,May,Medium Risk,2,15
7065,30,Germany,11-10-2023,Standard,Agent,128,4404.36,1,48447.96,October,High Risk,1,4
7072,39,India,12-02-2023,Standard,Corporate,87,9339.62,0,56037.72,February,Medium Risk,1,18
7075,54,India,06-06-2023,Standard,Online,94,9439.25,1,75514,June,Medium Risk,1,16
7077,18,USA,14-05-2023,Standard,Online,144,9908.05,1,69356.35,May,High Risk,2,12
7079,60,UAE,24-08-2023,Standard,Online,170,10971.07,1,10971.07,August,High Risk,2,2
7089,43,India,12-11-2023,Standard,Online,131,4066.44,1,24398.64,November,High Risk,2,3
7094,53,UK,25-12-2023,Standard,Agent,26,10901.59,0,43606.36,December,Low Risk,2,14
7097,23,India,23-12-2023,Standard,Online,44,10391.9,0,20783.8,December,Low Risk,1,15
7102,35,UAE,01-11-2023,Standard,Online,46,9979.29,0,39917.16,November,Low Risk,1,3
7103,30,UAE,10-12-2023,Standard,Online,132,13083.58,1,91585.06,December,High Risk,2,19
7104,60,UK,27-02-2023,Standard,Corporate,4,13818.21,1,179636.73,February,Low Risk,1,17
7105,31,UAE,01-04-2023,Standard,Corporate,175,2742.17,1,38390.38,April,High Risk,2,20
7107,35,UK,16-12-2023,Standard,Agent,72,12095.16,0,169332.24,December,Medium Risk,2,16
7114,57,USA,23-01-2023,Standard,Corporate,95,12295.59,1,49182.36,January,Medium Risk,2,1
7118,50,UAE,13-04-2023,Standard,Corporate,147,14802.59,1,74012.95,April,High Risk,2,5
7123,20,Germany,24-12-2023,Standard,Online,81,13211.37,0,52845.48,December,Medium Risk,2,19
7124,43,UK,27-02-2023,Standard,Online,12,12534.54,0,25069.08,February,Low Risk,1,16
7125,25,UAE,09-01-2023,Standard,Online,164,11810.91,1,47243.64,January,High Risk,1,7
7127,33,USA,11-05-2023,Standard,Online,91,11970.53,0,131675.83,May,Medium Risk,2,11
7128,41,USA,10-08-2023,Standard,Online,177,8299.44,1,16598.88,August,High Risk,2,19
7129,65,UAE,25-11-2023,Standard,Corporate,19,7258.83,0,101623.62,November,Low Risk,2,13
7130,56,UK,02-06-2023,Standard,Agent,47,14542.17,1,145421.7,June,Low Risk,1,8
7131,47,UK,12-03-2023,Standard,Corporate,99,3906.71,0,31253.68,March,Medium Risk,1,12
7132,62,Germany,11-12-2023,Standard,Corporate,18,13241.35,0,132413.5,December,Low Risk,1,14
7134,22,USA,22-03-2023,Standard,Agent,16,8713.37,0,113273.81,March,Low Risk,1,14
7139,35,Germany,17-04-2023,Standard,Corporate,69,11812.31,1,70873.86,April,Medium Risk,2,18
7143,67,UK,27-05-2023,Standard,Online,80,2537.88,1,25378.8,May,Medium Risk,1,12
7144,64,India,30-06-2023,Standard,Online,129,13832.68,1,55330.72,June,High Risk,1,4
7145,29,India,02-12-2023,Standard,Corporate,163,14018.41,1,84110.46,December,High Risk,1,13
7147,30,UK,14-10-2023,Standard,Online,126,14644.61,1,87867.66,October,High Risk,1,9
7148,67,Germany,22-02-2023,Standard,Corporate,26,7795.39,0,46772.34,February,Low Risk,2,10
7150,28,USA,17-10-2023,Standard,Online,147,6733.01,1,80796.12,October,High Risk,1,15
7152,52,Germany,07-07-2023,Standard,Corporate,92,12335.27,1,123352.7,July,Medium Risk,2,4
7153,56,USA,06-01-2023,Standard,Corporate,71,13515.55,0,121639.95,January,Medium Risk,2,16
7154,43,USA,10-10-2023,Standard,Corporate,113,4116.51,1,24699.06,October,High Risk,1,2
7155,63,UAE,20-09-2023,Standard,Corporate,90,9201.75,1,110421,September,Medium Risk,1,18
7156,31,UK,18-02-2023,Standard,Corporate,25,12810.26,0,140912.86,February,Low Risk,2,3
7157,62,India,18-12-2023,Standard,Online,102,8000.09,1,104001.17,December,High Risk,2,13
7158,61,Germany,19-07-2023,Standard,Online,61,12248.76,0,85741.32,July,Medium Risk,2,7
7162,68,India,01-09-2023,Standard,Agent,147,7418.7,1,74187,September,High Risk,1,18
7170,45,UK,15-09-2023,Standard,Corporate,87,14668.27,0,14668.27,September,Medium Risk,1,18
7173,45,UK,27-01-2023,Standard,Corporate,65,6828.56,1,13657.12,January,Medium Risk,1,2
7177,43,UAE,06-07-2023,Standard,Corporate,164,10984.38,1,32953.14,July,High Risk,1,11
7179,51,USA,01-05-2023,Standard,Corporate,141,13606.54,1,81639.24,May,High Risk,2,11
7181,57,UK,14-06-2023,Standard,Online,72,10984.65,1,142800.45,June,Medium Risk,1,16
7183,55,Germany,10-06-2023,Standard,Agent,42,9202.91,0,55217.46,June,Low Risk,1,6
7188,45,Germany,20-09-2023,Standard,Corporate,157,7829.58,1,7829.58,September,High Risk,2,19
7189,65,UAE,25-03-2023,Standard,Corporate,160,5795.93,1,57959.3,March,High Risk,1,7
7191,62,India,20-06-2023,Standard,Online,177,14537.81,1,72689.05,June,High Risk,1,15
7193,25,USA,05-11-2023,Standard,Corporate,170,11014,1,121154,November,High Risk,1,11
7194,61,India,14-01-2023,Standard,Online,39,14328.94,0,143289.4,January,Low Risk,1,9
7197,43,USA,26-02-2023,Standard,Corporate,93,9584.8,0,76678.4,February,Medium Risk,2,11
7200,42,UK,13-12-2023,Standard,Agent,76,11639.93,0,139679.16,December,Medium Risk,1,19
7201,58,UK,13-05-2023,Standard,Corporate,8,4889.34,1,44004.06,May,Low Risk,2,11
7203,23,UAE,12-04-2023,Standard,Corporate,63,5929.97,1,29649.85,April,Medium Risk,1,6
7206,40,Germany,08-05-2023,Standard,Agent,94,13179.71,1,171336.23,May,Medium Risk,2,4
7208,60,Germany,01-02-2023,Standard,Online,93,12343.68,0,135780.48,February,Medium Risk,2,9
7210,49,India,19-09-2023,Standard,Online,173,10162.42,1,71136.94,September,High Risk,1,10
7212,30,Germany,01-09-2023,Standard,Online,69,6247.35,0,24989.4,September,Medium Risk,1,6
7215,40,Germany,20-09-2023,Standard,Agent,94,11577.96,0,162091.44,September,Medium Risk,1,6
7216,32,Germany,03-12-2023,Standard,Agent,162,6398.84,1,51190.72,December,High Risk,2,6
7219,56,Germany,26-03-2023,Standard,Corporate,62,7620.25,0,106683.5,March,Medium Risk,1,20
7221,44,UAE,14-02-2023,Standard,Corporate,5,12649.42,0,139143.62,February,Low Risk,1,15
7223,61,Germany,29-11-2023,Standard,Corporate,89,11503.5,0,46014,November,Medium Risk,2,17
7224,35,UK,19-07-2023,Standard,Online,100,6606.11,0,85879.43,July,Medium Risk,1,3
7226,68,USA,25-11-2023,Standard,Online,103,11266.4,1,33799.2,November,High Risk,2,5
7230,59,UAE,09-07-2023,Standard,Corporate,19,9605.94,0,115271.28,July,Low Risk,1,19
7233,65,Germany,25-12-2023,Standard,Online,35,5115.94,0,61391.28,December,Low Risk,2,9
7234,37,India,28-07-2023,Standard,Online,91,8281.79,1,82817.9,July,Medium Risk,1,11
7235,44,USA,26-12-2023,Standard,Corporate,8,12049.81,1,144597.72,December,Low Risk,2,13
7236,23,UK,27-07-2023,Standard,Corporate,43,4995.08,1,54945.88,July,Low Risk,2,14
7237,44,India,10-08-2023,Standard,Online,74,14519.27,0,159711.97,August,Medium Risk,1,3
7239,62,USA,12-06-2023,Standard,Corporate,29,2184.69,1,28400.97,June,Low Risk,1,8
7240,48,USA,31-12-2023,Standard,Corporate,114,12114.92,1,133264.12,December,High Risk,2,11
7241,38,UAE,13-03-2023,Standard,Online,65,14069.24,1,154761.64,March,Medium Risk,2,13
7242,43,Germany,28-08-2023,Standard,Online,37,5206.35,1,10412.7,August,Low Risk,1,4
7243,57,UK,07-05-2023,Standard,Online,37,4015.73,0,32125.84,May,Low Risk,2,19
7244,65,Germany,26-03-2023,Standard,Online,160,4911.07,1,29466.42,March,High Risk,1,13
7245,62,UK,15-01-2023,Standard,Online,54,10162.24,1,111784.64,January,Medium Risk,1,16
7248,40,USA,10-10-2023,Standard,Corporate,84,2100.54,1,27307.02,October,Medium Risk,1,10
7250,54,India,15-03-2023,Standard,Agent,141,5162.09,1,30972.54,March,High Risk,2,18
7257,67,USA,07-12-2023,Standard,Agent,95,10756.36,0,43025.44,December,Medium Risk,1,5
7260,28,UAE,20-07-2023,Standard,Corporate,102,12369.28,1,173169.92,July,High Risk,1,13
7262,23,UK,13-10-2023,Standard,Agent,59,9866.35,1,9866.35,October,Medium Risk,2,7
7263,62,UAE,09-08-2023,Standard,Agent,21,4353.09,1,4353.09,August,Low Risk,1,16
7264,28,USA,11-06-2023,Standard,Agent,88,12013.46,1,12013.46,June,Medium Risk,2,15
7265,31,UK,02-07-2023,Standard,Online,105,10460.83,1,10460.83,July,High Risk,2,1
7269,52,India,30-04-2023,Standard,Corporate,48,9173.74,1,45868.7,April,Low Risk,1,19
7270,50,UAE,07-08-2023,Standard,Online,16,14531.97,0,29063.94,August,Low Risk,2,15
7271,41,Germany,09-06-2023,Standard,Online,126,12192.51,1,48770.04,June,High Risk,2,5
7272,36,UK,27-10-2023,Standard,Agent,154,13257.48,1,119317.32,October,High Risk,1,12
7277,62,USA,12-11-2023,Standard,Corporate,105,14816.63,1,59266.52,November,High Risk,1,4
7280,53,UK,18-02-2023,Standard,Corporate,150,8484.43,1,33937.72,February,High Risk,1,5
7282,62,UK,17-04-2023,Standard,Corporate,9,2061.47,0,16491.76,April,Low Risk,2,16
7283,66,UK,08-01-2023,Standard,Corporate,58,5191.36,1,72679.04,January,Medium Risk,1,3
7286,42,UK,30-08-2023,Standard,Online,156,5797.74,1,11595.48,August,High Risk,1,14
7289,46,Germany,02-09-2023,Standard,Agent,78,2390.23,0,4780.46,September,Medium Risk,2,12
7290,36,USA,23-04-2023,Standard,Online,159,10992.22,1,98929.98,April,High Risk,2,12
7297,18,India,07-11-2023,Standard,Agent,29,10536.8,1,31610.4,November,Low Risk,1,7
7298,59,UAE,15-07-2023,Standard,Corporate,158,13171.57,1,92200.99,July,High Risk,2,8
7307,42,UK,02-06-2023,Standard,Agent,42,8565.97,1,119923.58,June,Low Risk,1,7
7309,23,India,28-12-2023,Standard,Corporate,37,9875.65,0,128383.45,December,Low Risk,2,8
7314,65,USA,20-04-2023,Standard,Online,54,13877.35,1,166528.2,April,Medium Risk,2,2
7318,59,UK,09-11-2023,Standard,Agent,129,7846.6,1,86312.6,November,High Risk,2,18
7321,69,UK,27-01-2023,Standard,Agent,48,7021.89,1,84262.68,January,Low Risk,1,6
7326,48,Germany,13-01-2023,Standard,Agent,170,14268.98,1,14268.98,January,High Risk,1,13
7341,22,Germany,22-07-2023,Standard,Online,170,3815.88,1,22895.28,July,High Risk,1,3
7344,35,Germany,15-07-2023,Standard,Corporate,102,14657.01,1,117256.08,July,High Risk,1,2
7345,64,USA,18-11-2023,Standard,Online,7,7054.56,1,7054.56,November,Low Risk,2,6
7348,30,Germany,09-01-2023,Standard,Online,150,3784.99,1,11354.97,January,High Risk,2,2
7349,21,UK,20-01-2023,Standard,Corporate,92,8734.91,0,52409.46,January,Medium Risk,2,19
7355,25,UAE,13-05-2023,Standard,Online,102,3457.56,1,17287.8,May,High Risk,2,12
7357,65,Germany,25-07-2023,Standard,Online,19,12935.38,1,12935.38,July,Low Risk,2,1
7358,63,USA,21-08-2023,Standard,Agent,114,3948.94,1,55285.16,August,High Risk,2,2
7359,26,UAE,23-02-2023,Standard,Corporate,11,12922.21,1,129222.1,February,Low Risk,1,14
7361,28,India,18-10-2023,Standard,Agent,121,3833.56,1,30668.48,October,High Risk,1,19
7368,29,UK,14-10-2023,Standard,Online,17,2018.66,0,22205.26,October,Low Risk,1,11
7369,54,Germany,29-12-2023,Standard,Online,28,8875.71,0,97632.81,December,Low Risk,2,19
7373,24,UAE,10-06-2023,Standard,Agent,119,4213.01,1,25278.06,June,High Risk,1,4
7375,40,USA,10-09-2023,Standard,Agent,147,12936.86,1,64684.3,September,High Risk,2,19
7376,56,Germany,29-04-2023,Standard,Corporate,54,14838.94,0,59355.76,April,Medium Risk,1,11
7378,56,UK,04-05-2023,Standard,Agent,87,2767.23,0,22137.84,May,Medium Risk,2,15
7382,31,UK,11-10-2023,Standard,Corporate,49,9475.8,0,123185.4,October,Low Risk,1,17
7383,43,Germany,05-02-2023,Standard,Online,26,5390.65,0,5390.65,February,Low Risk,1,9
7387,42,UK,26-04-2023,Standard,Online,129,9300.46,1,18600.92,April,High Risk,2,19
7394,19,UAE,02-05-2023,Standard,Corporate,62,11356.3,1,90850.4,May,Medium Risk,1,13
7397,56,USA,16-10-2023,Standard,Online,78,7459.98,1,74599.8,October,Medium Risk,1,4
7400,23,UK,24-07-2023,Standard,Agent,148,10498.46,1,136479.98,July,High Risk,1,10
7401,20,UK,14-12-2023,Standard,Corporate,115,12272.51,1,122725.1,December,High Risk,2,14
7402,52,UAE,20-02-2023,Standard,Agent,119,14136.86,1,14136.86,February,High Risk,2,9
7406,22,USA,06-08-2023,Standard,Corporate,0,6459.47,0,64594.7,August,Low Risk,2,9
7409,36,Germany,02-07-2023,Standard,Online,25,14682.36,0,29364.72,July,Low Risk,2,1
7411,33,USA,13-06-2023,Standard,Corporate,0,7340.72,1,95429.36,June,Low Risk,2,8
7417,61,India,06-02-2023,Standard,Online,148,11037.4,1,121411.4,February,High Risk,2,20
7419,31,Germany,09-05-2023,Standard,Agent,85,10769.28,0,64615.68,May,Medium Risk,2,14
7425,47,India,15-04-2023,Standard,Agent,103,10332.23,1,20664.46,April,High Risk,2,5
7426,36,Germany,17-08-2023,Standard,Corporate,34,2237.25,0,26847,August,Low Risk,2,16
7432,68,USA,30-10-2023,Standard,Agent,13,13061.11,0,78366.66,October,Low Risk,2,10
7438,36,Germany,17-10-2023,Standard,Online,46,5477.49,0,5477.49,October,Low Risk,1,7
7444,44,USA,27-07-2023,Standard,Online,35,5036.81,0,5036.81,July,Low Risk,2,5
7452,40,India,08-04-2023,Standard,Corporate,152,3584.91,1,7169.82,April,High Risk,2,17
7454,46,Germany,11-04-2023,Standard,Online,96,3008.09,0,6016.18,April,Medium Risk,1,11
7458,41,Germany,11-01-2023,Standard,Online,146,3156.43,1,6312.86,January,High Risk,2,2
7459,28,India,28-02-2023,Standard,Corporate,27,11346.46,1,68078.76,February,Low Risk,2,14
7465,28,UAE,06-03-2023,Standard,Corporate,105,11581.14,1,138973.68,March,High Risk,2,11
7468,68,India,05-05-2023,Standard,Online,157,14700.07,1,88200.42,May,High Risk,1,18
7472,56,Germany,27-12-2023,Standard,Online,82,12726.78,0,63633.9,December,Medium Risk,1,4
7481,26,Germany,05-08-2023,Standard,Agent,140,4945.53,1,14836.59,August,High Risk,1,4
7491,24,UAE,21-06-2023,Standard,Agent,45,6435.31,1,32176.55,June,Low Risk,2,16
7493,18,USA,13-11-2023,Standard,Online,112,5456.38,1,70932.94,November,High Risk,2,14
7500,58,USA,27-11-2023,Standard,Online,20,7298.5,1,80283.5,November,Low Risk,2,3
7504,67,India,14-10-2023,Standard,Agent,1,9392.89,1,18785.78,October,Low Risk,2,9
7505,53,India,01-02-2023,Standard,Online,130,3232.91,1,35562.01,February,High Risk,2,9
7510,65,UAE,16-01-2023,Standard,Corporate,124,11226.83,1,78587.81,January,High Risk,2,4
7512,65,India,08-09-2023,Standard,Online,37,11630.63,0,23261.26,September,Low Risk,1,14
7514,20,India,14-11-2023,Standard,Online,165,6178.13,1,30890.65,November,High Risk,1,14
7521,48,India,24-03-2023,Standard,Corporate,77,11286.78,1,124154.58,March,Medium Risk,2,19
7524,41,UAE,19-04-2023,Standard,Agent,87,7654.82,0,91857.84,April,Medium Risk,1,1
7530,67,USA,18-05-2023,Standard,Online,9,8320.77,0,16641.54,May,Low Risk,1,5
7532,32,India,12-03-2023,Standard,Online,64,12852.36,0,77114.16,March,Medium Risk,2,8
7538,25,UK,12-01-2023,Standard,Agent,111,14648.72,1,102541.04,January,High Risk,1,20
7547,49,UAE,11-06-2023,Standard,Corporate,154,12783.14,1,153397.68,June,High Risk,1,20
7551,66,Germany,20-02-2023,Standard,Agent,94,14156.93,0,113255.44,February,Medium Risk,2,4
7558,46,India,17-09-2023,Standard,Agent,44,2375.45,0,2375.45,September,Low Risk,1,20
7559,51,India,09-05-2023,Standard,Agent,172,14544.01,1,159984.11,May,High Risk,1,20
7561,24,USA,06-12-2023,Standard,Agent,20,7380.21,0,36901.05,December,Low Risk,1,8
7562,46,USA,22-11-2023,Standard,Online,148,7439.5,1,96713.5,November,High Risk,1,18
7566,31,India,26-01-2023,Standard,Online,89,3559.64,1,17798.2,January,Medium Risk,1,6
7568,44,UAE,10-01-2023,Standard,Online,44,8393.03,0,58751.21,January,Low Risk,2,1
7570,34,India,13-09-2023,Standard,Agent,81,9427,0,28281,September,Medium Risk,1,1
7574,47,USA,10-12-2023,Standard,Corporate,106,9786.3,1,127221.9,December,High Risk,2,20
7579,52,UAE,19-03-2023,Standard,Online,137,12275.19,1,24550.38,March,High Risk,1,9
7581,33,USA,10-12-2023,Standard,Corporate,148,3825.51,1,7651.02,December,High Risk,2,12
7582,67,India,29-09-2023,Standard,Online,5,2842.58,0,8527.74,September,Low Risk,1,14
7584,60,India,07-02-2023,Standard,Agent,124,5243.21,1,36702.47,February,High Risk,2,20
7585,34,UK,21-04-2023,Standard,Online,115,3839.3,1,11517.9,April,High Risk,1,12
7587,19,USA,19-03-2023,Standard,Agent,69,11086.91,1,33260.73,March,Medium Risk,1,7
7590,56,USA,02-10-2023,Standard,Corporate,39,6570.92,0,26283.68,October,Low Risk,1,17
7591,51,USA,16-07-2023,Standard,Corporate,85,12072.12,1,120721.2,July,Medium Risk,1,3
7593,23,USA,04-03-2023,Standard,Online,8,2303.75,1,2303.75,March,Low Risk,2,14
7595,56,UK,01-02-2023,Standard,Online,31,14559.92,0,116479.36,February,Low Risk,2,15
7599,37,UAE,13-07-2023,Standard,Online,176,12088.08,1,72528.48,July,High Risk,1,6
7602,58,UK,09-12-2023,Standard,Agent,140,12678.11,1,177493.54,December,High Risk,1,11
7603,54,UAE,14-10-2023,Standard,Corporate,85,10644.92,0,21289.84,October,Medium Risk,2,17
7604,57,USA,28-10-2023,Standard,Agent,40,4804.67,0,33632.69,October,Low Risk,1,9
7606,22,UAE,09-06-2023,Standard,Online,108,9264.85,1,92648.5,June,High Risk,2,10
7608,19,UAE,14-10-2023,Standard,Online,172,10144.05,1,142016.7,October,High Risk,2,16
7610,60,Germany,19-05-2023,Standard,Online,120,11470.65,1,57353.25,May,High Risk,1,14
7616,46,Germany,19-11-2023,Standard,Agent,116,6218.81,1,24875.24,November,High Risk,2,20
7622,18,USA,25-05-2023,Standard,Online,116,7002.38,1,14004.76,May,High Risk,1,15
7627,21,Germany,18-09-2023,Standard,Online,155,4416.77,1,17667.08,September,High Risk,2,6
7638,33,Germany,28-01-2023,Standard,Online,109,5796.76,1,81154.64,January,High Risk,2,17
7639,51,India,29-12-2023,Standard,Online,130,8935.33,1,17870.66,December,High Risk,1,14
7644,66,UK,14-10-2023,Standard,Agent,136,3786.52,1,41651.72,October,High Risk,1,17
7649,54,Germany,15-08-2023,Standard,Agent,118,9420.18,1,18840.36,August,High Risk,2,17
7650,60,India,27-01-2023,Standard,Online,97,9668.32,0,96683.2,January,Medium Risk,2,2
7653,34,USA,30-03-2023,Standard,Corporate,169,13897.78,1,41693.34,March,High Risk,1,4
7658,47,USA,20-12-2023,Standard,Online,4,12930.16,0,142231.76,December,Low Risk,1,18
7661,20,USA,03-07-2023,Standard,Corporate,61,2844.02,0,8532.06,July,Medium Risk,2,4
7664,59,India,24-01-2023,Standard,Online,27,6222.4,0,68446.4,January,Low Risk,1,7
7666,57,UK,03-02-2023,Standard,Agent,60,5732.17,0,17196.51,February,Medium Risk,1,17
7668,39,UAE,09-12-2023,Standard,Agent,92,3467.17,1,38138.87,December,Medium Risk,1,9
7670,21,UAE,30-01-2023,Standard,Corporate,162,9305.88,1,74447.04,January,High Risk,1,20
7671,63,India,18-02-2023,Standard,Agent,61,11158.15,0,55790.75,February,Medium Risk,2,12
7673,69,USA,14-08-2023,Standard,Corporate,4,8637.2,0,95009.2,August,Low Risk,2,9
7677,38,Germany,07-09-2023,Standard,Corporate,108,13479.84,1,107838.72,September,High Risk,2,15
7679,31,Germany,30-12-2023,Standard,Agent,79,11549.75,0,34649.25,December,Medium Risk,1,19
7684,68,UAE,31-08-2023,Standard,Online,4,2945.39,0,32399.29,August,Low Risk,2,7
7686,23,India,13-11-2023,Standard,Corporate,85,3659.94,0,32939.46,November,Medium Risk,1,18
7692,18,USA,26-01-2023,Standard,Corporate,31,12217.8,0,158831.4,January,Low Risk,1,18
7693,66,USA,04-11-2023,Standard,Agent,82,4602.09,0,55225.08,November,Medium Risk,2,15
7697,24,India,21-09-2023,Standard,Online,15,13612.95,0,176968.35,September,Low Risk,1,12
7698,36,UAE,17-01-2023,Standard,Agent,5,5099.36,1,71391.04,January,Low Risk,1,5
7701,47,UAE,25-07-2023,Standard,Corporate,109,6314.01,1,88396.14,July,High Risk,2,6
7708,58,India,14-06-2023,Standard,Online,12,13893.01,1,138930.1,June,Low Risk,1,20
7710,51,USA,24-12-2023,Standard,Agent,56,9766.8,1,107434.8,December,Medium Risk,1,7
7719,40,India,09-05-2023,Standard,Corporate,93,2312.2,1,11561,May,Medium Risk,2,1
7721,32,India,16-06-2023,Standard,Corporate,22,7602.18,0,91226.16,June,Low Risk,2,19
7722,63,UK,16-01-2023,Standard,Agent,47,13835.77,1,110686.16,January,Low Risk,1,18
7724,20,USA,22-04-2023,Standard,Agent,16,12755.34,1,12755.34,April,Low Risk,1,3
7726,61,UAE,23-03-2023,Standard,Agent,61,7811.77,0,39058.85,March,Medium Risk,2,13
7727,51,UK,09-04-2023,Standard,Corporate,124,6390.25,1,19170.75,April,High Risk,1,4
7735,54,UAE,17-12-2023,Standard,Online,111,2918.88,1,20432.16,December,High Risk,2,19
7736,18,UK,30-11-2023,Standard,Agent,98,10387.69,0,62326.14,November,Medium Risk,2,5
7737,68,UAE,06-09-2023,Standard,Agent,135,8311.44,1,83114.4,September,High Risk,1,1
7740,38,USA,04-08-2023,Standard,Corporate,142,3871.28,1,19356.4,August,High Risk,2,1
7743,57,UK,23-03-2023,Standard,Corporate,102,11109.9,1,11109.9,March,High Risk,1,6
7746,45,India,08-12-2023,Standard,Corporate,135,10982.09,1,21964.18,December,High Risk,2,7
7749,27,Germany,14-12-2023,Standard,Agent,49,4582.41,0,54988.92,December,Low Risk,1,12
7750,60,India,15-06-2023,Standard,Corporate,139,10102.28,1,10102.28,June,High Risk,2,4
7752,40,Germany,26-05-2023,Standard,Corporate,90,7187.5,0,35937.5,May,Medium Risk,2,5
7753,24,Germany,19-03-2023,Standard,Agent,81,13875.56,1,41626.68,March,Medium Risk,2,12
7754,61,India,22-04-2023,Standard,Online,18,11582.06,0,138984.72,April,Low Risk,2,4
7755,24,Germany,23-01-2023,Standard,Online,122,8614.06,1,103368.72,January,High Risk,1,17
7756,61,UK,26-04-2023,Standard,Agent,132,7427.52,1,66847.68,April,High Risk,1,11
7761,21,India,26-10-2023,Standard,Online,107,6647.73,1,93068.22,October,High Risk,2,15
7765,24,Germany,04-05-2023,Standard,Agent,166,2179.81,1,30517.34,May,High Risk,2,20
7766,49,UAE,31-12-2023,Standard,Online,72,5832.45,0,11664.9,December,Medium Risk,1,10
7776,49,USA,22-11-2023,Standard,Corporate,96,9848.39,1,88635.51,November,Medium Risk,1,1
7779,18,India,28-12-2023,Standard,Online,79,12327.64,0,36982.92,December,Medium Risk,2,6
7780,64,India,10-02-2023,Standard,Agent,114,5167.47,1,62009.64,February,High Risk,1,10
7783,35,India,22-05-2023,Standard,Agent,95,13351.73,0,173572.49,May,Medium Risk,1,17
7784,23,UAE,10-12-2023,Standard,Online,33,3278.44,0,19670.64,December,Low Risk,1,6
7785,62,Germany,13-04-2023,Standard,Agent,112,13753.23,1,110025.84,April,High Risk,2,8
7789,43,UAE,05-03-2023,Standard,Online,156,5195.54,1,41564.32,March,High Risk,1,16
7794,44,UAE,20-10-2023,Standard,Online,75,6570.12,1,32850.6,October,Medium Risk,1,1
7795,43,UAE,07-11-2023,Standard,Online,81,7755.95,0,62047.6,November,Medium Risk,1,2
7798,53,UK,14-03-2023,Standard,Agent,118,12485.75,1,49943,March,High Risk,2,12
7802,19,UK,16-02-2023,Standard,Corporate,42,10432.61,0,10432.61,February,Low Risk,1,15
7803,50,UK,09-06-2023,Standard,Corporate,24,8596.27,0,77366.43,June,Low Risk,2,11
7804,33,USA,11-10-2023,Standard,Agent,93,3152.67,0,9458.01,October,Medium Risk,2,3
7806,55,UK,14-10-2023,Standard,Online,16,4019.95,0,40199.5,October,Low Risk,2,20
7810,43,India,28-03-2023,Standard,Agent,9,7726.85,0,69541.65,March,Low Risk,2,20
7812,32,Germany,11-04-2023,Standard,Agent,140,2873.37,1,34480.44,April,High Risk,2,14
7814,40,USA,16-10-2023,Standard,Online,27,14227.94,1,128051.46,October,Low Risk,1,5
7819,58,India,18-09-2023,Standard,Corporate,54,5096.32,0,25481.6,September,Medium Risk,1,7
7820,40,UK,01-05-2023,Standard,Online,4,13571.69,0,13571.69,May,Low Risk,2,3
7821,24,USA,30-09-2023,Standard,Online,68,7091.53,0,56732.24,September,Medium Risk,1,18
7827,24,USA,04-10-2023,Standard,Corporate,165,3577.37,1,46505.81,October,High Risk,2,11
7831,69,Germany,21-01-2023,Standard,Online,24,7434.4,0,7434.4,January,Low Risk,1,2
7835,27,UAE,08-06-2023,Standard,Corporate,178,6901.83,1,34509.15,June,High Risk,2,10
7836,24,USA,06-11-2023,Standard,Corporate,142,5179.01,1,51790.1,November,High Risk,1,16
7839,47,USA,07-03-2023,Standard,Corporate,148,12076.37,1,84534.59,March,High Risk,2,4
7840,53,India,20-09-2023,Standard,Corporate,88,3994.46,0,27961.22,September,Medium Risk,1,12
7841,38,UAE,16-06-2023,Standard,Corporate,85,9703.39,0,58220.34,June,Medium Risk,1,11
7843,50,Germany,03-06-2023,Standard,Online,130,13205.64,1,184878.96,June,High Risk,1,4
7845,68,UAE,25-07-2023,Standard,Agent,72,10821.05,0,54105.25,July,Medium Risk,1,8
7849,29,Germany,13-07-2023,Standard,Agent,104,2719.84,1,10879.36,July,High Risk,2,16
7850,33,USA,02-01-2023,Standard,Agent,87,11114.25,0,55571.25,January,Medium Risk,1,12
7851,58,UK,03-08-2023,Standard,Corporate,7,9545,0,95450,August,Low Risk,2,15
7852,49,Germany,24-06-2023,Standard,Agent,133,3968.69,1,35718.21,June,High Risk,2,1
7853,32,Germany,16-03-2023,Standard,Agent,8,4768.57,0,66759.98,March,Low Risk,2,7
7855,45,USA,07-05-2023,Standard,Agent,63,11521.33,0,138255.96,May,Medium Risk,1,3
7864,32,Germany,22-01-2023,Standard,Corporate,93,11881.93,1,83173.51,January,Medium Risk,2,3
7872,42,Germany,16-10-2023,Standard,Corporate,22,8011.35,0,72102.15,October,Low Risk,2,7
7879,41,India,11-05-2023,Standard,Corporate,27,6847.48,1,20542.44,May,Low Risk,1,8
7881,63,USA,21-11-2023,Standard,Corporate,71,6496.47,0,64964.7,November,Medium Risk,2,17
7882,50,UK,20-02-2023,Standard,Corporate,40,5374.47,0,75242.58,February,Low Risk,2,20
7885,54,Germany,08-10-2023,Standard,Corporate,86,6454.78,0,19364.34,October,Medium Risk,1,1
7887,49,Germany,03-03-2023,Standard,Agent,71,4665.26,0,60648.38,March,Medium Risk,2,20
7890,21,UAE,13-10-2023,Standard,Agent,13,3447.76,1,10343.28,October,Low Risk,2,9
7891,34,Germany,24-10-2023,Standard,Agent,99,9071.82,1,117933.66,October,Medium Risk,1,1
7892,34,UK,27-04-2023,Standard,Corporate,168,2170.13,1,19531.17,April,High Risk,1,1
7894,65,UAE,07-03-2023,Standard,Agent,90,8815.41,0,61707.87,March,Medium Risk,2,7
7895,47,USA,01-03-2023,Standard,Agent,83,2477.96,0,14867.76,March,Medium Risk,1,11
7900,35,India,29-04-2023,Standard,Online,78,9018.54,1,54111.24,April,Medium Risk,1,19
7901,46,Germany,10-03-2023,Standard,Corporate,53,11530.28,0,115302.8,March,Medium Risk,2,6
7904,62,India,09-08-2023,Standard,Online,119,5688.61,1,5688.61,August,High Risk,1,18
7906,35,UK,14-06-2023,Standard,Online,166,5359.61,1,42876.88,June,High Risk,1,1
7908,65,UAE,06-10-2023,Standard,Corporate,66,11056.65,1,44226.6,October,Medium Risk,1,8
7909,37,USA,04-03-2023,Standard,Agent,14,14812.78,0,162940.58,March,Low Risk,1,15
7910,54,USA,19-09-2023,Standard,Online,131,7536.18,1,7536.18,September,High Risk,2,2
7921,37,India,07-02-2023,Standard,Agent,131,14643.86,1,146438.6,February,High Risk,1,13
7925,26,UAE,22-02-2023,Standard,Online,163,12908.79,1,25817.58,February,High Risk,1,20
7931,54,India,13-09-2023,Standard,Online,128,10381.26,1,145337.64,September,High Risk,1,4
7933,43,Germany,22-05-2023,Standard,Online,18,3272.65,1,39271.8,May,Low Risk,1,12
7937,43,Germany,15-05-2023,Standard,Online,131,7586.19,1,98620.47,May,High Risk,2,12
7940,45,USA,20-09-2023,Standard,Online,48,5689.56,1,28447.8,September,Low Risk,2,5
7941,66,Germany,30-04-2023,Standard,Online,116,4906.79,1,34347.53,April,High Risk,1,20
7945,19,UAE,28-10-2023,Standard,Corporate,73,9020.09,1,126281.26,October,Medium Risk,2,18
7946,50,UAE,19-12-2023,Standard,Corporate,5,2234.07,1,2234.07,December,Low Risk,2,18
7948,36,UK,13-06-2023,Standard,Online,112,11980.49,1,119804.9,June,High Risk,2,4
7954,20,UK,24-03-2023,Standard,Agent,54,12986.59,0,155839.08,March,Medium Risk,1,9
7956,66,Germany,19-04-2023,Standard,Online,56,10494.84,1,125938.08,April,Medium Risk,1,19
7973,33,India,19-06-2023,Standard,Corporate,65,6663.06,0,73293.66,June,Medium Risk,1,2
7977,45,UK,18-05-2023,Standard,Corporate,147,3572.97,1,21437.82,May,High Risk,1,1
7981,33,UAE,13-11-2023,Standard,Corporate,99,2668.1,0,24012.9,November,Medium Risk,1,1
7983,58,India,16-05-2023,Standard,Agent,128,4700.44,1,28202.64,May,High Risk,1,9
7985,60,India,09-05-2023,Standard,Corporate,176,7782.52,1,101172.76,May,High Risk,1,19
7992,62,India,16-02-2023,Standard,Online,34,9630.93,0,38523.72,February,Low Risk,2,2
7995,69,UAE,11-01-2023,Standard,Agent,7,2811.1,0,39355.4,January,Low Risk,1,13
7997,43,UAE,23-05-2023,Standard,Corporate,150,8785.01,1,52710.06,May,High Risk,1,14
8003,66,UK,13-09-2023,Standard,Agent,37,3376.8,0,13507.2,September,Low Risk,1,1
8007,50,UAE,26-07-2023,Standard,Online,23,7277.08,1,50939.56,July,Low Risk,2,20
8011,51,Germany,17-01-2023,Standard,Corporate,93,7064,0,28256,January,Medium Risk,2,11
8012,61,USA,11-08-2023,Standard,Agent,92,3431.39,0,34313.9,August,Medium Risk,1,10
8015,45,Germany,09-04-2023,Standard,Online,172,8215.19,1,57506.33,April,High Risk,2,1
8016,65,India,13-01-2023,Standard,Agent,15,12445.56,1,49782.24,January,Low Risk,2,13
8017,53,India,15-11-2023,Standard,Agent,118,7115.33,1,71153.3,November,High Risk,2,4
8018,57,USA,27-09-2023,Standard,Agent,107,10058.65,1,80469.2,September,High Risk,2,8
8023,32,India,08-10-2023,Standard,Online,29,8219,0,8219,October,Low Risk,1,18
8025,40,Germany,22-10-2023,Standard,Agent,55,6328.12,1,44296.84,October,Medium Risk,1,3
8027,65,USA,03-03-2023,Standard,Online,31,8227.74,0,82277.4,March,Low Risk,2,8
8032,20,Germany,11-05-2023,Standard,Corporate,151,5220.16,1,26100.8,May,High Risk,2,15
8038,33,UK,04-08-2023,Standard,Online,51,13477.32,0,40431.96,August,Medium Risk,1,2
8039,36,India,15-03-2023,Standard,Online,161,12490.05,1,62450.25,March,High Risk,1,15
8041,61,USA,24-02-2023,Standard,Corporate,56,2802.16,0,14010.8,February,Medium Risk,2,4
8042,63,UAE,12-01-2023,Standard,Agent,32,12544.72,0,87813.04,January,Low Risk,2,3
8044,30,UK,01-02-2023,Standard,Online,151,14390.53,1,201467.42,February,High Risk,1,8
8047,35,UK,02-10-2023,Standard,Online,67,8003.64,0,64029.12,October,Medium Risk,1,8
8050,47,Germany,16-11-2023,Standard,Agent,173,14687.77,1,73438.85,November,High Risk,1,19
8051,68,UK,13-09-2023,Standard,Agent,32,7359.17,0,88310.04,September,Low Risk,1,12
8054,49,USA,15-07-2023,Standard,Agent,21,13468.5,0,188559,July,Low Risk,2,3
8058,37,India,30-03-2023,Standard,Agent,168,12693.18,1,63465.9,March,High Risk,2,2
8059,44,Germany,09-10-2023,Standard,Corporate,172,3128.39,1,21898.73,October,High Risk,2,6
8063,24,UK,15-12-2023,Standard,Agent,136,4316.73,1,38850.57,December,High Risk,1,18
8064,22,Germany,17-06-2023,Standard,Corporate,162,8175.09,1,89925.99,June,High Risk,2,9
8065,28,Germany,29-04-2023,Standard,Online,17,9176.6,1,36706.4,April,Low Risk,1,8
8066,32,USA,21-03-2023,Standard,Corporate,126,13581.45,1,54325.8,March,High Risk,1,1
8067,20,Germany,21-04-2023,Standard,Corporate,139,8846.48,1,53078.88,April,High Risk,1,9
8068,22,UK,14-06-2023,Standard,Agent,118,3715,1,22290,June,High Risk,2,15
8074,46,UAE,06-01-2023,Standard,Corporate,75,5259.3,0,42074.4,January,Medium Risk,1,13
8078,38,USA,29-10-2023,Standard,Online,32,9748.92,0,87740.28,October,Low Risk,1,13
8083,25,UAE,28-11-2023,Standard,Corporate,35,10301.18,1,51505.9,November,Low Risk,2,15
8084,59,India,15-07-2023,Standard,Online,54,10564.05,1,105640.5,July,Medium Risk,1,14
8086,52,UAE,20-11-2023,Standard,Online,177,6163.85,1,73966.2,November,High Risk,1,4
8087,31,USA,12-05-2023,Standard,Corporate,70,7397.83,1,44386.98,May,Medium Risk,1,2
8098,34,UK,22-06-2023,Standard,Corporate,120,13639.67,1,40919.01,June,High Risk,1,13
8103,29,UAE,26-01-2023,Standard,Online,158,9414.45,1,112973.4,January,High Risk,2,17
8107,30,India,28-05-2023,Standard,Agent,179,8686.82,1,8686.82,May,High Risk,2,17
8111,39,India,12-03-2023,Standard,Online,127,5404.38,1,16213.14,March,High Risk,2,12
8112,21,UAE,06-02-2023,Standard,Online,39,12604.47,0,37813.41,February,Low Risk,2,9
8123,68,UK,31-08-2023,Standard,Agent,86,13694.71,1,54778.84,August,Medium Risk,1,6
8124,28,Germany,19-10-2023,Standard,Online,142,14711.85,1,14711.85,October,High Risk,2,1
8137,46,USA,17-05-2023,Standard,Agent,91,10858,0,43432,May,Medium Risk,2,18
8141,65,Germany,18-08-2023,Standard,Online,6,12192.89,1,146314.68,August,Low Risk,2,7
8147,67,India,20-02-2023,Standard,Online,98,3308.81,0,36396.91,February,Medium Risk,1,9
8148,47,USA,24-02-2023,Standard,Online,100,6042.01,0,12084.02,February,Medium Risk,1,10
8151,41,USA,02-06-2023,Standard,Online,86,12726.46,1,139991.06,June,Medium Risk,2,10
8157,55,UK,26-09-2023,Standard,Agent,51,10939.05,0,54695.25,September,Medium Risk,1,16
8162,27,Germany,24-02-2023,Standard,Corporate,112,7988,1,111832,February,High Risk,2,14
8168,41,Germany,19-12-2023,Standard,Online,89,13569.44,1,27138.88,December,Medium Risk,2,9
8169,68,UAE,02-10-2023,Standard,Corporate,29,10147.41,1,101474.1,October,Low Risk,2,1
8172,38,Germany,02-03-2023,Standard,Online,62,5988.27,0,23953.08,March,Medium Risk,2,13
8175,56,UAE,03-08-2023,Standard,Online,115,3607.46,1,46896.98,August,High Risk,1,13
8177,50,UK,19-05-2023,Standard,Online,87,10430.11,1,93870.99,May,Medium Risk,1,11
8179,45,UAE,03-02-2023,Standard,Corporate,122,7854.79,1,7854.79,February,High Risk,2,2
8180,69,India,12-07-2023,Standard,Corporate,38,8324.43,1,91568.73,July,Low Risk,2,2
8183,65,UK,28-03-2023,Standard,Corporate,106,4476.84,1,35814.72,March,High Risk,2,15
8185,44,UK,22-03-2023,Standard,Online,105,12322.95,1,73937.7,March,High Risk,1,18
8197,69,UAE,07-02-2023,Standard,Online,138,14167.46,1,113339.68,February,High Risk,2,1
8199,40,Germany,02-10-2023,Standard,Online,164,8777.29,1,26331.87,October,High Risk,1,12
8201,48,India,14-12-2023,Standard,Agent,97,7652.94,0,99488.22,December,Medium Risk,1,8
8205,38,UK,16-12-2023,Standard,Corporate,136,7307.66,1,65768.94,December,High Risk,1,14
8207,35,UAE,22-05-2023,Standard,Agent,102,12719.15,1,101753.2,May,High Risk,1,3
8209,50,Germany,08-11-2023,Standard,Agent,161,11660.96,1,69965.76,November,High Risk,2,11
8211,51,Germany,06-11-2023,Standard,Online,99,9581.48,1,38325.92,November,Medium Risk,1,12
8214,68,Germany,10-06-2023,Standard,Corporate,58,7661.85,1,15323.7,June,Medium Risk,2,6
8220,47,UAE,27-12-2023,Standard,Agent,56,3387.63,1,27101.04,December,Medium Risk,1,18
8231,64,UK,25-03-2023,Standard,Online,153,3420.25,1,23941.75,March,High Risk,2,2
8234,42,Germany,31-01-2023,Standard,Corporate,21,12753.2,1,89272.4,January,Low Risk,2,15
8235,21,USA,21-12-2023,Standard,Corporate,135,13982.55,1,167790.6,December,High Risk,1,15
8236,59,UAE,20-07-2023,Standard,Agent,108,4802.67,1,48026.7,July,High Risk,1,6
8240,47,UK,16-01-2023,Standard,Corporate,12,13093.51,1,170215.63,January,Low Risk,1,1
8241,36,UAE,16-01-2023,Standard,Online,86,8792.41,1,123093.74,January,Medium Risk,2,1
8242,40,Germany,24-06-2023,Standard,Corporate,123,9361.1,1,18722.2,June,High Risk,2,11
8243,33,UAE,08-11-2023,Standard,Corporate,76,5359.56,1,58955.16,November,Medium Risk,2,8
8245,29,UK,19-03-2023,Standard,Online,23,12303.02,0,49212.08,March,Low Risk,1,6
8250,65,India,12-07-2023,Standard,Corporate,165,4626.83,1,50895.13,July,High Risk,1,4
8253,47,USA,24-09-2023,Standard,Corporate,18,13977.96,1,41933.88,September,Low Risk,2,15
8255,36,UAE,22-07-2023,Standard,Corporate,115,2138.3,1,29936.2,July,High Risk,2,11
8256,46,USA,18-11-2023,Standard,Online,35,12921.99,0,167985.87,November,Low Risk,2,16
8263,61,UK,10-04-2023,Standard,Online,8,8329.37,1,8329.37,April,Low Risk,1,13
8266,30,USA,25-01-2023,Standard,Online,2,13371.95,1,187207.3,January,Low Risk,2,8
8270,19,UAE,18-07-2023,Standard,Corporate,99,4009.41,0,48112.92,July,Medium Risk,2,2
8271,54,USA,06-10-2023,Standard,Corporate,137,4820.84,1,57850.08,October,High Risk,2,14
8273,43,UK,01-12-2023,Standard,Online,52,5635.51,0,78897.14,December,Medium Risk,1,9
8274,43,India,20-03-2023,Standard,Online,171,10232.02,1,10232.02,March,High Risk,2,14
8280,26,Germany,10-01-2023,Standard,Agent,19,9206.91,0,110482.92,January,Low Risk,1,10
8281,49,USA,16-02-2023,Standard,Online,99,2875.37,1,34504.44,February,Medium Risk,1,14
8285,22,UAE,14-08-2023,Standard,Online,7,5765.63,0,23062.52,August,Low Risk,1,9
8288,69,UK,14-12-2023,Standard,Agent,50,4523.41,1,22617.05,December,Low Risk,1,7
8292,67,USA,04-02-2023,Standard,Agent,136,13904.27,1,69521.35,February,High Risk,2,8
8293,32,Germany,24-06-2023,Standard,Corporate,162,14230.08,1,142300.8,June,High Risk,1,17
8296,57,USA,26-02-2023,Standard,Online,79,14219.44,0,113755.52,February,Medium Risk,2,9
8297,45,UK,12-07-2023,Standard,Agent,155,12561.56,1,138177.16,July,High Risk,1,13
8303,38,Germany,24-04-2023,Standard,Corporate,38,6183.46,0,43284.22,April,Low Risk,2,10
8307,28,India,18-11-2023,Standard,Agent,118,9946.74,1,139254.36,November,High Risk,1,6
8308,61,India,26-01-2023,Standard,Agent,21,11181.54,1,78270.78,January,Low Risk,1,8
8310,54,India,09-11-2023,Standard,Online,75,6931.53,1,62383.77,November,Medium Risk,2,1
8312,46,UAE,13-10-2023,Standard,Corporate,126,14040.82,1,112326.56,October,High Risk,2,16
8314,65,UK,19-05-2023,Standard,Online,48,4205.68,0,42056.8,May,Low Risk,1,12
8317,66,UAE,04-08-2023,Standard,Online,75,5820.43,1,5820.43,August,Medium Risk,1,6
8320,57,USA,26-04-2023,Standard,Corporate,133,13555.21,1,121996.89,April,High Risk,2,10
8322,40,UAE,18-10-2023,Standard,Online,135,8154.07,1,8154.07,October,High Risk,2,10
8323,33,USA,08-02-2023,Standard,Online,147,8392.81,1,8392.81,February,High Risk,1,12
8326,57,India,12-02-2023,Standard,Corporate,78,3870.45,0,38704.5,February,Medium Risk,2,15
8331,61,India,26-01-2023,Standard,Agent,121,5940.35,1,71284.2,January,High Risk,2,5
8333,43,UK,30-05-2023,Standard,Agent,17,12196.61,1,121966.1,May,Low Risk,1,8
8334,54,India,13-05-2023,Standard,Corporate,6,10512.62,0,21025.24,May,Low Risk,2,7
8338,26,USA,04-03-2023,Standard,Online,107,5268.54,1,26342.7,March,High Risk,2,2
8343,52,UAE,01-03-2023,Standard,Online,117,5627.48,1,61902.28,March,High Risk,2,8
8349,56,USA,09-11-2023,Standard,Corporate,76,9415.59,1,65909.13,November,Medium Risk,1,3
8355,59,Germany,01-09-2023,Standard,Agent,36,9130.9,0,36523.6,September,Low Risk,1,9
8363,68,India,29-09-2023,Standard,Online,104,2032.16,1,22353.76,September,High Risk,1,2
8367,55,USA,19-05-2023,Standard,Agent,103,14435.77,1,115486.16,May,High Risk,1,8
8368,32,UK,08-07-2023,Standard,Corporate,15,4328.6,0,8657.2,July,Low Risk,1,6
8370,46,UAE,09-09-2023,Standard,Corporate,28,12209.27,0,73255.62,September,Low Risk,2,20
8371,36,UK,30-05-2023,Standard,Corporate,7,11556.5,0,127121.5,May,Low Risk,2,1
8372,68,UK,07-12-2023,Standard,Corporate,99,6409.28,1,44864.96,December,Medium Risk,2,18
8373,27,Germany,07-08-2023,Standard,Agent,122,11149.56,1,156093.84,August,High Risk,2,14
8374,29,Germany,23-03-2023,Standard,Corporate,51,8148.66,0,81486.6,March,Medium Risk,1,10
8375,21,Germany,09-07-2023,Standard,Online,90,3978.56,0,31828.48,July,Medium Risk,1,5
8377,35,USA,25-06-2023,Standard,Corporate,153,2338.38,1,16368.66,June,High Risk,2,10
8380,53,UK,04-03-2023,Standard,Online,91,14597.63,1,87585.78,March,Medium Risk,1,19
8381,42,UAE,25-08-2023,Standard,Online,72,3736.26,0,14945.04,August,Medium Risk,2,11
8383,29,UAE,01-08-2023,Standard,Corporate,25,4359.48,1,26156.88,August,Low Risk,2,15
8386,54,UAE,26-02-2023,Standard,Online,85,3482.02,1,6964.04,February,Medium Risk,2,5
8392,51,UAE,27-08-2023,Standard,Agent,150,2899.92,1,31899.12,August,High Risk,1,19
8395,21,UAE,25-07-2023,Standard,Agent,5,4397.47,1,52769.64,July,Low Risk,1,11
8397,58,UAE,11-01-2023,Standard,Online,19,4247.66,1,55219.58,January,Low Risk,2,15
8399,67,India,16-02-2023,Standard,Corporate,39,3783.34,0,45400.08,February,Low Risk,2,15
8403,33,UK,08-06-2023,Standard,Corporate,70,9106.75,0,63747.25,June,Medium Risk,2,12
8406,22,UAE,15-05-2023,Standard,Online,89,12824.8,0,153897.6,May,Medium Risk,1,4
8409,18,UK,29-11-2023,Standard,Corporate,78,14474.83,1,86848.98,November,Medium Risk,2,5
8411,49,UAE,01-02-2023,Standard,Agent,18,14833.81,1,178005.72,February,Low Risk,1,14
8416,41,UK,06-09-2023,Standard,Online,17,14437.36,1,101061.52,September,Low Risk,2,5
8420,56,UAE,16-07-2023,Standard,Online,21,8039.63,1,64317.04,July,Low Risk,2,14
8424,40,USA,11-02-2023,Standard,Corporate,140,5019.92,1,20079.68,February,High Risk,2,2
8429,21,India,27-05-2023,Standard,Corporate,27,4187.08,0,20935.4,May,Low Risk,1,7
8430,24,India,25-04-2023,Standard,Online,30,11394.13,0,102547.17,April,Low Risk,1,3
8431,40,India,18-07-2023,Standard,Agent,51,12572.01,1,12572.01,July,Medium Risk,2,13
8433,66,UAE,02-06-2023,Standard,Agent,90,7523.99,1,82763.89,June,Medium Risk,1,12
8434,41,Germany,28-09-2023,Standard,Online,7,11275.42,1,157855.88,September,Low Risk,2,7
8436,48,India,24-03-2023,Standard,Corporate,85,14496.34,0,86978.04,March,Medium Risk,2,1
8438,48,India,11-01-2023,Standard,Corporate,119,13106.52,1,170384.76,January,High Risk,2,9
8444,51,UAE,07-01-2023,Standard,Agent,52,8676.43,1,95440.73,January,Medium Risk,2,4
8447,43,UAE,13-09-2023,Standard,Corporate,91,12924.5,0,38773.5,September,Medium Risk,1,4
8450,30,India,24-04-2023,Standard,Online,11,8354.5,1,108608.5,April,Low Risk,1,10
8461,66,UK,25-12-2023,Standard,Agent,173,6463.37,1,77560.44,December,High Risk,1,13
8462,39,USA,26-12-2023,Standard,Corporate,30,8514.33,1,17028.66,December,Low Risk,1,3
8463,67,UAE,05-02-2023,Standard,Corporate,138,11014.99,1,11014.99,February,High Risk,2,8
8466,29,USA,20-05-2023,Standard,Corporate,15,7075.04,0,99050.56,May,Low Risk,1,19
8469,48,UK,25-11-2023,Standard,Corporate,43,14331.17,0,85987.02,November,Low Risk,2,2
8472,40,USA,11-08-2023,Standard,Agent,153,7064.96,1,91844.48,August,High Risk,1,1
8473,37,USA,22-03-2023,Standard,Corporate,148,3176.29,1,22234.03,March,High Risk,2,1
8476,45,UK,13-10-2023,Standard,Agent,99,14383.21,1,43149.63,October,Medium Risk,2,16
8477,33,India,27-05-2023,Standard,Agent,138,10418.62,1,31255.86,May,High Risk,2,20
8481,34,UK,25-02-2023,Standard,Online,24,2417.81,1,31431.53,February,Low Risk,2,13
8482,67,UAE,22-06-2023,Standard,Online,114,13568.15,1,40704.45,June,High Risk,1,19
8485,36,Germany,11-12-2023,Standard,Online,16,7282.91,1,36414.55,December,Low Risk,1,16
8486,47,India,05-09-2023,Standard,Agent,84,10688.35,1,53441.75,September,Medium Risk,2,10
8488,35,UK,23-09-2023,Standard,Online,110,5021.45,1,25107.25,September,High Risk,1,11
8490,53,Germany,23-11-2023,Standard,Online,75,10153.47,1,30460.41,November,Medium Risk,2,8
8493,69,UK,06-04-2023,Standard,Online,87,14988.39,0,44965.17,April,Medium Risk,2,3
8499,21,USA,28-01-2023,Standard,Corporate,54,8947.58,1,71580.64,January,Medium Risk,2,9
8500,51,USA,02-04-2023,Standard,Online,91,12605.3,0,75631.8,April,Medium Risk,1,19
8502,22,India,08-06-2023,Standard,Online,112,7641.76,1,106984.64,June,High Risk,2,3
8503,27,USA,16-08-2023,Standard,Online,7,8152.54,0,48915.24,August,Low Risk,1,11
8505,59,India,06-02-2023,Standard,Corporate,68,4301.53,1,60221.42,February,Medium Risk,2,12
8506,58,India,05-05-2023,Standard,Corporate,42,8511.81,0,85118.1,May,Low Risk,2,6
8512,55,USA,09-07-2023,Standard,Corporate,132,10708.17,1,32124.51,July,High Risk,2,3
8513,44,India,26-05-2023,Standard,Corporate,18,8908.72,1,35634.88,May,Low Risk,1,12
8517,18,India,05-04-2023,Standard,Corporate,13,12511.7,1,87581.9,April,Low Risk,2,1
8522,38,USA,28-06-2023,Standard,Corporate,107,7501.96,1,97525.48,June,High Risk,2,16
8523,47,USA,21-11-2023,Standard,Online,109,5555.27,1,66663.24,November,High Risk,1,15
8528,22,UK,22-08-2023,Standard,Corporate,163,9048.49,1,99533.39,August,High Risk,1,7
8531,57,UAE,28-09-2023,Standard,Agent,111,14587.71,1,145877.1,September,High Risk,1,13
8534,36,UK,04-02-2023,Standard,Agent,43,7387.53,1,66487.77,February,Low Risk,1,9
8542,60,USA,05-05-2023,Standard,Agent,130,6611.19,1,6611.19,May,High Risk,1,6
8543,66,Germany,27-01-2023,Standard,Corporate,64,13362.62,0,146988.82,January,Medium Risk,1,1
8555,63,UAE,26-03-2023,Standard,Agent,116,10632.77,1,127593.24,March,High Risk,2,10
8559,55,USA,24-01-2023,Standard,Online,164,12828.69,1,25657.38,January,High Risk,2,15
8561,45,UAE,06-02-2023,Standard,Corporate,9,13956.43,0,55825.72,February,Low Risk,1,8
8564,35,UK,12-01-2023,Standard,Online,63,11232.19,0,112321.9,January,Medium Risk,1,20
8566,23,UAE,31-01-2023,Standard,Online,67,10766.03,0,10766.03,January,Medium Risk,2,8
8567,46,Germany,16-12-2023,Standard,Agent,17,3857.16,1,27000.12,December,Low Risk,2,16
8569,50,UK,06-12-2023,Standard,Corporate,109,11728.96,1,117289.6,December,High Risk,2,18
8570,18,USA,24-11-2023,Standard,Corporate,177,3780.75,1,22684.5,November,High Risk,1,18
8571,62,Germany,27-10-2023,Standard,Agent,89,2725.84,1,5451.68,October,Medium Risk,2,7
8572,20,UAE,13-10-2023,Standard,Agent,19,5312.37,0,10624.74,October,Low Risk,2,8
8573,59,India,04-02-2023,Standard,Agent,120,3179.77,1,9539.31,February,High Risk,1,14
8574,38,UAE,21-01-2023,Standard,Online,61,3931.01,0,31448.08,January,Medium Risk,1,5
8579,42,UK,12-01-2023,Standard,Agent,95,5778.58,0,69342.96,January,Medium Risk,1,15
8580,62,Germany,01-09-2023,Standard,Corporate,64,6037.21,0,60372.1,September,Medium Risk,1,17
8581,55,Germany,26-05-2023,Standard,Agent,66,14576.18,0,160337.98,May,Medium Risk,2,2
8582,62,USA,27-08-2023,Standard,Corporate,57,12466.98,1,174537.72,August,Medium Risk,2,6
8585,61,Germany,19-11-2023,Standard,Corporate,99,3492.3,0,24446.1,November,Medium Risk,1,10
8586,62,UK,25-04-2023,Standard,Corporate,170,12979.04,1,181706.56,April,High Risk,2,6
8587,51,Germany,15-01-2023,Standard,Corporate,135,2051.86,1,4103.72,January,High Risk,1,7
8588,38,UAE,29-09-2023,Standard,Corporate,102,3878.25,1,3878.25,September,High Risk,2,2
8593,30,India,27-11-2023,Standard,Corporate,153,3279.36,1,9838.08,November,High Risk,1,14
8594,66,Germany,19-09-2023,Standard,Agent,168,11940.89,1,11940.89,September,High Risk,2,17
8595,40,USA,28-03-2023,Standard,Online,79,9494.78,1,94947.8,March,Medium Risk,1,19
8598,19,UK,18-08-2023,Standard,Agent,74,5106.52,0,71491.28,August,Medium Risk,2,18
8605,26,UK,22-09-2023,Standard,Online,121,8782.64,1,52695.84,September,High Risk,2,2
8607,44,USA,26-08-2023,Standard,Corporate,148,12944.39,1,51777.56,August,High Risk,1,10
8614,56,USA,28-10-2023,Standard,Online,127,11372.54,1,102352.86,October,High Risk,2,19
8617,34,India,20-12-2023,Standard,Online,2,3106.7,1,12426.8,December,Low Risk,1,13
8618,56,India,14-09-2023,Standard,Corporate,146,4939.09,1,29634.54,September,High Risk,1,18
8619,53,UAE,01-08-2023,Standard,Agent,170,13969.77,1,41909.31,August,High Risk,2,9
8624,42,USA,16-10-2023,Standard,Agent,97,10949.75,1,76648.25,October,Medium Risk,2,4
8626,47,USA,30-01-2023,Standard,Online,132,5488.11,1,16464.33,January,High Risk,1,3
8627,29,Germany,26-05-2023,Standard,Corporate,172,5410,1,70330,May,High Risk,2,4
8632,21,UK,27-06-2023,Standard,Corporate,132,13381.77,1,120435.93,June,High Risk,1,10
8633,68,Germany,11-12-2023,Standard,Online,145,9414.37,1,9414.37,December,High Risk,2,8
8634,41,Germany,27-08-2023,Standard,Corporate,34,4495.17,0,53942.04,August,Low Risk,1,11
8636,22,UK,20-04-2023,Standard,Corporate,79,8951.67,1,98468.37,April,Medium Risk,1,17
8640,29,India,05-03-2023,Standard,Corporate,8,2162,1,30268,March,Low Risk,2,15
8643,47,UAE,19-09-2023,Standard,Agent,90,6844.07,0,47908.49,September,Medium Risk,1,11
8644,41,UAE,17-01-2023,Standard,Corporate,149,9172.69,1,45863.45,January,High Risk,1,14
8646,52,India,22-08-2023,Standard,Online,68,9441.67,0,18883.34,August,Medium Risk,2,14
8648,34,USA,23-12-2023,Standard,Agent,130,11799.56,1,82596.92,December,High Risk,2,18
8649,18,UK,01-04-2023,Standard,Online,142,10899.14,1,130789.68,April,High Risk,2,16
8653,32,India,15-07-2023,Standard,Online,167,5128.3,1,51283,July,High Risk,1,5
8657,39,Germany,17-05-2023,Standard,Online,161,12457.06,1,49828.24,May,High Risk,1,14
8660,62,USA,12-02-2023,Standard,Corporate,66,5459.26,1,32755.56,February,Medium Risk,2,3
8669,64,Germany,02-07-2023,Standard,Corporate,144,13506.21,1,94543.47,July,High Risk,1,16
8670,49,India,19-09-2023,Standard,Corporate,29,7402.24,1,81424.64,September,Low Risk,2,6
8673,35,UK,05-07-2023,Standard,Agent,18,12629.14,1,12629.14,July,Low Risk,2,12
8674,65,UK,27-04-2023,Standard,Corporate,36,5331.03,1,15993.09,April,Low Risk,1,11
8680,56,USA,05-02-2023,Standard,Corporate,120,14815.24,1,74076.2,February,High Risk,2,3
8681,66,Germany,22-11-2023,Standard,Online,154,6371.87,1,70090.57,November,High Risk,2,1
8682,46,Germany,05-04-2023,Standard,Online,179,5513.17,1,66158.04,April,High Risk,2,7
8691,55,UAE,08-10-2023,Standard,Agent,110,9314.25,1,55885.5,October,High Risk,2,6
8694,63,India,26-08-2023,Standard,Online,131,14188.06,1,156068.66,August,High Risk,2,5
8698,35,UK,23-08-2023,Standard,Online,99,14865.06,1,74325.3,August,Medium Risk,1,16
8699,22,UK,03-01-2023,Standard,Online,78,13851.62,0,124664.58,January,Medium Risk,2,6
8703,21,India,27-09-2023,Standard,Corporate,153,11471.2,1,149125.6,September,High Risk,2,5
8708,29,UAE,05-03-2023,Standard,Agent,164,13927.88,1,125350.92,March,High Risk,1,2
8710,60,Germany,16-01-2023,Standard,Online,26,2118.92,0,10594.6,January,Low Risk,1,16
8714,40,India,03-04-2023,Standard,Agent,98,7027.32,0,7027.32,April,Medium Risk,2,3
8716,37,India,25-10-2023,Standard,Agent,164,9363.13,1,46815.65,October,High Risk,1,19
8717,55,UAE,17-01-2023,Standard,Corporate,139,11488.54,1,80419.78,January,High Risk,1,20
8721,42,UK,04-04-2023,Standard,Corporate,6,10627.81,0,31883.43,April,Low Risk,1,11
8728,61,Germany,11-02-2023,Standard,Corporate,173,11311.7,1,158363.8,February,High Risk,2,12
8730,59,USA,05-06-2023,Standard,Online,118,5201.48,1,20805.92,June,High Risk,1,10
8732,29,USA,24-01-2023,Standard,Agent,62,14946.43,0,149464.3,January,Medium Risk,2,5
8737,32,UAE,09-02-2023,Standard,Online,68,4752.68,1,47526.8,February,Medium Risk,2,11
8738,47,UK,03-03-2023,Standard,Corporate,123,11625.53,1,11625.53,March,High Risk,2,6
8739,61,USA,26-08-2023,Standard,Corporate,3,9262.95,1,129681.3,August,Low Risk,2,11
8742,24,UAE,20-05-2023,Standard,Online,156,5446.51,1,16339.53,May,High Risk,1,1
8744,48,USA,08-07-2023,Standard,Agent,153,7577.18,1,90926.16,July,High Risk,2,4
8747,51,India,25-09-2023,Standard,Corporate,77,5726.11,0,28630.55,September,Medium Risk,1,3
8749,67,USA,14-05-2023,Standard,Agent,171,10725.1,1,139426.3,May,High Risk,1,4
8752,68,India,25-08-2023,Standard,Corporate,159,13697.73,1,178070.49,August,High Risk,2,12
8753,51,Germany,02-12-2023,Standard,Online,50,6231.97,1,74783.64,December,Low Risk,1,11
8757,23,India,17-08-2023,Standard,Agent,75,14829.42,0,177953.04,August,Medium Risk,1,16
8765,39,Germany,24-08-2023,Standard,Agent,14,14140.13,0,70700.65,August,Low Risk,2,12
8769,29,UK,06-10-2023,Standard,Corporate,116,11481.62,1,149261.06,October,High Risk,2,10
8770,46,USA,25-08-2023,Standard,Online,135,7410.67,1,51874.69,August,High Risk,1,6
8771,65,UAE,02-10-2023,Standard,Agent,2,6572.92,0,85447.96,October,Low Risk,2,9
8775,19,India,29-12-2023,Standard,Agent,14,10622.8,0,21245.6,December,Low Risk,1,2
8780,34,UAE,05-03-2023,Standard,Agent,6,14288.96,1,185756.48,March,Low Risk,2,17
8781,69,UK,03-03-2023,Standard,Online,91,4508.43,0,58609.59,March,Medium Risk,2,10
8785,49,Germany,17-01-2023,Standard,Agent,165,6548.64,1,78583.68,January,High Risk,1,20
8787,26,UAE,08-04-2023,Standard,Agent,35,6452.71,0,6452.71,April,Low Risk,2,14
8792,41,UK,27-09-2023,Standard,Agent,50,4560.52,0,27363.12,September,Low Risk,1,14
8797,20,UAE,15-12-2023,Standard,Corporate,83,11861.67,0,118616.7,December,Medium Risk,2,17
8802,52,Germany,18-02-2023,Standard,Corporate,20,5308.24,1,63698.88,February,Low Risk,1,8
8811,30,India,11-10-2023,Standard,Agent,66,9215.23,1,129013.22,October,Medium Risk,1,20
8817,66,USA,01-11-2023,Standard,Agent,53,10341.52,1,72390.64,November,Medium Risk,2,3
8818,52,India,19-05-2023,Standard,Corporate,11,14497.91,0,57991.64,May,Low Risk,2,3
8819,34,Germany,04-02-2023,Standard,Online,64,11815.27,0,82706.89,February,Medium Risk,2,17
8820,58,India,23-08-2023,Standard,Online,66,8758.74,1,52552.44,August,Medium Risk,1,20
8821,19,USA,26-11-2023,Standard,Corporate,148,14981.02,1,164791.22,November,High Risk,2,12
8830,64,USA,06-11-2023,Standard,Corporate,151,3352.9,1,26823.2,November,High Risk,2,14
8837,37,Germany,21-03-2023,Standard,Online,177,10840.19,1,43360.76,March,High Risk,2,10
8838,56,Germany,21-06-2023,Standard,Online,150,3655.67,1,40212.37,June,High Risk,2,13
8839,56,UAE,15-09-2023,Standard,Agent,36,8352.6,1,41763,September,Low Risk,1,18
8841,58,USA,09-08-2023,Standard,Agent,79,3929.34,1,51081.42,August,Medium Risk,1,10
8842,62,UK,15-02-2023,Standard,Online,70,14569.37,0,116554.96,February,Medium Risk,1,19
8845,27,India,23-11-2023,Standard,Corporate,168,4308.51,1,25851.06,November,High Risk,1,7
8846,50,Germany,09-08-2023,Standard,Corporate,34,8107.31,0,56751.17,August,Low Risk,1,14
8848,33,India,09-01-2023,Standard,Corporate,0,7436.21,1,104106.94,January,Low Risk,1,17
8852,22,India,26-11-2023,Standard,Online,131,2946.49,1,35357.88,November,High Risk,1,9
8853,43,USA,25-11-2023,Standard,Agent,0,12555.29,0,125552.9,November,Low Risk,1,9
8854,28,Germany,12-01-2023,Standard,Online,148,13720.27,1,54881.08,January,High Risk,2,11
8856,27,UAE,05-12-2023,Standard,Online,91,9112.29,1,100235.19,December,Medium Risk,2,11
8859,51,UK,31-10-2023,Standard,Corporate,124,12015.22,1,24030.44,October,High Risk,2,18
8861,25,India,27-06-2023,Standard,Online,98,11779.16,0,153129.08,June,Medium Risk,2,5
8867,19,India,21-08-2023,Standard,Agent,86,5867.8,0,29339,August,Medium Risk,2,7
8869,58,Germany,22-09-2023,Standard,Online,22,2690.76,1,32289.12,September,Low Risk,1,16
8871,37,USA,12-11-2023,Standard,Agent,84,5595.93,1,72747.09,November,Medium Risk,1,7
8872,51,Germany,16-04-2023,Standard,Corporate,174,9167.69,1,27503.07,April,High Risk,2,6
8873,67,Germany,06-05-2023,Standard,Online,4,5181.03,0,5181.03,May,Low Risk,1,7
8874,33,India,02-12-2023,Standard,Online,76,3721.58,1,44658.96,December,Medium Risk,2,18
8877,24,USA,13-09-2023,Standard,Agent,2,8831.2,0,26493.6,September,Low Risk,1,12
8878,56,UK,25-04-2023,Standard,Corporate,45,2475.4,0,27229.4,April,Low Risk,2,20
8879,34,India,26-10-2023,Standard,Agent,38,6027.54,0,12055.08,October,Low Risk,1,19
8885,63,Germany,05-08-2023,Standard,Corporate,174,6446.57,1,38679.42,August,High Risk,2,16
8886,23,UK,15-11-2023,Standard,Corporate,176,7208.27,1,21624.81,November,High Risk,2,7
8890,37,USA,24-02-2023,Standard,Online,131,12502.03,1,112518.27,February,High Risk,2,12
8897,66,India,27-06-2023,Standard,Corporate,55,10439.21,0,125270.52,June,Medium Risk,2,6
8902,64,UK,21-10-2023,Standard,Corporate,61,4689.74,1,32828.18,October,Medium Risk,1,15
8903,22,USA,16-03-2023,Standard,Agent,134,10946.96,1,87575.68,March,High Risk,2,12
8908,47,UAE,28-04-2023,Standard,Agent,163,2553.56,1,22982.04,April,High Risk,2,2
8911,27,UAE,07-11-2023,Standard,Online,134,4012.62,1,52164.06,November,High Risk,2,7
8914,65,Germany,07-09-2023,Standard,Corporate,174,14349.09,1,186538.17,September,High Risk,2,19
8916,35,Germany,11-11-2023,Standard,Corporate,120,5076.96,1,15230.88,November,High Risk,2,17
8918,50,USA,17-04-2023,Standard,Agent,17,13461.49,1,94230.43,April,Low Risk,1,13
8924,19,USA,01-10-2023,Standard,Online,80,7557.9,1,15115.8,October,Medium Risk,1,15
8926,30,India,02-01-2023,Standard,Agent,104,7575.19,1,68176.71,January,High Risk,1,14
8928,33,Germany,07-01-2023,Standard,Online,108,2329.01,1,23290.1,January,High Risk,1,16
8930,45,Germany,06-12-2023,Standard,Corporate,45,12828.96,0,38486.88,December,Low Risk,1,16
8932,62,USA,19-03-2023,Standard,Online,13,4421.8,1,17687.2,March,Low Risk,2,1
8934,41,USA,21-08-2023,Standard,Corporate,21,6046.39,0,30231.95,August,Low Risk,2,13
8936,47,UK,30-01-2023,Standard,Online,4,2610.2,1,20881.6,January,Low Risk,2,8
8939,43,UK,04-11-2023,Standard,Corporate,78,13953.28,1,97672.96,November,Medium Risk,1,6
8941,59,UAE,10-01-2023,Standard,Corporate,12,2634.79,1,15808.74,January,Low Risk,2,12
8942,64,UAE,27-05-2023,Standard,Online,95,13327.68,0,173259.84,May,Medium Risk,2,19
8948,32,India,10-09-2023,Standard,Online,63,8847.65,0,8847.65,September,Medium Risk,1,3
8956,68,USA,19-11-2023,Standard,Agent,127,11385.17,1,91081.36,November,High Risk,2,19
8957,56,India,20-05-2023,Standard,Online,37,9216.81,1,101384.91,May,Low Risk,2,8
8965,28,UAE,17-12-2023,Standard,Agent,26,4115.25,0,53498.25,December,Low Risk,2,12
8967,50,USA,30-04-2023,Standard,Corporate,80,4020.8,1,36187.2,April,Medium Risk,1,10
8971,55,India,18-10-2023,Standard,Agent,126,3512.11,1,17560.55,October,High Risk,2,15
8972,63,UAE,09-01-2023,Standard,Corporate,33,3626.23,0,10878.69,January,Low Risk,1,11
8974,44,USA,28-04-2023,Standard,Agent,16,4348.69,1,8697.38,April,Low Risk,1,16
8980,52,Germany,22-06-2023,Standard,Online,138,12830.04,1,76980.24,June,High Risk,2,17
8981,52,USA,13-08-2023,Standard,Online,147,11181.66,1,145361.58,August,High Risk,1,13
8983,45,Germany,11-04-2023,Standard,Corporate,161,5581.71,1,72562.23,April,High Risk,1,4
8987,60,USA,03-10-2023,Standard,Online,11,10245.96,0,71721.72,October,Low Risk,1,6
8988,55,India,11-12-2023,Standard,Online,67,14554.98,0,87329.88,December,Medium Risk,2,5
8992,19,UAE,07-08-2023,Standard,Agent,125,3231.61,1,32316.1,August,High Risk,1,11
8997,26,UK,04-01-2023,Standard,Corporate,170,7720.84,1,30883.36,January,High Risk,1,2
8999,51,USA,21-01-2023,Standard,Corporate,0,5135.63,1,25678.15,January,Low Risk,1,13
9000,55,Germany,27-07-2023,Standard,Online,107,3999.16,1,3999.16,July,High Risk,1,1
9005,53,USA,27-04-2023,Standard,Corporate,19,12527.95,0,87695.65,April,Low Risk,1,2
9006,38,India,28-06-2023,Standard,Agent,58,3011.25,0,6022.5,June,Medium Risk,1,10
9008,64,India,08-05-2023,Standard,Online,120,13242.46,1,66212.3,May,High Risk,1,7
9013,27,Germany,19-09-2023,Standard,Corporate,167,3088.97,1,12355.88,September,High Risk,2,3
9028,33,Germany,15-11-2023,Standard,Agent,25,14364.51,1,14364.51,November,Low Risk,2,11
9030,20,UAE,05-06-2023,Standard,Online,173,8474.83,1,101697.96,June,High Risk,2,9
9032,64,UK,10-01-2023,Standard,Corporate,33,8645.26,1,25935.78,January,Low Risk,2,14
9035,33,UK,22-12-2023,Standard,Corporate,50,6226.86,0,12453.72,December,Low Risk,2,9
9038,19,UK,25-08-2023,Standard,Agent,155,3921.26,1,19606.3,August,High Risk,1,18
9039,44,UK,29-11-2023,Standard,Agent,93,8370.79,0,83707.9,November,Medium Risk,2,3
9044,42,USA,26-07-2023,Standard,Agent,53,2438.43,0,2438.43,July,Medium Risk,1,14
9047,25,UAE,27-01-2023,Standard,Online,174,2107.93,1,29511.02,January,High Risk,1,7
9050,55,UAE,09-01-2023,Standard,Agent,167,8529.58,1,68236.64,January,High Risk,1,1
9051,38,UK,22-08-2023,Standard,Agent,17,9573.88,1,19147.76,August,Low Risk,1,18
9052,25,Germany,02-04-2023,Standard,Corporate,141,9936.24,1,139107.36,April,High Risk,2,5
9053,68,UAE,18-03-2023,Standard,Agent,24,7983.39,0,71850.51,March,Low Risk,1,9
9055,37,USA,01-09-2023,Standard,Agent,99,11772.89,0,164820.46,September,Medium Risk,1,20
9058,48,Germany,06-08-2023,Standard,Online,52,8008.98,0,8008.98,August,Medium Risk,1,13
9063,32,USA,16-04-2023,Standard,Agent,140,6366.53,1,38199.18,April,High Risk,1,3
9065,43,UK,05-04-2023,Standard,Agent,56,11968.36,1,143620.32,April,Medium Risk,1,12
9067,46,UK,08-02-2023,Standard,Agent,105,5798.23,1,52184.07,February,High Risk,2,16
9068,33,India,12-09-2023,Standard,Corporate,23,13617.95,1,81707.7,September,Low Risk,2,11
9070,37,UK,31-08-2023,Standard,Agent,167,6039.79,1,12079.58,August,High Risk,1,19
9071,62,UK,20-04-2023,Standard,Online,78,6734.73,1,47143.11,April,Medium Risk,1,2
9072,54,India,11-09-2023,Standard,Online,83,6925.8,0,13851.6,September,Medium Risk,2,4
9076,58,Germany,09-08-2023,Standard,Corporate,97,9332.78,1,111993.36,August,Medium Risk,2,9
9080,55,India,04-02-2023,Standard,Corporate,155,4444.78,1,40003.02,February,High Risk,1,9
9081,45,UAE,06-02-2023,Standard,Online,179,6554.53,1,32772.65,February,High Risk,2,10
9085,31,USA,26-06-2023,Standard,Online,20,3047.63,1,3047.63,June,Low Risk,1,20
9087,26,UK,02-10-2023,Standard,Agent,41,12121.15,1,169696.1,October,Low Risk,2,13
9092,46,USA,26-01-2023,Standard,Corporate,154,13087.7,1,157052.4,January,High Risk,1,8
9098,25,UK,31-05-2023,Standard,Online,163,14120.02,1,98840.14,May,High Risk,1,19
9103,24,India,02-09-2023,Standard,Corporate,91,14645.29,0,29290.58,September,Medium Risk,1,5
9104,59,UK,27-02-2023,Standard,Corporate,112,3145.71,1,6291.42,February,High Risk,2,15
9106,58,UK,22-04-2023,Standard,Agent,51,9829.98,1,127789.74,April,Medium Risk,1,14
9109,19,UAE,28-12-2023,Standard,Corporate,32,8538.23,0,8538.23,December,Low Risk,2,11
9112,44,USA,09-05-2023,Standard,Corporate,171,12535.39,1,75212.34,May,High Risk,1,19
9116,59,UAE,11-02-2023,Standard,Agent,136,5312.57,1,15937.71,February,High Risk,1,5
9119,20,UAE,25-01-2023,Standard,Online,4,3262.44,0,19574.64,January,Low Risk,1,18
9125,19,India,23-12-2023,Standard,Online,16,12410.42,0,62052.1,December,Low Risk,1,4
9126,29,UAE,30-12-2023,Standard,Agent,7,9631.49,1,28894.47,December,Low Risk,1,18
9130,56,Germany,31-12-2023,Standard,Online,38,3151.47,0,6302.94,December,Low Risk,1,6
9131,41,Germany,05-10-2023,Standard,Corporate,40,10520.77,0,105207.7,October,Low Risk,1,1
9132,65,India,06-03-2023,Standard,Agent,107,9504.86,1,95048.6,March,High Risk,2,4
9134,18,UK,17-09-2023,Standard,Agent,42,4635.04,0,46350.4,September,Low Risk,1,4
9135,18,Germany,16-08-2023,Standard,Corporate,174,7672.22,1,23016.66,August,High Risk,1,10
9143,20,India,27-12-2023,Standard,Agent,126,11595.98,1,150747.74,December,High Risk,2,13
9149,62,UK,08-03-2023,Standard,Corporate,73,4564.45,0,63902.3,March,Medium Risk,1,9
9152,18,Germany,16-06-2023,Standard,Corporate,19,14554.94,1,203769.16,June,Low Risk,1,14
9154,27,UAE,27-11-2023,Standard,Agent,34,2637.15,1,7911.45,November,Low Risk,2,10
9159,33,Germany,22-04-2023,Standard,Agent,15,10979.47,0,142733.11,April,Low Risk,2,16
9160,57,UAE,03-08-2023,Standard,Agent,107,6001.42,1,30007.1,August,High Risk,2,1
9162,34,UK,15-08-2023,Standard,Corporate,64,12783.25,0,76699.5,August,Medium Risk,2,14
9166,32,UAE,06-05-2023,Standard,Agent,59,14993.93,1,44981.79,May,Medium Risk,1,13
9173,21,India,23-02-2023,Standard,Corporate,101,6405.78,1,70463.58,February,High Risk,1,19
9176,52,UK,25-12-2023,Standard,Corporate,18,12466.72,0,99733.76,December,Low Risk,1,8
9177,30,UAE,31-05-2023,Standard,Agent,110,8490.13,1,59430.91,May,High Risk,1,16
9179,28,UK,22-08-2023,Standard,Online,12,3358.93,0,16794.65,August,Low Risk,2,16
9182,56,UK,15-07-2023,Standard,Agent,18,13967.64,0,153644.04,July,Low Risk,1,11
9185,67,UAE,16-04-2023,Standard,Agent,66,5042.94,1,25214.7,April,Medium Risk,2,17
9186,40,UK,22-10-2023,Standard,Corporate,25,4286.26,0,38576.34,October,Low Risk,2,20
9188,56,USA,22-01-2023,Standard,Corporate,140,14871.77,1,148717.7,January,High Risk,1,13
9189,20,UAE,05-06-2023,Standard,Corporate,26,9293.24,0,92932.4,June,Low Risk,1,12
9190,29,UAE,02-08-2023,Standard,Corporate,104,5517.8,1,60695.8,August,High Risk,2,10
9195,54,USA,01-03-2023,Standard,Agent,46,2826.61,1,14133.05,March,Low Risk,1,6
9196,65,USA,18-03-2023,Standard,Online,11,12835.79,0,25671.58,March,Low Risk,1,6
9197,32,India,21-07-2023,Standard,Corporate,155,13887.49,1,124987.41,July,High Risk,1,17
9203,37,UK,06-12-2023,Standard,Online,144,13568.74,1,108549.92,December,High Risk,2,8
9204,67,UAE,19-09-2023,Standard,Agent,86,9633.29,1,67433.03,September,Medium Risk,2,6
9211,65,UK,02-08-2023,Standard,Corporate,171,11952.16,1,119521.6,August,High Risk,1,17
9221,41,UK,23-01-2023,Standard,Online,79,12515.41,0,62577.05,January,Medium Risk,1,6
9226,53,USA,23-09-2023,Standard,Agent,176,11477.28,1,22954.56,September,High Risk,1,4
9227,53,UK,14-03-2023,Standard,Corporate,96,9083.11,0,127163.54,March,Medium Risk,1,6
9232,67,UK,18-01-2023,Standard,Agent,56,7754.2,0,31016.8,January,Medium Risk,2,4
9233,33,USA,13-06-2023,Standard,Agent,96,9445.14,0,37780.56,June,Medium Risk,1,20
9234,58,Germany,14-10-2023,Standard,Agent,61,9653.27,0,57919.62,October,Medium Risk,1,16
9235,35,UAE,23-02-2023,Standard,Corporate,38,10042.93,1,120515.16,February,Low Risk,2,5
9243,56,UAE,08-11-2023,Standard,Agent,55,10982.27,1,76875.89,November,Medium Risk,2,20
9244,46,UAE,24-06-2023,Standard,Online,100,9541.86,1,19083.72,June,Medium Risk,2,12
9245,43,India,03-01-2023,Standard,Agent,90,10792.8,0,129513.6,January,Medium Risk,2,12
9248,33,USA,20-10-2023,Standard,Online,129,9575.58,1,28726.74,October,High Risk,2,11
9249,48,UAE,03-07-2023,Standard,Corporate,141,12408.91,1,148906.92,July,High Risk,1,4
9251,26,USA,12-08-2023,Standard,Agent,130,7671.12,1,46026.72,August,High Risk,1,14
9252,48,UAE,12-01-2023,Standard,Agent,141,14896.7,1,59586.8,January,High Risk,1,2
9256,19,UAE,19-03-2023,Standard,Online,128,6669.37,1,53354.96,March,High Risk,1,4
9257,69,UAE,20-05-2023,Standard,Online,119,4007.57,1,32060.56,May,High Risk,1,19
9259,63,USA,24-05-2023,Standard,Corporate,91,10913.38,0,54566.9,May,Medium Risk,2,12
9264,64,UK,28-09-2023,Standard,Corporate,169,9228.94,1,110747.28,September,High Risk,1,4
9267,19,UK,15-03-2023,Standard,Agent,174,14060.77,1,56243.08,March,High Risk,2,19
9268,68,UAE,23-05-2023,Standard,Corporate,87,14958.65,1,209421.1,May,Medium Risk,1,7
9272,35,USA,17-08-2023,Standard,Online,89,9362.4,0,112348.8,August,Medium Risk,2,17
9281,22,Germany,02-08-2023,Standard,Online,68,11270.24,0,101432.16,August,Medium Risk,1,17
9289,62,UK,29-07-2023,Standard,Corporate,73,13151.35,1,92059.45,July,Medium Risk,1,20
9293,50,USA,05-09-2023,Standard,Corporate,52,11247.32,1,123720.52,September,Medium Risk,2,7
9295,53,USA,17-08-2023,Standard,Agent,130,14907.81,1,29815.62,August,High Risk,1,6
9296,35,UK,09-12-2023,Standard,Online,146,11290.76,1,101616.84,December,High Risk,1,18
9301,42,Germany,24-01-2023,Standard,Online,13,14600.39,1,43801.17,January,Low Risk,1,12
9303,23,Germany,28-08-2023,Standard,Corporate,143,7692.05,1,15384.1,August,High Risk,2,6
9307,46,USA,17-02-2023,Standard,Corporate,11,7212.32,0,50486.24,February,Low Risk,1,11
9310,67,USA,20-06-2023,Standard,Online,79,7560.16,0,83161.76,June,Medium Risk,1,2
9312,61,Germany,09-03-2023,Standard,Agent,67,4793.16,0,28758.96,March,Medium Risk,2,15
9314,33,UK,30-01-2023,Standard,Agent,44,4802.02,0,4802.02,January,Low Risk,1,19
9316,31,USA,31-07-2023,Standard,Online,60,3133.14,1,3133.14,July,Medium Risk,1,16
9319,67,USA,21-07-2023,Standard,Agent,98,12241.93,0,85693.51,July,Medium Risk,2,20
9321,55,USA,22-02-2023,Standard,Corporate,1,11733.97,1,46935.88,February,Low Risk,1,3
9322,62,Germany,21-12-2023,Standard,Agent,121,12180.57,1,12180.57,December,High Risk,1,20
9327,42,USA,10-04-2023,Standard,Online,113,2953.11,1,38390.43,April,High Risk,1,8
9328,55,India,09-05-2023,Standard,Online,40,7937.61,1,95251.32,May,Low Risk,1,4
9330,21,UAE,28-09-2023,Standard,Corporate,118,6729.85,1,87488.05,September,High Risk,1,4
9331,31,India,22-01-2023,Standard,Corporate,121,14224.78,1,14224.78,January,High Risk,2,9
9332,50,USA,27-06-2023,Standard,Corporate,54,11415.52,0,22831.04,June,Medium Risk,1,3
9334,69,UK,27-04-2023,Standard,Agent,109,10496.35,1,20992.7,April,High Risk,1,10
9335,54,India,25-11-2023,Standard,Online,99,9219.95,1,101419.45,November,Medium Risk,2,10
9339,61,UK,05-12-2023,Standard,Corporate,122,5750.76,1,51756.84,December,High Risk,2,16
9340,22,Germany,26-12-2023,Standard,Corporate,25,3353.65,0,10060.95,December,Low Risk,2,16
9344,26,UK,11-11-2023,Standard,Online,53,10862.59,1,97763.31,November,Medium Risk,2,2
9348,20,UAE,04-10-2023,Standard,Online,3,5500.25,1,33001.5,October,Low Risk,2,12
9349,47,Germany,03-02-2023,Standard,Online,79,12617.07,0,100936.56,February,Medium Risk,1,8
9350,67,India,25-11-2023,Standard,Corporate,59,10104.9,0,40419.6,November,Medium Risk,1,19
9353,20,UK,24-06-2023,Standard,Corporate,4,10888.02,1,76216.14,June,Low Risk,1,2
9354,43,UK,07-12-2023,Standard,Online,35,4218.71,1,33749.68,December,Low Risk,1,16
9358,19,USA,27-06-2023,Standard,Agent,40,4476.91,1,4476.91,June,Low Risk,1,7
9360,63,India,16-08-2023,Standard,Agent,27,14869.48,1,74347.4,August,Low Risk,2,7
9364,30,UAE,24-05-2023,Standard,Corporate,11,10762.05,0,10762.05,May,Low Risk,1,7
9368,40,India,09-04-2023,Standard,Agent,15,9592.76,0,86334.84,April,Low Risk,2,17
9371,58,UK,11-02-2023,Standard,Agent,131,12162.33,1,72973.98,February,High Risk,1,3
9372,61,India,23-11-2023,Standard,Corporate,114,12962.22,1,25924.44,November,High Risk,2,11
9388,54,UAE,12-09-2023,Standard,Online,43,7277.54,0,72775.4,September,Low Risk,1,5
9395,43,UK,26-07-2023,Standard,Agent,37,5615.85,1,39310.95,July,Low Risk,1,17
9400,59,India,06-02-2023,Standard,Corporate,89,8064.83,0,40324.15,February,Medium Risk,1,12
9405,28,Germany,18-06-2023,Standard,Agent,170,14314.54,1,57258.16,June,High Risk,1,4
9409,35,India,23-02-2023,Standard,Agent,87,12581.14,0,113230.26,February,Medium Risk,2,2
9410,38,USA,11-09-2023,Standard,Agent,60,10109.23,0,20218.46,September,Medium Risk,1,18
9414,63,Germany,21-01-2023,Standard,Online,33,11627.35,0,162782.9,January,Low Risk,2,5
9415,61,Germany,17-09-2023,Standard,Agent,148,6528.1,1,78337.2,September,High Risk,2,16
9419,60,USA,15-02-2023,Standard,Corporate,93,4183.73,0,25102.38,February,Medium Risk,1,4
9423,64,UK,04-04-2023,Standard,Online,27,5277.42,1,36941.94,April,Low Risk,1,19
9425,68,USA,12-11-2023,Standard,Corporate,30,2393.77,0,28725.24,November,Low Risk,2,6
9427,57,India,12-03-2023,Standard,Online,82,11072.61,1,155016.54,March,Medium Risk,1,14
9432,32,UK,01-04-2023,Standard,Corporate,121,4002.58,1,8005.16,April,High Risk,2,17
9438,49,India,10-09-2023,Standard,Corporate,35,2509.23,0,30110.76,September,Low Risk,2,18
9452,64,UAE,17-08-2023,Standard,Online,145,5416.35,1,59579.85,August,High Risk,1,3
9453,33,Germany,28-10-2023,Standard,Agent,172,10737.39,1,96636.51,October,High Risk,2,11
9457,49,USA,01-02-2023,Standard,Agent,125,11846.46,1,35539.38,February,High Risk,1,10
9458,29,USA,21-09-2023,Standard,Agent,81,9295.46,0,83659.14,September,Medium Risk,2,7
9461,59,Germany,03-10-2023,Standard,Agent,12,3885.78,0,50515.14,October,Low Risk,1,17
9466,22,Germany,18-04-2023,Standard,Online,96,8577.82,1,51466.92,April,Medium Risk,1,18
9468,32,UK,12-03-2023,Standard,Corporate,2,2562.17,1,10248.68,March,Low Risk,2,15
9475,60,USA,01-09-2023,Standard,Agent,99,8389.29,0,117450.06,September,Medium Risk,2,3
9477,67,UAE,02-08-2023,Standard,Agent,109,4708.34,1,32958.38,August,High Risk,2,10
9481,30,USA,05-08-2023,Standard,Corporate,13,4884.81,0,68387.34,August,Low Risk,2,3
9484,43,UAE,05-08-2023,Standard,Corporate,155,13610.01,1,136100.1,August,High Risk,2,17
9485,65,Germany,23-02-2023,Standard,Online,110,13393.48,1,174115.24,February,High Risk,1,3
9490,66,UK,05-01-2023,Standard,Agent,148,10082.37,1,141153.18,January,High Risk,2,14
9491,23,UK,04-02-2023,Standard,Agent,47,10288.89,0,20577.78,February,Low Risk,2,20
9492,63,UAE,15-12-2023,Standard,Online,157,13037.95,1,143417.45,December,High Risk,2,7
9496,41,India,16-09-2023,Standard,Online,173,2648.26,1,7944.78,September,High Risk,2,4
9501,45,UK,23-03-2023,Standard,Agent,53,9126.42,0,82137.78,March,Medium Risk,2,10
9508,23,UK,24-10-2023,Standard,Corporate,36,2571.16,0,23140.44,October,Low Risk,2,2
9514,39,Germany,25-02-2023,Standard,Corporate,66,12834.3,0,25668.6,February,Medium Risk,2,12
9519,57,USA,13-04-2023,Standard,Agent,85,13943.09,1,195203.26,April,Medium Risk,1,1
9521,42,Germany,29-05-2023,Standard,Online,118,9421.85,1,131905.9,May,High Risk,2,7
9525,27,UAE,11-08-2023,Standard,Online,171,11375.96,1,159263.44,August,High Risk,1,15
9530,42,UK,25-10-2023,Standard,Corporate,8,13801.35,0,55205.4,October,Low Risk,1,14
9534,51,Germany,17-03-2023,Standard,Corporate,0,12807.31,1,76843.86,March,Low Risk,2,7
9540,65,USA,18-12-2023,Standard,Corporate,177,11862.2,1,23724.4,December,High Risk,2,3
9547,69,India,28-06-2023,Standard,Online,77,11457.79,0,103120.11,June,Medium Risk,1,8
9549,22,Germany,16-07-2023,Standard,Online,106,11835.73,1,94685.84,July,High Risk,2,19
9552,47,India,02-03-2023,Standard,Corporate,5,10577.61,0,10577.61,March,Low Risk,2,6
9553,21,UK,02-07-2023,Standard,Corporate,151,12379.74,1,12379.74,July,High Risk,1,6
9557,45,UAE,14-11-2023,Standard,Online,176,6333.05,1,63330.5,November,High Risk,1,16
9564,54,India,25-10-2023,Standard,Corporate,115,7675.37,1,7675.37,October,High Risk,1,20
9567,65,UAE,28-04-2023,Standard,Agent,108,12164.26,1,36492.78,April,High Risk,1,19
9571,53,UK,28-03-2023,Standard,Online,33,12487.86,1,24975.72,March,Low Risk,2,4
9572,28,India,22-08-2023,Standard,Online,73,6514.94,1,19544.82,August,Medium Risk,1,17
9575,52,India,01-02-2023,Standard,Corporate,42,10085.42,0,121025.04,February,Low Risk,2,9
9576,65,UK,23-12-2023,Standard,Agent,34,6130.58,0,55175.22,December,Low Risk,2,19
9580,58,India,03-08-2023,Standard,Online,176,5268.61,1,47417.49,August,High Risk,2,18
9581,60,UAE,10-04-2023,Standard,Agent,89,13183.73,1,52734.92,April,Medium Risk,2,1
9582,33,Germany,01-09-2023,Standard,Agent,64,4101.41,1,8202.82,September,Medium Risk,2,15
9584,66,USA,23-12-2023,Standard,Agent,179,9874,1,9874,December,High Risk,2,7
9585,49,Germany,16-11-2023,Standard,Corporate,38,12460.29,1,87222.03,November,Low Risk,1,3
9587,19,Germany,23-12-2023,Standard,Agent,103,9066.91,1,108802.92,December,High Risk,1,9
9589,40,USA,16-05-2023,Standard,Online,156,5356.59,1,42852.72,May,High Risk,2,8
9599,42,UAE,29-09-2023,Standard,Agent,11,3675.14,1,7350.28,September,Low Risk,2,5
9600,65,India,14-01-2023,Standard,Online,19,5995.6,1,29978,January,Low Risk,1,16
9607,40,Germany,04-05-2023,Standard,Agent,41,2262.4,1,13574.4,May,Low Risk,1,14
9611,44,India,19-09-2023,Standard,Corporate,165,6664.47,1,73309.17,September,High Risk,1,10
9617,62,UAE,23-01-2023,Standard,Agent,130,6632.43,1,39794.58,January,High Risk,2,17
9621,20,USA,06-06-2023,Standard,Agent,40,2210.2,0,22102,June,Low Risk,1,17
9623,56,USA,29-05-2023,Standard,Online,168,4983.64,1,9967.28,May,High Risk,1,2
9630,22,Germany,16-07-2023,Standard,Online,71,8854.08,0,106248.96,July,Medium Risk,1,12
9634,22,USA,04-07-2023,Standard,Online,122,2951.56,1,29515.6,July,High Risk,2,10
9636,44,India,12-03-2023,Standard,Agent,146,8293.35,1,16586.7,March,High Risk,1,6
9639,41,USA,17-12-2023,Standard,Online,7,4921.89,0,49218.9,December,Low Risk,2,16
9643,47,India,17-06-2023,Standard,Online,149,8038.38,1,16076.76,June,High Risk,2,17
9645,54,UK,24-08-2023,Standard,Agent,171,14566.81,1,43700.43,August,High Risk,1,18
9654,44,Germany,01-07-2023,Standard,Corporate,174,14860.08,1,89160.48,July,High Risk,2,15
9657,56,India,15-04-2023,Standard,Agent,22,3717.62,0,18588.1,April,Low Risk,2,3
9658,54,USA,24-06-2023,Standard,Agent,49,12166.24,0,12166.24,June,Low Risk,2,7
9661,69,UAE,01-03-2023,Standard,Online,138,12779.66,1,166135.58,March,High Risk,1,17
9664,46,UAE,31-07-2023,Standard,Agent,55,6900.81,0,82809.72,July,Medium Risk,1,16
9665,37,UAE,04-06-2023,Standard,Agent,68,4444.37,1,44443.7,June,Medium Risk,1,19
9668,67,UAE,28-08-2023,Standard,Online,41,10681.07,1,138853.91,August,Low Risk,2,12
9671,49,Germany,10-09-2023,Standard,Online,21,14635.01,1,87810.06,September,Low Risk,2,15
9676,50,UK,02-06-2023,Standard,Agent,163,3625.02,1,21750.12,June,High Risk,1,20
9680,30,India,13-11-2023,Standard,Online,95,7726.17,0,100440.21,November,Medium Risk,1,15
9681,36,UK,17-01-2023,Standard,Corporate,81,2850.29,1,28502.9,January,Medium Risk,1,5
9684,42,India,11-12-2023,Standard,Corporate,1,6207.49,0,80697.37,December,Low Risk,2,13
9687,29,USA,09-10-2023,Standard,Agent,94,13808.1,1,55232.4,October,Medium Risk,2,13
9688,47,UK,27-07-2023,Standard,Agent,17,7433.49,1,52034.43,July,Low Risk,1,17
9692,56,UK,16-05-2023,Standard,Agent,36,4964.34,1,49643.4,May,Low Risk,2,14
9698,22,UAE,17-07-2023,Standard,Online,127,7453.52,1,104349.28,July,High Risk,1,5
9701,50,Germany,11-04-2023,Standard,Agent,77,2443.59,0,24435.9,April,Medium Risk,2,16
9705,37,USA,25-11-2023,Standard,Agent,166,3676.22,1,22057.32,November,High Risk,1,11
9706,33,USA,16-04-2023,Standard,Corporate,25,2846.05,0,14230.25,April,Low Risk,1,4
9707,67,India,04-02-2023,Standard,Online,29,6900.05,0,34500.25,February,Low Risk,2,11
9711,62,UK,26-07-2023,Standard,Online,31,5259.18,0,10518.36,July,Low Risk,2,18
9712,59,UK,02-09-2023,Standard,Corporate,52,10252.92,1,143540.88,September,Medium Risk,2,17
9713,56,UK,03-04-2023,Standard,Agent,134,10629.98,1,95669.82,April,High Risk,2,20
9714,42,USA,19-04-2023,Standard,Corporate,150,3176.66,1,31766.6,April,High Risk,1,9
9716,49,India,24-04-2023,Standard,Online,179,6046.25,1,24185,April,High Risk,2,7
9719,64,UAE,09-09-2023,Standard,Agent,150,2352.77,1,21174.93,September,High Risk,2,1
9722,57,Germany,28-07-2023,Standard,Agent,36,8409.96,0,16819.92,July,Low Risk,1,1
9723,67,Germany,24-02-2023,Standard,Online,134,5791.22,1,11582.44,February,High Risk,2,7
9729,32,India,15-11-2023,Standard,Agent,123,7648.52,1,99430.76,November,High Risk,1,12
9731,66,USA,10-05-2023,Standard,Corporate,90,7535.23,1,7535.23,May,Medium Risk,2,8
9732,22,USA,24-03-2023,Standard,Corporate,30,7808.16,0,70273.44,March,Low Risk,1,12
9733,39,Germany,11-02-2023,Standard,Online,7,8306.5,1,83065,February,Low Risk,1,7
9736,27,UK,17-04-2023,Standard,Corporate,6,11677.76,0,11677.76,April,Low Risk,1,11
9747,43,UK,23-05-2023,Standard,Online,137,8277.53,1,107607.89,May,High Risk,1,11
9748,35,Germany,17-09-2023,Standard,Online,124,11940.58,1,107465.22,September,High Risk,2,8
9753,66,India,01-03-2023,Standard,Corporate,2,9494.94,0,18989.88,March,Low Risk,2,12
9757,34,Germany,01-07-2023,Standard,Online,166,12867.33,1,12867.33,July,High Risk,2,6
9758,40,UK,14-10-2023,Standard,Corporate,159,2124.2,1,8496.8,October,High Risk,1,12
9759,60,USA,30-09-2023,Standard,Corporate,15,4361.73,0,26170.38,September,Low Risk,2,7
9762,46,India,06-05-2023,Standard,Online,99,11328.85,0,124617.35,May,Medium Risk,1,13
9763,37,India,24-03-2023,Standard,Agent,31,8828.95,0,61802.65,March,Low Risk,2,14
9768,35,UK,07-07-2023,Standard,Corporate,97,2582.65,0,36157.1,July,Medium Risk,2,20
9772,56,Germany,22-11-2023,Standard,Agent,145,10670.35,1,149384.9,November,High Risk,1,13
9773,57,UAE,09-04-2023,Standard,Online,2,2740.25,1,30142.75,April,Low Risk,2,20
9778,34,Germany,03-04-2023,Standard,Corporate,116,9541.8,1,85876.2,April,High Risk,1,1
9781,23,Germany,12-05-2023,Standard,Corporate,64,7247.69,1,94219.97,May,Medium Risk,1,17
9783,54,India,14-05-2023,Standard,Corporate,179,2281.31,1,25094.41,May,High Risk,2,17
9785,37,USA,05-07-2023,Standard,Online,92,12112.9,0,24225.8,July,Medium Risk,2,9
9786,42,USA,18-01-2023,Standard,Online,96,4813,0,19252,January,Medium Risk,2,1
9790,41,UK,27-10-2023,Standard,Agent,40,8005.18,0,56036.26,October,Low Risk,1,7
9791,38,UAE,17-12-2023,Standard,Corporate,122,9941.1,1,59646.6,December,High Risk,2,7
9797,66,India,05-11-2023,Standard,Online,89,12292.49,0,36877.47,November,Medium Risk,2,10
9800,33,USA,05-11-2023,Standard,Online,56,9625.73,0,28877.19,November,Medium Risk,2,9
9803,57,India,16-08-2023,Standard,Agent,74,8097.82,0,8097.82,August,Medium Risk,1,18
9804,29,UAE,19-01-2023,Standard,Agent,37,8549.71,0,8549.71,January,Low Risk,2,7
9805,52,UAE,18-11-2023,Standard,Online,26,8785.32,0,61497.24,November,Low Risk,1,15
9806,66,India,05-09-2023,Standard,Online,136,2900.33,1,14501.65,September,High Risk,1,14
9807,38,UK,28-07-2023,Standard,Agent,165,4310.03,1,12930.09,July,High Risk,2,12
9809,60,UK,20-07-2023,Standard,Agent,152,14168.45,1,70842.25,July,High Risk,1,3
9811,65,UAE,16-04-2023,Standard,Corporate,36,5102.36,1,15307.08,April,Low Risk,2,6
9813,49,UK,28-09-2023,Standard,Agent,91,6359.94,0,6359.94,September,Medium Risk,1,14
9820,19,UAE,13-07-2023,Standard,Online,97,12846.62,1,102772.96,July,Medium Risk,1,14
9821,26,Germany,13-07-2023,Standard,Agent,122,4712.85,1,14138.55,July,High Risk,2,8
9823,55,India,25-05-2023,Standard,Agent,144,5025.21,1,35176.47,May,High Risk,2,14
9825,37,UAE,20-12-2023,Standard,Corporate,84,4041.86,1,12125.58,December,Medium Risk,2,17
9826,23,India,11-07-2023,Standard,Online,89,13996.49,0,55985.96,July,Medium Risk,1,18
9829,18,UK,16-01-2023,Standard,Corporate,21,14584.17,1,160425.87,January,Low Risk,1,9
9830,54,UK,19-03-2023,Standard,Agent,168,2983.92,1,32823.12,March,High Risk,2,16
9831,23,UAE,21-02-2023,Standard,Online,2,12503.18,1,112528.62,February,Low Risk,2,9
9834,64,India,02-03-2023,Standard,Online,65,6735.31,0,87559.03,March,Medium Risk,1,4
9835,32,UAE,12-05-2023,Standard,Agent,45,2353.38,0,2353.38,May,Low Risk,2,5
9837,43,Germany,24-10-2023,Standard,Agent,38,7504.21,0,82546.31,October,Low Risk,2,6
9838,31,USA,29-06-2023,Standard,Corporate,152,11319.88,1,22639.76,June,High Risk,1,7
9843,48,UAE,05-04-2023,Standard,Online,56,9673.79,1,48368.95,April,Medium Risk,1,20
9846,49,UK,12-01-2023,Standard,Online,61,6361.65,0,38169.9,January,Medium Risk,2,18
9847,34,USA,21-12-2023,Standard,Online,38,7852.79,1,31411.16,December,Low Risk,2,19
9849,57,UK,17-10-2023,Standard,Agent,121,10691.82,1,128301.84,October,High Risk,1,16
9855,42,UAE,21-01-2023,Standard,Agent,18,8807,1,8807,January,Low Risk,1,20
9859,63,USA,14-07-2023,Standard,Corporate,170,6676.63,1,26706.52,July,High Risk,2,9
9861,54,UK,27-09-2023,Standard,Corporate,163,6340.85,1,50726.8,September,High Risk,2,15
9864,52,India,04-11-2023,Standard,Online,55,8377.01,1,58639.07,November,Medium Risk,1,20
9865,25,UK,18-07-2023,Standard,Online,20,12172.52,0,36517.56,July,Low Risk,2,10
9871,45,India,29-12-2023,Standard,Corporate,10,13237.64,0,66188.2,December,Low Risk,2,5
9873,60,Germany,18-08-2023,Standard,Agent,176,6547.97,1,58931.73,August,High Risk,2,7
9880,47,USA,03-05-2023,Standard,Agent,14,8712.01,1,43560.05,May,Low Risk,1,7
9882,36,UAE,19-07-2023,Standard,Agent,59,4343.31,0,60806.34,July,Medium Risk,1,18
9884,32,UAE,04-08-2023,Standard,Corporate,82,9562.9,0,19125.8,August,Medium Risk,1,17
9885,48,USA,28-08-2023,Standard,Online,13,7689.27,1,30757.08,August,Low Risk,2,2
9886,60,USA,15-12-2023,Standard,Corporate,113,4356.22,1,26137.32,December,High Risk,2,14
9890,46,UK,22-05-2023,Standard,Online,92,6845.61,1,61610.49,May,Medium Risk,1,13
9891,67,UK,10-02-2023,Standard,Online,110,13274.21,1,119467.89,February,High Risk,1,11
9895,19,India,28-02-2023,Standard,Corporate,86,5038.5,1,50385,February,Medium Risk,2,2
9898,69,UK,27-08-2023,Standard,Online,151,12645.56,1,25291.12,August,High Risk,2,11
9899,21,USA,26-12-2023,Standard,Agent,94,10312.24,0,41248.96,December,Medium Risk,1,16
9900,39,India,15-03-2023,Standard,Agent,165,12547.08,1,12547.08,March,High Risk,1,7
9904,43,UK,09-06-2023,Standard,Online,16,12644.44,0,37933.32,June,Low Risk,2,20
9907,45,USA,25-07-2023,Standard,Online,26,11204.1,0,145653.3,July,Low Risk,2,13
9908,19,UK,23-12-2023,Standard,Corporate,88,6332.21,1,25328.84,December,Medium Risk,1,19
9917,52,USA,05-07-2023,Standard,Corporate,20,6468.44,1,32342.2,July,Low Risk,1,16
9922,29,USA,02-01-2023,Standard,Agent,156,7183.18,1,43099.08,January,High Risk,2,12
9928,56,India,20-04-2023,Standard,Agent,27,7052.81,0,98739.34,April,Low Risk,1,5
9929,42,UAE,16-06-2023,Standard,Corporate,3,4336.01,0,21680.05,June,Low Risk,2,12
9937,38,UK,20-11-2023,Standard,Agent,125,10183.94,1,50919.7,November,High Risk,2,11
9938,69,India,05-10-2023,Standard,Online,168,14576.68,1,87460.08,October,High Risk,2,7
9943,30,Germany,21-03-2023,Standard,Corporate,152,8068.28,1,88751.08,March,High Risk,1,18
9944,22,UAE,24-02-2023,Standard,Corporate,68,12896.59,0,167655.67,February,Medium Risk,2,15
9956,25,India,09-11-2023,Standard,Online,28,4141.18,1,49694.16,November,Low Risk,2,18
9957,68,UAE,19-05-2023,Standard,Agent,149,14773.91,1,147739.1,May,High Risk,1,20
9966,20,UAE,28-02-2023,Standard,Agent,56,14191.61,0,42574.83,February,Medium Risk,1,7
9968,53,UK,11-09-2023,Standard,Corporate,169,7670.22,1,15340.44,September,High Risk,2,9
9970,62,Germany,04-10-2023,Standard,Corporate,155,7719.37,1,23158.11,October,High Risk,1,6
9978,24,UK,27-11-2023,Standard,Corporate,36,4427.09,1,22135.45,November,Low Risk,2,10
9980,45,UK,05-12-2023,Standard,Corporate,137,7477.51,1,67297.59,December,High Risk,1,5
9981,31,UAE,28-08-2023,Standard,Corporate,154,8085.55,1,48513.3,August,High Risk,1,15
9982,61,India,14-06-2023,Standard,Agent,115,2179.8,1,28337.4,June,High Risk,1,2
9986,63,Germany,04-10-2023,Standard,Online,15,11657.79,0,93262.32,October,Low Risk,2,12
9987,23,UAE,04-08-2023,Standard,Agent,113,4224.45,1,21122.25,August,High Risk,2,16
9988,68,UK,06-08-2023,Standard,Agent,58,11076.73,0,132920.76,August,Medium Risk,1,19
9996,55,USA,04-05-2023,Standard,Online,18,2965.6,1,26690.4,May,Low Risk,2,17
9998,57,India,27-07-2023,Standard,Online,111,2323.66,1,25560.26,July,High Risk,1,17
9999,64,UK,25-04-2023,Standard,Agent,59,12640.21,1,63201.05,April,Medium Risk,2,8
1,56,UK,14-10-2023,Suite,Corporate,159,12037.33,1,96298.64,October,High Risk,2,1
8,56,UAE,23-09-2023,Suite,Corporate,88,14610.34,0,73051.7,September,Medium Risk,1,4
9,36,UAE,06-07-2023,Suite,Corporate,39,4770.26,0,9540.52,July,Low Risk,1,4
12,28,UK,16-06-2023,Suite,Agent,30,2978.43,0,2978.43,June,Low Risk,2,2
13,41,USA,17-09-2023,Suite,Agent,118,2555.82,1,10223.28,September,High Risk,1,11
15,57,UAE,23-07-2023,Suite,Agent,30,4767.61,0,61978.93,July,Low Risk,1,2
21,61,USA,18-07-2023,Suite,Agent,116,2631.34,1,26313.4,July,High Risk,1,1
22,47,UAE,15-07-2023,Suite,Corporate,78,12906.28,0,180687.92,July,Medium Risk,1,19
24,19,Germany,18-03-2023,Suite,Online,104,3179.07,1,12716.28,March,High Risk,2,7
25,38,Germany,19-01-2023,Suite,Corporate,170,6594.94,1,6594.94,January,High Risk,2,4
32,44,USA,27-02-2023,Suite,Corporate,106,12609.91,1,37829.73,February,High Risk,1,6
34,45,India,31-08-2023,Suite,Agent,126,2195.94,1,17567.52,August,High Risk,1,3
37,64,UAE,09-09-2023,Suite,Online,133,11220.61,1,157088.54,September,High Risk,2,13
41,20,UAE,28-08-2023,Suite,Corporate,170,14050.06,1,126450.54,August,High Risk,2,14
42,54,USA,19-05-2023,Suite,Agent,18,12700.43,0,177806.02,May,Low Risk,2,1
44,24,UAE,18-02-2023,Suite,Online,107,7694.21,1,23082.63,February,High Risk,1,9
50,42,USA,07-08-2023,Suite,Agent,163,3292.89,1,42807.57,August,High Risk,1,10
56,37,UK,04-05-2023,Suite,Agent,8,8060.96,1,104792.48,May,Low Risk,2,10
60,61,UK,01-01-2023,Suite,Online,0,3417.01,1,41004.12,January,Low Risk,2,4
61,25,USA,10-06-2023,Suite,Agent,10,5323.96,0,21295.84,June,Low Risk,1,6
63,52,UK,08-09-2023,Suite,Agent,0,10711.6,1,139250.8,September,Low Risk,1,7
66,53,Germany,05-09-2023,Suite,Online,171,3556.75,1,17783.75,September,High Risk,1,18
67,67,USA,24-10-2023,Suite,Online,50,5290.66,1,5290.66,October,Low Risk,2,3
73,21,UK,29-03-2023,Suite,Agent,22,14231.97,0,113855.76,March,Low Risk,2,15
74,46,USA,08-04-2023,Suite,Agent,168,12938.64,1,38815.92,April,High Risk,1,13
78,51,UAE,21-05-2023,Suite,Corporate,93,8400.43,1,33601.72,May,Medium Risk,1,1
81,31,India,09-04-2023,Suite,Corporate,109,14314.03,1,71570.15,April,High Risk,2,16
83,65,UK,24-06-2023,Suite,Online,81,7377.99,0,29511.96,June,Medium Risk,2,20
84,32,UK,16-06-2023,Suite,Online,45,5462.61,0,76476.54,June,Low Risk,1,12
87,40,USA,12-08-2023,Suite,Online,108,6647.86,1,79774.32,August,High Risk,2,16
88,57,UK,26-11-2023,Suite,Online,43,4234.44,1,42344.4,November,Low Risk,1,14
90,33,UAE,10-03-2023,Suite,Corporate,159,8090.53,1,80905.3,March,High Risk,2,3
93,64,UAE,10-11-2023,Suite,Corporate,41,8906.67,1,106880.04,November,Low Risk,1,10
96,42,USA,25-04-2023,Suite,Agent,116,9794.47,1,48972.35,April,High Risk,2,8
103,42,UAE,21-03-2023,Suite,Online,133,4566.63,1,45666.3,March,High Risk,2,10
105,26,UAE,06-11-2023,Suite,Corporate,10,14177.33,0,99241.31,November,Low Risk,1,1
106,41,India,21-07-2023,Suite,Online,101,12352.27,1,123522.7,July,High Risk,1,15
108,61,Germany,08-06-2023,Suite,Agent,54,9313.15,1,74505.2,June,Medium Risk,1,17
110,41,UK,17-05-2023,Suite,Online,106,4951.7,1,9903.4,May,High Risk,1,18
111,28,India,14-03-2023,Suite,Online,5,8833.71,1,17667.42,March,Low Risk,2,9
114,25,India,24-09-2023,Suite,Corporate,24,2447.08,0,34259.12,September,Low Risk,1,17
116,52,India,19-01-2023,Suite,Corporate,71,9909.73,1,39638.92,January,Medium Risk,1,20
122,45,USA,26-09-2023,Suite,Agent,55,4552.59,0,45525.9,September,Medium Risk,2,3
131,41,UK,10-08-2023,Suite,Agent,57,10773.73,1,118511.03,August,Medium Risk,2,7
132,54,UK,06-05-2023,Suite,Online,47,12952.71,0,181337.94,May,Low Risk,2,1
133,52,India,25-05-2023,Suite,Online,98,4649.96,1,41849.64,May,Medium Risk,1,16
134,61,Germany,25-06-2023,Suite,Corporate,125,10435.94,1,31307.82,June,High Risk,1,11
136,39,UAE,01-07-2023,Suite,Agent,89,2814.67,1,8444.01,July,Medium Risk,2,14
137,44,USA,13-12-2023,Suite,Online,112,2478.7,1,12393.5,December,High Risk,2,16
139,18,India,30-12-2023,Suite,Online,168,9642.11,1,86778.99,December,High Risk,1,2
140,52,India,01-05-2023,Suite,Online,106,7106.51,1,7106.51,May,High Risk,2,7
147,43,Germany,12-04-2023,Suite,Agent,111,10744.77,1,64468.62,April,High Risk,2,12
156,30,Germany,10-01-2023,Suite,Corporate,45,8459.02,0,118426.28,January,Low Risk,1,6
157,68,India,04-11-2023,Suite,Agent,71,14844.71,1,192981.23,November,Medium Risk,1,1
181,62,Germany,20-07-2023,Suite,Corporate,123,2242.59,1,26911.08,July,High Risk,2,11
186,61,Germany,06-11-2023,Suite,Agent,146,5447.67,1,54476.7,November,High Risk,2,8
191,42,UK,04-05-2023,Suite,Online,128,2426.26,1,31541.38,May,High Risk,2,20
193,50,UK,06-04-2023,Suite,Online,14,12017.28,0,60086.4,April,Low Risk,2,3
196,69,India,11-04-2023,Suite,Agent,179,5625.03,1,11250.06,April,High Risk,1,8
200,56,Germany,01-02-2023,Suite,Online,49,6248.51,0,87479.14,February,Low Risk,1,12
204,26,India,06-02-2023,Suite,Online,4,7131.22,0,57049.76,February,Low Risk,2,16
205,54,USA,20-07-2023,Suite,Agent,65,8416.68,0,8416.68,July,Medium Risk,2,4
207,68,Germany,18-02-2023,Suite,Corporate,127,6450.17,1,90302.38,February,High Risk,2,12
213,49,UAE,10-12-2023,Suite,Corporate,164,11130.95,1,144702.35,December,High Risk,1,20
216,69,Germany,20-07-2023,Suite,Agent,178,9214.88,1,82933.92,July,High Risk,1,13
218,66,UK,03-01-2023,Suite,Online,44,3791.04,0,49283.52,January,Low Risk,2,14
219,69,India,02-08-2023,Suite,Agent,5,8123.42,0,48740.52,August,Low Risk,2,16
220,29,Germany,23-10-2023,Suite,Agent,128,8703.5,1,113145.5,October,High Risk,1,10
226,66,Germany,18-07-2023,Suite,Agent,18,8115.48,0,81154.8,July,Low Risk,2,6
229,19,UK,18-10-2023,Suite,Corporate,70,3183.07,0,19098.42,October,Medium Risk,1,19
234,49,Germany,22-10-2023,Suite,Corporate,135,2717.86,1,24460.74,October,High Risk,2,18
236,18,USA,08-07-2023,Suite,Corporate,97,7328.91,0,102604.74,July,Medium Risk,1,9
242,23,USA,14-05-2023,Suite,Agent,154,9117.16,1,127640.24,May,High Risk,1,16
246,34,USA,29-07-2023,Suite,Corporate,69,5705.85,0,62764.35,July,Medium Risk,1,4
249,22,UK,16-06-2023,Suite,Online,167,11447.9,1,160270.6,June,High Risk,2,9
255,65,Germany,10-02-2023,Suite,Agent,161,7239.38,1,94111.94,February,High Risk,2,4
257,50,India,06-10-2023,Suite,Agent,47,3668.82,0,51363.48,October,Low Risk,1,6
258,26,UAE,21-03-2023,Suite,Online,90,5333.25,0,5333.25,March,Medium Risk,2,4
259,23,USA,20-02-2023,Suite,Agent,52,14797.88,0,73989.4,February,Medium Risk,1,15
260,33,UAE,22-04-2023,Suite,Online,60,11836.97,0,71021.82,April,Medium Risk,2,5
261,46,UAE,27-12-2023,Suite,Agent,102,8266.09,1,115725.26,December,High Risk,2,17
264,53,India,17-08-2023,Suite,Online,142,5014.38,1,40115.04,August,High Risk,1,2
266,43,UAE,31-08-2023,Suite,Online,117,3218.83,1,6437.66,August,High Risk,2,10
268,36,USA,15-05-2023,Suite,Online,134,9042.4,1,81381.6,May,High Risk,2,2
271,24,UK,29-11-2023,Suite,Agent,4,7084.81,0,14169.62,November,Low Risk,2,5
273,58,UK,23-06-2023,Suite,Corporate,90,11909.68,0,95277.44,June,Medium Risk,2,5
275,57,India,01-08-2023,Suite,Online,20,10030.11,1,60180.66,August,Low Risk,1,8
276,56,Germany,09-12-2023,Suite,Online,118,11050.74,1,11050.74,December,High Risk,1,3
279,18,USA,08-08-2023,Suite,Agent,89,12405.47,0,173676.58,August,Medium Risk,1,8
294,66,UK,30-08-2023,Suite,Online,30,13236.85,0,13236.85,August,Low Risk,2,15
307,33,India,02-12-2023,Suite,Online,50,3936.06,1,51168.78,December,Low Risk,1,12
309,37,Germany,03-07-2023,Suite,Online,54,9067.41,1,81606.69,July,Medium Risk,1,12
311,50,UK,02-10-2023,Suite,Online,131,13274.14,1,39822.42,October,High Risk,1,20
313,69,USA,26-06-2023,Suite,Corporate,86,10617.13,0,138022.69,June,Medium Risk,2,19
314,28,India,06-03-2023,Suite,Agent,152,6486.69,1,12973.38,March,High Risk,2,8
316,25,UAE,27-01-2023,Suite,Corporate,40,4363.59,0,61090.26,January,Low Risk,2,2
320,37,UK,26-03-2023,Suite,Online,125,13135.93,1,183903.02,March,High Risk,1,5
322,65,USA,13-05-2023,Suite,Corporate,143,11623.09,1,116230.9,May,High Risk,2,20
324,52,UAE,15-11-2023,Suite,Online,36,7468.91,1,7468.91,November,Low Risk,1,11
326,46,UK,08-04-2023,Suite,Online,25,3028.42,0,3028.42,April,Low Risk,2,5
327,35,UK,14-03-2023,Suite,Agent,93,7006.56,0,7006.56,March,Medium Risk,1,11
329,35,UAE,30-01-2023,Suite,Corporate,124,12568.47,1,62842.35,January,High Risk,1,9
334,53,USA,13-05-2023,Suite,Online,122,6748.58,1,33742.9,May,High Risk,2,5
336,21,Germany,16-02-2023,Suite,Corporate,22,6844.13,1,68441.3,February,Low Risk,2,20
337,50,India,23-12-2023,Suite,Corporate,107,14535.97,1,72679.85,December,High Risk,1,2
338,31,UAE,29-12-2023,Suite,Corporate,147,7235.21,1,57881.68,December,High Risk,1,9
341,37,UK,22-08-2023,Suite,Online,147,7522.66,1,105317.24,August,High Risk,1,18
345,34,UK,16-09-2023,Suite,Corporate,159,10422.27,1,31266.81,September,High Risk,2,5
350,39,India,28-09-2023,Suite,Agent,20,8094.55,1,8094.55,September,Low Risk,1,4
354,55,India,07-12-2023,Suite,Corporate,153,12503.46,1,62517.3,December,High Risk,1,11
355,55,India,12-08-2023,Suite,Online,2,5905.32,1,82674.48,August,Low Risk,2,17
360,44,India,17-04-2023,Suite,Agent,87,13105.47,0,117949.23,April,Medium Risk,2,13
362,38,India,17-08-2023,Suite,Agent,52,3228.94,1,25831.52,August,Medium Risk,2,13
364,50,India,07-04-2023,Suite,Corporate,172,6838.36,1,88898.68,April,High Risk,2,13
369,65,UK,26-03-2023,Suite,Agent,12,3576.96,1,28615.68,March,Low Risk,1,8
370,36,UAE,29-10-2023,Suite,Corporate,149,3358.89,1,33588.9,October,High Risk,1,5
371,21,UAE,07-07-2023,Suite,Corporate,43,12462.78,0,12462.78,July,Low Risk,1,6
374,34,Germany,20-12-2023,Suite,Agent,150,7997.6,1,15995.2,December,High Risk,2,10
375,61,UK,19-01-2023,Suite,Agent,11,7341.01,1,22023.03,January,Low Risk,2,2
378,46,India,18-09-2023,Suite,Online,44,7631.06,0,99203.78,September,Low Risk,1,11
382,58,Germany,24-05-2023,Suite,Corporate,77,7550.85,0,30203.4,May,Medium Risk,1,7
383,54,Germany,13-09-2023,Suite,Online,178,10362.84,1,93265.56,September,High Risk,2,12
387,63,USA,11-05-2023,Suite,Agent,19,9770.53,0,68393.71,May,Low Risk,1,6
392,38,Germany,14-11-2023,Suite,Agent,41,14789.81,0,177477.72,November,Low Risk,1,9
395,50,India,19-01-2023,Suite,Agent,129,8060.62,1,40303.1,January,High Risk,1,8
396,20,Germany,19-05-2023,Suite,Online,155,11585.96,1,57929.8,May,High Risk,1,18
398,42,UAE,11-01-2023,Suite,Online,15,6685.41,1,40112.46,January,Low Risk,1,9
411,44,UK,28-04-2023,Suite,Online,40,14811.44,0,14811.44,April,Low Risk,1,5
413,19,UK,09-09-2023,Suite,Online,102,10902.93,1,109029.3,September,High Risk,1,18
414,43,UAE,24-09-2023,Suite,Agent,154,11721.57,1,58607.85,September,High Risk,1,1
417,50,India,18-03-2023,Suite,Online,39,7453.69,1,74536.9,March,Low Risk,2,14
419,60,Germany,08-03-2023,Suite,Agent,36,10649.3,0,117142.3,March,Low Risk,1,18
420,65,UAE,13-01-2023,Suite,Corporate,66,12830.62,1,102644.96,January,Medium Risk,2,15
422,46,India,03-09-2023,Suite,Online,161,13318.16,1,66590.8,September,High Risk,2,15
425,52,UK,07-12-2023,Suite,Online,137,4202.23,1,8404.46,December,High Risk,1,3
426,67,USA,01-09-2023,Suite,Corporate,51,5718.96,0,28594.8,September,Medium Risk,2,3
429,30,UK,31-10-2023,Suite,Online,128,4186,1,50232,October,High Risk,1,16
431,53,India,07-04-2023,Suite,Online,163,13787.4,1,151661.4,April,High Risk,2,3
436,63,UAE,06-02-2023,Suite,Corporate,163,8012.78,1,72115.02,February,High Risk,1,4
437,33,UK,13-10-2023,Suite,Corporate,120,8219.95,1,65759.6,October,High Risk,1,11
438,31,USA,30-10-2023,Suite,Online,2,10157.14,0,40628.56,October,Low Risk,1,2
445,19,USA,17-10-2023,Suite,Agent,169,3783.02,1,37830.2,October,High Risk,1,2
453,66,UAE,04-01-2023,Suite,Online,40,12411.1,0,74466.6,January,Low Risk,1,9
456,23,Germany,17-10-2023,Suite,Corporate,130,14993.79,1,194919.27,October,High Risk,2,12
458,60,India,22-09-2023,Suite,Agent,101,7741.15,1,30964.6,September,High Risk,1,13
459,54,USA,04-03-2023,Suite,Corporate,76,4046.69,0,20233.45,March,Medium Risk,2,13
462,61,UAE,13-02-2023,Suite,Online,113,9831.9,1,108150.9,February,High Risk,1,4
465,56,UAE,01-05-2023,Suite,Online,69,14405.89,0,144058.9,May,Medium Risk,2,3
467,23,UAE,01-08-2023,Suite,Corporate,116,3612.9,1,46967.7,August,High Risk,1,12
469,49,India,17-12-2023,Suite,Corporate,4,14102.8,0,112822.4,December,Low Risk,2,6
470,69,UK,21-04-2023,Suite,Corporate,63,2446.01,0,7338.03,April,Medium Risk,1,4
474,57,USA,14-08-2023,Suite,Corporate,35,2597.99,1,20783.92,August,Low Risk,2,19
481,36,USA,22-04-2023,Suite,Online,10,10568,1,137384,April,Low Risk,2,8
484,45,India,30-05-2023,Suite,Online,64,12467.42,0,174543.88,May,Medium Risk,2,5
494,51,India,17-01-2023,Suite,Online,17,13658.16,1,109265.28,January,Low Risk,1,11
497,42,India,27-09-2023,Suite,Agent,176,11489.26,1,103403.34,September,High Risk,1,7
498,57,UAE,09-11-2023,Suite,Online,174,8860.42,1,124045.88,November,High Risk,1,8
500,18,India,14-05-2023,Suite,Online,85,7574.21,0,15148.42,May,Medium Risk,1,18
501,33,India,24-04-2023,Suite,Corporate,29,12690.43,1,25380.86,April,Low Risk,1,7
502,56,USA,12-05-2023,Suite,Agent,154,5687.41,1,45499.28,May,High Risk,1,15
503,22,USA,19-05-2023,Suite,Online,106,9517.52,1,114210.24,May,High Risk,1,1
504,39,USA,31-12-2023,Suite,Online,155,14784.65,1,162631.15,December,High Risk,1,4
514,31,Germany,26-12-2023,Suite,Corporate,72,2221.48,0,26657.76,December,Medium Risk,1,4
517,64,India,06-12-2023,Suite,Online,106,4308.97,1,34471.76,December,High Risk,1,19
518,66,India,27-07-2023,Suite,Corporate,10,9795.52,1,97955.2,July,Low Risk,2,20
522,22,Germany,05-03-2023,Suite,Corporate,51,7017.03,1,28068.12,March,Medium Risk,1,5
523,29,UK,13-09-2023,Suite,Corporate,114,8866.68,1,17733.36,September,High Risk,2,3
527,65,UAE,07-06-2023,Suite,Agent,74,11563.92,1,104075.28,June,Medium Risk,2,17
537,53,India,20-05-2023,Suite,Online,169,14188.05,1,127692.45,May,High Risk,2,16
538,51,Germany,24-11-2023,Suite,Online,46,11503.59,1,57517.95,November,Low Risk,1,19
539,69,USA,09-07-2023,Suite,Corporate,114,9044.91,1,90449.1,July,High Risk,2,10
540,48,India,05-05-2023,Suite,Online,37,12610.66,0,50442.64,May,Low Risk,1,7
543,49,Germany,31-01-2023,Suite,Agent,154,14628.92,1,175547.04,January,High Risk,2,10
545,22,USA,17-03-2023,Suite,Agent,81,13446.71,0,26893.42,March,Medium Risk,2,12
546,62,UAE,31-08-2023,Suite,Online,10,4786.8,1,57441.6,August,Low Risk,2,17
552,66,Germany,26-06-2023,Suite,Agent,40,5128.09,1,35896.63,June,Low Risk,2,18
555,44,USA,14-12-2023,Suite,Corporate,138,8823.59,1,44117.95,December,High Risk,2,17
559,67,USA,21-05-2023,Suite,Corporate,5,9032.55,0,108390.6,May,Low Risk,2,18
562,50,India,28-11-2023,Suite,Agent,46,6954.94,0,27819.76,November,Low Risk,1,19
566,29,UK,23-01-2023,Suite,Online,66,10045.74,0,30137.22,January,Medium Risk,1,11
573,61,India,02-09-2023,Suite,Agent,15,2514.39,1,22629.51,September,Low Risk,2,14
582,52,UAE,12-12-2023,Suite,Corporate,133,2986.64,1,8959.92,December,High Risk,1,15
586,25,UAE,08-06-2023,Suite,Agent,60,2608.77,1,26087.7,June,Medium Risk,1,4
587,46,Germany,29-09-2023,Suite,Corporate,131,2222.78,1,17782.24,September,High Risk,1,12
591,51,Germany,20-10-2023,Suite,Online,87,6132.34,0,30661.7,October,Medium Risk,1,14
593,58,USA,29-09-2023,Suite,Online,76,3521.36,0,10564.08,September,Medium Risk,1,18
595,21,India,15-11-2023,Suite,Corporate,81,8384.16,1,8384.16,November,Medium Risk,2,14
597,62,UK,05-09-2023,Suite,Agent,30,12117.41,0,109056.69,September,Low Risk,1,20
598,28,UK,21-06-2023,Suite,Agent,84,3297.1,0,32971,June,Medium Risk,2,18
603,53,USA,13-02-2023,Suite,Agent,116,4569.81,1,63977.34,February,High Risk,1,11
604,27,USA,20-01-2023,Suite,Online,125,5001.92,1,40015.36,January,High Risk,1,19
606,26,Germany,22-08-2023,Suite,Corporate,162,13552.69,1,135526.9,August,High Risk,2,18
609,66,UAE,19-09-2023,Suite,Corporate,108,8977.34,1,44886.7,September,High Risk,2,17
614,66,USA,22-08-2023,Suite,Online,82,13147.44,0,65737.2,August,Medium Risk,1,9
615,56,USA,28-01-2023,Suite,Agent,85,12524.17,0,37572.51,January,Medium Risk,1,13
616,49,USA,09-09-2023,Suite,Agent,131,13129.06,1,183806.84,September,High Risk,1,11
619,49,Germany,27-08-2023,Suite,Online,142,14437.65,1,158814.15,August,High Risk,2,8
623,30,India,29-06-2023,Suite,Corporate,146,11175.14,1,22350.28,June,High Risk,1,6
641,36,UAE,03-03-2023,Suite,Agent,125,12701.31,1,114311.79,March,High Risk,2,12
648,69,UK,22-12-2023,Suite,Agent,168,12389.8,1,148677.6,December,High Risk,1,17
649,36,Germany,12-03-2023,Suite,Agent,127,4504.06,1,54048.72,March,High Risk,1,20
658,53,USA,22-05-2023,Suite,Corporate,63,12902.1,1,51608.4,May,Medium Risk,2,16
659,40,UAE,14-03-2023,Suite,Agent,113,10434.9,1,10434.9,March,High Risk,2,5
661,56,USA,04-04-2023,Suite,Agent,42,12284.84,1,49139.36,April,Low Risk,1,18
662,62,UK,10-03-2023,Suite,Corporate,61,8279.37,0,107631.81,March,Medium Risk,1,1
663,59,India,06-03-2023,Suite,Online,154,14672.31,1,190740.03,March,High Risk,2,9
664,56,USA,12-07-2023,Suite,Agent,28,10168.74,1,142362.36,July,Low Risk,2,11
670,46,Germany,14-07-2023,Suite,Corporate,126,13837.35,1,110698.8,July,High Risk,2,17
671,60,USA,03-03-2023,Suite,Online,85,13133.46,1,183868.44,March,Medium Risk,2,10
676,26,USA,21-07-2023,Suite,Agent,130,12553.83,1,12553.83,July,High Risk,2,9
678,61,India,10-12-2023,Suite,Corporate,135,6838.17,1,68381.7,December,High Risk,2,14
681,24,India,03-12-2023,Suite,Online,162,3586.05,1,25102.35,December,High Risk,2,18
682,63,Germany,01-02-2023,Suite,Corporate,47,6527.23,0,58745.07,February,Low Risk,1,18
684,57,India,04-09-2023,Suite,Online,102,13606.44,1,176883.72,September,High Risk,2,15
686,26,Germany,10-07-2023,Suite,Agent,5,7666.19,1,68995.71,July,Low Risk,2,13
688,44,UAE,17-02-2023,Suite,Corporate,102,14134.49,1,127210.41,February,High Risk,2,13
695,25,UAE,29-06-2023,Suite,Agent,90,6447.76,0,64477.6,June,Medium Risk,2,3
697,62,UK,02-06-2023,Suite,Corporate,177,11435.71,1,45742.84,June,High Risk,1,3
704,62,India,12-10-2023,Suite,Online,177,4630.99,1,27785.94,October,High Risk,1,4
705,21,UK,09-01-2023,Suite,Agent,128,7734.83,1,15469.66,January,High Risk,1,13
706,53,UAE,04-07-2023,Suite,Online,50,3648.51,0,29188.08,July,Low Risk,2,8
708,48,USA,15-05-2023,Suite,Online,41,7217.88,0,72178.8,May,Low Risk,2,17
713,27,UAE,29-04-2023,Suite,Online,60,5636.74,0,22546.96,April,Medium Risk,2,5
715,36,USA,24-12-2023,Suite,Online,151,9458.96,1,113507.52,December,High Risk,1,16
716,56,UAE,04-12-2023,Suite,Online,154,6096.89,1,48775.12,December,High Risk,2,13
718,62,UAE,27-12-2023,Suite,Online,17,2525.89,1,32836.57,December,Low Risk,1,19
720,67,UAE,29-09-2023,Suite,Online,67,5516.85,1,27584.25,September,Medium Risk,1,17
723,45,Germany,28-12-2023,Suite,Online,17,4498.73,1,8997.46,December,Low Risk,2,5
725,58,USA,13-02-2023,Suite,Online,48,12542.54,0,175595.56,February,Low Risk,1,10
727,18,USA,16-05-2023,Suite,Agent,162,13008.8,1,65044,May,High Risk,1,15
728,20,USA,06-05-2023,Suite,Agent,166,6239.68,1,87355.52,May,High Risk,1,17
731,66,India,23-10-2023,Suite,Online,77,2808.61,1,19660.27,October,Medium Risk,2,8
739,62,UAE,22-11-2023,Suite,Corporate,79,10433.15,0,73032.05,November,Medium Risk,2,17
741,38,USA,06-05-2023,Suite,Agent,120,11179.89,1,55899.45,May,High Risk,1,15
742,33,Germany,13-11-2023,Suite,Online,39,9740.27,0,126623.51,November,Low Risk,2,8
743,38,USA,21-03-2023,Suite,Online,96,9647.69,0,77181.52,March,Medium Risk,1,10
744,28,UAE,23-12-2023,Suite,Corporate,166,3925.39,1,19626.95,December,High Risk,1,19
746,53,Germany,24-06-2023,Suite,Corporate,42,2115.65,0,14809.55,June,Low Risk,2,18
752,58,UK,24-03-2023,Suite,Online,131,8462.08,1,101544.96,March,High Risk,2,15
755,32,USA,05-04-2023,Suite,Online,26,5290.74,1,63488.88,April,Low Risk,2,13
766,25,Germany,11-10-2023,Suite,Agent,157,12712.15,1,139833.65,October,High Risk,1,11
767,55,Germany,05-08-2023,Suite,Agent,49,4463.04,0,17852.16,August,Low Risk,1,15
774,43,India,14-06-2023,Suite,Corporate,171,10692.49,1,96232.41,June,High Risk,1,2
775,25,USA,07-04-2023,Suite,Online,31,13052.49,0,130524.9,April,Low Risk,2,8
776,67,Germany,15-04-2023,Suite,Corporate,78,5671.02,0,45368.16,April,Medium Risk,1,9
777,45,India,24-01-2023,Suite,Online,114,7056.95,1,98797.3,January,High Risk,2,16
784,26,UAE,18-05-2023,Suite,Corporate,103,7460.02,1,29840.08,May,High Risk,2,6
785,50,USA,03-12-2023,Suite,Online,174,13563.88,1,122074.92,December,High Risk,2,1
786,37,USA,03-03-2023,Suite,Online,129,13511.79,1,54047.16,March,High Risk,2,1
791,30,USA,29-11-2023,Suite,Agent,37,14634.78,0,102443.46,November,Low Risk,1,1
792,63,USA,07-07-2023,Suite,Agent,15,14420.19,0,57680.76,July,Low Risk,2,4
793,52,UAE,04-03-2023,Suite,Online,119,3428.47,1,3428.47,March,High Risk,1,4
795,35,Germany,06-10-2023,Suite,Online,118,3488.08,1,20928.48,October,High Risk,2,15
798,64,Germany,21-01-2023,Suite,Agent,73,13500.81,0,67504.05,January,Medium Risk,2,18
811,66,USA,29-11-2023,Suite,Agent,4,4485.02,0,31395.14,November,Low Risk,1,15
816,39,USA,04-08-2023,Suite,Corporate,176,7155.89,1,7155.89,August,High Risk,1,11
821,51,Germany,11-06-2023,Suite,Corporate,156,14652.61,1,29305.22,June,High Risk,1,14
822,58,Germany,07-07-2023,Suite,Corporate,152,5299.71,1,74195.94,July,High Risk,2,5
823,52,UAE,14-04-2023,Suite,Corporate,84,2342.35,0,2342.35,April,Medium Risk,2,9
825,38,India,16-06-2023,Suite,Agent,150,5057.2,1,60686.4,June,High Risk,1,15
833,55,UK,01-05-2023,Suite,Online,80,6115.82,1,18347.46,May,Medium Risk,1,12
841,34,Germany,03-06-2023,Suite,Agent,69,11646.51,1,58232.55,June,Medium Risk,2,15
845,63,India,14-03-2023,Suite,Agent,160,14672.02,1,176064.24,March,High Risk,2,5
854,49,India,16-03-2023,Suite,Agent,151,5021.62,1,30129.72,March,High Risk,1,6
861,51,India,30-09-2023,Suite,Corporate,115,11110.35,1,11110.35,September,High Risk,2,5
862,20,USA,21-02-2023,Suite,Online,36,10756.8,0,150595.2,February,Low Risk,1,18
865,18,USA,13-08-2023,Suite,Agent,27,9611.43,1,28834.29,August,Low Risk,1,11
866,61,UK,06-11-2023,Suite,Corporate,85,5900.91,0,59009.1,November,Medium Risk,2,15
869,47,India,16-01-2023,Suite,Agent,64,3342.29,1,3342.29,January,Medium Risk,1,15
871,65,USA,14-07-2023,Suite,Corporate,41,7484.7,0,29938.8,July,Low Risk,1,18
872,64,UK,08-09-2023,Suite,Agent,160,3476.6,1,10429.8,September,High Risk,2,7
875,54,UK,23-08-2023,Suite,Agent,148,10448.3,1,31344.9,August,High Risk,2,13
877,31,USA,16-11-2023,Suite,Agent,46,8191.89,1,40959.45,November,Low Risk,1,13
878,19,UAE,19-02-2023,Suite,Agent,166,11543.03,1,69258.18,February,High Risk,2,13
879,28,USA,10-02-2023,Suite,Online,109,7489.22,1,14978.44,February,High Risk,1,17
883,51,USA,25-05-2023,Suite,Corporate,108,3734.09,1,3734.09,May,High Risk,1,1
885,67,India,19-03-2023,Suite,Agent,113,4305.86,1,47364.46,March,High Risk,2,3
888,47,UAE,14-12-2023,Suite,Corporate,6,4693.6,1,56323.2,December,Low Risk,1,10
890,44,UK,12-06-2023,Suite,Online,78,10212.82,0,20425.64,June,Medium Risk,2,11
892,51,India,05-10-2023,Suite,Corporate,114,11575.09,1,104175.81,October,High Risk,2,12
896,41,India,15-12-2023,Suite,Agent,73,14354.89,1,57419.56,December,Medium Risk,1,17
898,47,UAE,26-05-2023,Suite,Corporate,133,2805.16,1,19636.12,May,High Risk,2,17
900,68,UK,24-08-2023,Suite,Corporate,27,12264.7,1,122647,August,Low Risk,1,16
902,22,UK,01-11-2023,Suite,Corporate,120,11654.08,1,139848.96,November,High Risk,2,8
903,46,Germany,12-03-2023,Suite,Corporate,140,11325.29,1,45301.16,March,High Risk,1,8
905,27,UAE,19-01-2023,Suite,Online,122,12565.62,1,138221.82,January,High Risk,1,17
909,37,UAE,21-01-2023,Suite,Agent,98,13796.97,0,55187.88,January,Medium Risk,1,4
910,41,UK,09-10-2023,Suite,Agent,150,14172.86,1,56691.44,October,High Risk,1,1
914,19,UAE,30-07-2023,Suite,Online,85,5466.44,1,10932.88,July,Medium Risk,1,8
916,60,UK,20-01-2023,Suite,Online,121,9624.89,1,115498.68,January,High Risk,2,6
919,28,India,30-04-2023,Suite,Online,146,13313.89,1,119825.01,April,High Risk,2,9
921,64,UAE,30-04-2023,Suite,Corporate,42,12328.02,0,172592.28,April,Low Risk,2,17
923,33,Germany,02-06-2023,Suite,Online,54,7429.61,1,89155.32,June,Medium Risk,1,4
927,25,UAE,23-05-2023,Suite,Corporate,76,11551.59,0,34654.77,May,Medium Risk,1,16
928,21,USA,09-10-2023,Suite,Online,55,11822.79,1,82759.53,October,Medium Risk,2,1
929,57,UK,01-12-2023,Suite,Online,81,3748.32,0,3748.32,December,Medium Risk,1,17
932,20,Germany,23-11-2023,Suite,Online,88,11544.34,0,46177.36,November,Medium Risk,2,5
933,49,Germany,09-06-2023,Suite,Online,84,4042.11,1,16168.44,June,Medium Risk,1,19
939,68,Germany,22-09-2023,Suite,Online,146,3064.51,1,6129.02,September,High Risk,1,10
942,22,India,18-12-2023,Suite,Agent,11,13837.14,0,193719.96,December,Low Risk,1,11
943,35,Germany,05-12-2023,Suite,Corporate,92,7457.84,0,22373.52,December,Medium Risk,1,12
944,45,UAE,21-07-2023,Suite,Corporate,73,10071.71,1,70501.97,July,Medium Risk,1,7
948,23,UK,24-12-2023,Suite,Corporate,36,8848.67,0,17697.34,December,Low Risk,2,16
949,18,USA,12-11-2023,Suite,Agent,4,11039.71,0,44158.84,November,Low Risk,2,9
951,58,UK,02-08-2023,Suite,Online,66,11085.89,0,33257.67,August,Medium Risk,2,18
954,63,Germany,12-02-2023,Suite,Corporate,83,4129.88,0,20649.4,February,Medium Risk,1,1
957,31,UK,11-07-2023,Suite,Corporate,174,11945.61,1,143347.32,July,High Risk,2,10
961,26,India,15-07-2023,Suite,Corporate,153,8525.99,1,68207.92,July,High Risk,2,10
962,43,UK,07-06-2023,Suite,Online,105,3525.49,1,17627.45,June,High Risk,2,18
964,39,UK,06-12-2023,Suite,Corporate,6,8250.07,0,107250.91,December,Low Risk,1,5
965,64,UAE,12-12-2023,Suite,Online,168,5047.77,1,20191.08,December,High Risk,2,20
967,60,UAE,12-03-2023,Suite,Corporate,157,12865.04,1,154380.48,March,High Risk,1,5
968,65,India,23-11-2023,Suite,Agent,122,11343.6,1,158810.4,November,High Risk,1,2
969,34,Germany,24-04-2023,Suite,Agent,19,11333.52,0,56667.6,April,Low Risk,1,1
978,64,India,24-07-2023,Suite,Agent,60,14285.16,1,199992.24,July,Medium Risk,1,5
979,39,UK,30-12-2023,Suite,Corporate,27,12689.34,0,152272.08,December,Low Risk,1,11
980,31,USA,04-08-2023,Suite,Corporate,109,10850.78,1,32552.34,August,High Risk,2,6
986,19,India,20-11-2023,Suite,Corporate,109,9102.9,1,45514.5,November,High Risk,1,4
988,43,Germany,21-07-2023,Suite,Agent,73,13455.24,1,107641.92,July,Medium Risk,1,15
991,24,UAE,16-03-2023,Suite,Agent,146,13395.9,1,187542.6,March,High Risk,1,2
992,20,Germany,06-06-2023,Suite,Online,12,11526.57,0,103739.13,June,Low Risk,1,18
993,64,India,02-06-2023,Suite,Corporate,64,3768.16,0,48986.08,June,Medium Risk,2,4
995,63,UAE,19-03-2023,Suite,Online,103,3194.92,1,19169.52,March,High Risk,2,11
998,62,USA,14-07-2023,Suite,Corporate,108,10669.92,1,21339.84,July,High Risk,2,13
1008,56,Germany,07-11-2023,Suite,Corporate,171,8044.17,1,64353.36,November,High Risk,2,12
1010,56,India,05-03-2023,Suite,Agent,150,2210.67,1,8842.68,March,High Risk,2,12
1011,39,Germany,22-04-2023,Suite,Online,5,2271.55,1,13629.3,April,Low Risk,2,3
1014,42,UAE,20-01-2023,Suite,Agent,117,6757.87,1,20273.61,January,High Risk,2,12
1016,30,Germany,16-10-2023,Suite,Online,22,3468.67,1,38155.37,October,Low Risk,1,18
1019,21,USA,10-03-2023,Suite,Online,136,3213.93,1,12855.72,March,High Risk,1,3
1020,27,India,05-07-2023,Suite,Agent,58,2194.14,1,2194.14,July,Medium Risk,2,3
1026,53,Germany,09-03-2023,Suite,Corporate,109,11242.28,1,67453.68,March,High Risk,2,17
1036,59,India,19-03-2023,Suite,Agent,83,9249.95,0,120249.35,March,Medium Risk,2,6
1038,54,Germany,28-09-2023,Suite,Corporate,64,2748.33,0,30231.63,September,Medium Risk,2,1
1039,23,UK,05-12-2023,Suite,Online,39,5981.93,0,17945.79,December,Low Risk,2,17
1040,69,UAE,18-06-2023,Suite,Corporate,173,7358.31,1,51508.17,June,High Risk,2,6
1041,43,UAE,16-07-2023,Suite,Agent,134,4092.68,1,53204.84,July,High Risk,1,2
1044,23,UK,08-03-2023,Suite,Online,134,13071.25,1,65356.25,March,High Risk,1,3
1049,23,India,06-12-2023,Suite,Corporate,66,7241.98,0,57935.84,December,Medium Risk,1,12
1051,65,UAE,19-08-2023,Suite,Corporate,57,4135.4,0,20677,August,Medium Risk,1,11
1053,47,UAE,25-05-2023,Suite,Online,99,13941.05,1,139410.5,May,Medium Risk,2,10
1057,41,UAE,06-08-2023,Suite,Agent,11,13030.53,1,91213.71,August,Low Risk,1,14
1059,20,UAE,20-12-2023,Suite,Agent,147,5257.04,1,47313.36,December,High Risk,2,6
1061,48,India,13-01-2023,Suite,Corporate,20,13227.23,1,119045.07,January,Low Risk,1,2
1069,37,India,15-11-2023,Suite,Corporate,174,2690.87,1,29599.57,November,High Risk,2,7
1071,28,India,17-03-2023,Suite,Agent,165,3843.24,1,30745.92,March,High Risk,1,11
1073,32,Germany,22-07-2023,Suite,Agent,164,5341.41,1,64096.92,July,High Risk,1,10
1074,23,Germany,17-08-2023,Suite,Agent,57,9057.46,1,81517.14,August,Medium Risk,2,8
1075,66,India,01-06-2023,Suite,Online,144,14273.3,1,157006.3,June,High Risk,1,14
1076,47,UK,20-09-2023,Suite,Corporate,41,13201.59,0,52806.36,September,Low Risk,1,19
1079,19,USA,11-05-2023,Suite,Online,61,2889.19,0,14445.95,May,Medium Risk,1,8
1084,68,USA,15-02-2023,Suite,Corporate,148,4900.47,1,53905.17,February,High Risk,1,17
1098,18,Germany,22-12-2023,Suite,Agent,91,13726.88,0,178449.44,December,Medium Risk,2,19
1099,43,USA,22-12-2023,Suite,Agent,59,10311.54,0,134050.02,December,Medium Risk,1,2
1100,31,Germany,14-11-2023,Suite,Corporate,1,14847.27,1,103930.89,November,Low Risk,2,1
1101,55,India,28-03-2023,Suite,Online,88,5903.27,0,5903.27,March,Medium Risk,2,16
1104,53,India,13-12-2023,Suite,Agent,75,12562.4,1,37687.2,December,Medium Risk,1,18
1105,30,USA,30-07-2023,Suite,Corporate,152,3969.87,1,39698.7,July,High Risk,2,10
1108,50,Germany,02-02-2023,Suite,Agent,165,11594.01,1,81158.07,February,High Risk,2,8
1111,27,UAE,17-07-2023,Suite,Agent,20,10625.9,1,95633.1,July,Low Risk,2,9
1112,22,UK,23-05-2023,Suite,Corporate,147,6716.33,1,80595.96,May,High Risk,1,13
1115,61,UK,19-12-2023,Suite,Corporate,62,7035.91,1,21107.73,December,Medium Risk,2,8
1116,19,USA,24-01-2023,Suite,Corporate,18,6397.19,0,83163.47,January,Low Risk,2,19
1117,30,India,27-01-2023,Suite,Agent,112,4182.7,1,46009.7,January,High Risk,2,9
1118,57,UK,16-03-2023,Suite,Corporate,155,6760.07,1,40560.42,March,High Risk,1,18
1121,18,UAE,10-06-2023,Suite,Agent,87,10025.25,0,50126.25,June,Medium Risk,1,18
1123,26,India,26-08-2023,Suite,Online,62,13422.64,1,107381.12,August,Medium Risk,1,3
1129,55,USA,09-02-2023,Suite,Online,143,5056.67,1,65736.71,February,High Risk,1,6
1130,52,India,12-07-2023,Suite,Agent,14,14073.14,1,28146.28,July,Low Risk,2,10
1132,48,Germany,11-02-2023,Suite,Agent,17,6869.82,0,6869.82,February,Low Risk,1,16
1141,29,UAE,19-05-2023,Suite,Online,87,12892.98,1,77357.88,May,Medium Risk,2,19
1146,39,Germany,13-04-2023,Suite,Agent,80,10030.01,0,130390.13,April,Medium Risk,1,18
1157,22,UAE,15-08-2023,Suite,Agent,19,14866.06,1,148660.6,August,Low Risk,2,2
1158,36,UK,30-09-2023,Suite,Agent,5,9714.33,1,136000.62,September,Low Risk,1,6
1161,21,India,18-10-2023,Suite,Online,92,10833.25,1,10833.25,October,Medium Risk,1,11
1162,42,India,05-08-2023,Suite,Agent,28,9409.42,1,131731.88,August,Low Risk,1,15
1166,35,USA,15-05-2023,Suite,Agent,48,11697.55,1,46790.2,May,Low Risk,2,10
1167,57,USA,24-02-2023,Suite,Corporate,107,10391.74,1,72742.18,February,High Risk,1,9
1168,25,USA,22-12-2023,Suite,Corporate,133,12115.27,1,24230.54,December,High Risk,2,15
1169,56,USA,31-08-2023,Suite,Agent,38,13533.13,0,94731.91,August,Low Risk,2,1
1170,57,UK,09-09-2023,Suite,Agent,31,5424.28,1,37969.96,September,Low Risk,2,4
1174,55,India,22-12-2023,Suite,Corporate,27,12850.94,1,77105.64,December,Low Risk,1,14
1176,40,USA,09-03-2023,Suite,Online,64,9450.55,1,56703.3,March,Medium Risk,1,10
1186,57,Germany,29-03-2023,Suite,Agent,65,2592.65,1,33704.45,March,Medium Risk,2,2
1187,68,India,16-07-2023,Suite,Agent,68,6935.01,0,69350.1,July,Medium Risk,2,15
1191,23,UAE,09-06-2023,Suite,Agent,23,14718.24,0,147182.4,June,Low Risk,2,15
1193,24,USA,02-02-2023,Suite,Online,84,12444.9,1,174228.6,February,Medium Risk,1,15
1196,59,UAE,11-10-2023,Suite,Online,67,2199.72,0,10998.6,October,Medium Risk,1,11
1198,32,Germany,05-11-2023,Suite,Corporate,43,12864.53,0,38593.59,November,Low Risk,2,19
1201,50,USA,02-12-2023,Suite,Online,165,11625.96,1,34877.88,December,High Risk,1,14
1202,69,USA,18-05-2023,Suite,Corporate,40,3486.72,0,24407.04,May,Low Risk,1,10
1204,56,Germany,25-12-2023,Suite,Corporate,43,11458.91,0,80212.37,December,Low Risk,2,2
1212,50,Germany,12-09-2023,Suite,Corporate,136,5289.49,1,58184.39,September,High Risk,2,10
1215,19,UAE,08-01-2023,Suite,Agent,86,8281.79,0,107663.27,January,Medium Risk,2,2
1219,50,UK,25-06-2023,Suite,Corporate,160,11150.31,1,11150.31,June,High Risk,1,15
1230,25,India,29-03-2023,Suite,Corporate,99,14079.41,0,84476.46,March,Medium Risk,2,15
1232,46,UAE,13-12-2023,Suite,Corporate,175,6995.61,1,34978.05,December,High Risk,2,14
1233,64,Germany,01-02-2023,Suite,Agent,65,14811.61,0,177739.32,February,Medium Risk,2,12
1234,21,Germany,13-05-2023,Suite,Corporate,135,2340.11,1,14040.66,May,High Risk,1,17
1235,29,UK,05-03-2023,Suite,Online,171,12818.25,1,38454.75,March,High Risk,1,18
1236,62,Germany,18-07-2023,Suite,Online,20,5606.59,0,78492.26,July,Low Risk,2,9
1237,19,UAE,13-09-2023,Suite,Agent,25,12626.87,1,164149.31,September,Low Risk,2,1
1244,43,India,23-01-2023,Suite,Corporate,12,13845.95,1,69229.75,January,Low Risk,2,3
1245,60,USA,21-05-2023,Suite,Corporate,0,3555.91,0,10667.73,May,Low Risk,1,16
1250,27,India,19-05-2023,Suite,Online,161,8197.43,1,32789.72,May,High Risk,1,4
1251,57,Germany,28-07-2023,Suite,Corporate,140,4050.31,1,20251.55,July,High Risk,2,1
1253,23,UAE,30-12-2023,Suite,Online,116,6843.86,1,27375.44,December,High Risk,1,8
1254,25,India,27-03-2023,Suite,Online,65,10428.5,0,114713.5,March,Medium Risk,2,10
1255,40,Germany,12-10-2023,Suite,Agent,122,9785.76,1,68500.32,October,High Risk,2,10
1261,43,India,01-08-2023,Suite,Corporate,142,4238.19,1,21190.95,August,High Risk,1,20
1264,35,Germany,24-12-2023,Suite,Online,11,12124.45,1,121244.5,December,Low Risk,1,20
1267,64,USA,27-02-2023,Suite,Agent,41,7513.25,0,82645.75,February,Low Risk,1,15
1270,29,Germany,29-06-2023,Suite,Online,7,11087.47,0,99787.23,June,Low Risk,2,4
1272,53,UAE,04-02-2023,Suite,Agent,135,3597.44,1,32376.96,February,High Risk,2,11
1275,22,Germany,10-06-2023,Suite,Corporate,28,13978.98,1,97852.86,June,Low Risk,1,18
1278,59,UAE,02-07-2023,Suite,Agent,62,8192.75,1,114698.5,July,Medium Risk,1,8
1281,48,Germany,14-08-2023,Suite,Agent,86,13074.92,1,78449.52,August,Medium Risk,2,9
1288,39,India,21-04-2023,Suite,Agent,129,11038.62,1,110386.2,April,High Risk,2,17
1289,28,USA,12-08-2023,Suite,Corporate,112,11498.14,1,57490.7,August,High Risk,2,11
1290,40,UAE,16-03-2023,Suite,Agent,28,6280.9,1,69089.9,March,Low Risk,2,1
1294,38,India,30-12-2023,Suite,Online,163,3722.68,1,3722.68,December,High Risk,1,14
1297,53,USA,31-10-2023,Suite,Agent,9,11080.37,1,144044.81,October,Low Risk,2,18
1307,27,UAE,18-06-2023,Suite,Corporate,144,10168.31,1,91514.79,June,High Risk,2,9
1312,69,USA,24-10-2023,Suite,Online,142,3302.73,1,39632.76,October,High Risk,2,7
1315,28,Germany,13-08-2023,Suite,Agent,65,5486.64,0,10973.28,August,Medium Risk,2,16
1316,55,India,02-07-2023,Suite,Agent,175,8475.43,1,8475.43,July,High Risk,2,10
1317,19,India,09-08-2023,Suite,Corporate,88,9763.9,1,87875.1,August,Medium Risk,1,17
1323,34,India,18-03-2023,Suite,Online,93,3100.19,0,43402.66,March,Medium Risk,2,12
1327,41,Germany,21-12-2023,Suite,Agent,135,2561.55,1,30738.6,December,High Risk,2,16
1330,69,UK,24-03-2023,Suite,Agent,44,8308.02,0,108004.26,March,Low Risk,1,8
1334,66,UK,31-08-2023,Suite,Agent,148,13874.2,1,194238.8,August,High Risk,1,3
1338,43,Germany,08-02-2023,Suite,Agent,96,12100.71,1,72604.26,February,Medium Risk,2,17
1340,67,UAE,08-05-2023,Suite,Corporate,155,6331.15,1,75973.8,May,High Risk,1,4
1343,24,USA,05-07-2023,Suite,Agent,74,2041.59,0,16332.72,July,Medium Risk,2,12
1344,34,USA,27-07-2023,Suite,Corporate,103,8327.95,1,99935.4,July,High Risk,2,12
1346,58,Germany,31-10-2023,Suite,Agent,123,3272.4,1,6544.8,October,High Risk,2,11
1351,57,India,29-03-2023,Suite,Agent,149,7186.96,1,50308.72,March,High Risk,1,6
1352,66,India,25-01-2023,Suite,Agent,94,11152.75,0,144985.75,January,Medium Risk,1,1
1358,40,Germany,21-03-2023,Suite,Online,52,9215.45,1,110585.4,March,Medium Risk,2,19
1362,47,India,13-04-2023,Suite,Corporate,143,9524.4,1,19048.8,April,High Risk,2,9
1364,66,UAE,04-05-2023,Suite,Corporate,172,9604.19,1,105646.09,May,High Risk,2,15
1372,18,UK,28-10-2023,Suite,Agent,48,8446.74,0,84467.4,October,Low Risk,1,17
1374,68,UK,28-03-2023,Suite,Online,166,7173.7,1,71737,March,High Risk,1,4
1382,55,UAE,13-06-2023,Suite,Corporate,120,13990.05,1,167880.6,June,High Risk,2,20
1387,46,UAE,14-07-2023,Suite,Corporate,129,11766.65,1,129433.15,July,High Risk,2,17
1388,56,UAE,30-03-2023,Suite,Corporate,93,3131.91,0,40714.83,March,Medium Risk,1,17
1391,27,UK,09-08-2023,Suite,Agent,158,5648.28,1,79075.92,August,High Risk,1,12
1394,63,USA,03-06-2023,Suite,Online,126,8777.02,1,61439.14,June,High Risk,1,18
1395,51,UAE,22-02-2023,Suite,Online,52,14071.99,0,140719.9,February,Medium Risk,1,1
1397,40,USA,16-11-2023,Suite,Online,32,13141.48,0,78848.88,November,Low Risk,1,18
1398,45,Germany,31-01-2023,Suite,Online,57,3016.65,0,27149.85,January,Medium Risk,2,12
1400,67,India,19-10-2023,Suite,Agent,63,4570.27,1,18281.08,October,Medium Risk,2,15
1413,50,UK,12-11-2023,Suite,Corporate,9,11829.54,0,130124.94,November,Low Risk,2,1
1420,41,UK,12-02-2023,Suite,Online,102,10018.91,1,80151.28,February,High Risk,2,14
1421,31,Germany,18-12-2023,Suite,Corporate,176,11220.78,1,89766.24,December,High Risk,2,10
1428,54,UK,11-02-2023,Suite,Agent,164,13826.12,1,110608.96,February,High Risk,1,13
1434,24,India,22-02-2023,Suite,Online,20,2343.7,0,2343.7,February,Low Risk,2,11
1439,38,Germany,27-09-2023,Suite,Agent,134,6954.4,1,6954.4,September,High Risk,1,12
1441,65,UK,04-03-2023,Suite,Online,29,4812.74,0,4812.74,March,Low Risk,2,3
1443,53,Germany,01-05-2023,Suite,Corporate,173,6981.12,1,55848.96,May,High Risk,1,16
1446,19,UAE,17-04-2023,Suite,Online,124,4160.15,1,37441.35,April,High Risk,2,7
1449,22,India,21-12-2023,Suite,Online,62,11985.06,1,83895.42,December,Medium Risk,2,13
1454,20,Germany,03-04-2023,Suite,Agent,14,8612.8,1,34451.2,April,Low Risk,2,15
1459,54,UAE,07-08-2023,Suite,Online,150,11955.39,1,95643.12,August,High Risk,1,10
1462,26,Germany,09-10-2023,Suite,Corporate,106,10621.15,1,106211.5,October,High Risk,1,1
1463,51,USA,16-09-2023,Suite,Agent,138,13700.11,1,82200.66,September,High Risk,1,5
1467,39,India,03-03-2023,Suite,Corporate,105,9664.44,1,28993.32,March,High Risk,1,4
1468,61,Germany,25-03-2023,Suite,Agent,158,4341.95,1,26051.7,March,High Risk,1,7
1475,49,UK,27-09-2023,Suite,Corporate,70,12941.37,0,142355.07,September,Medium Risk,1,14
1476,34,USA,08-12-2023,Suite,Corporate,89,6891.43,1,48240.01,December,Medium Risk,2,7
1483,19,UK,20-03-2023,Suite,Online,8,5362.46,1,58987.06,March,Low Risk,1,18
1484,62,India,19-05-2023,Suite,Online,35,10545.27,1,73816.89,May,Low Risk,1,19
1487,26,USA,17-07-2023,Suite,Agent,159,2303.81,1,16126.67,July,High Risk,2,1
1494,62,UK,27-02-2023,Suite,Online,39,6870.73,0,27482.92,February,Low Risk,2,14
1495,51,India,11-06-2023,Suite,Agent,65,6777.9,0,27111.6,June,Medium Risk,2,13
1496,40,Germany,17-12-2023,Suite,Corporate,88,12864.66,1,102917.28,December,Medium Risk,1,4
1497,54,UAE,17-04-2023,Suite,Corporate,140,7543.76,1,98068.88,April,High Risk,2,15
1498,28,Germany,16-10-2023,Suite,Online,12,13143.62,1,92005.34,October,Low Risk,1,11
1500,35,UK,15-02-2023,Suite,Agent,155,7521.27,1,37606.35,February,High Risk,1,14
1506,51,India,14-09-2023,Suite,Corporate,100,4205.58,0,12616.74,September,Medium Risk,2,1
1507,34,USA,04-10-2023,Suite,Online,66,7052.09,1,98729.26,October,Medium Risk,1,7
1512,40,UAE,04-03-2023,Suite,Corporate,1,9491.04,0,66437.28,March,Low Risk,2,20
1513,59,UK,23-05-2023,Suite,Corporate,33,9274.15,1,92741.5,May,Low Risk,2,8
1514,39,UAE,01-09-2023,Suite,Corporate,39,13766.84,1,41300.52,September,Low Risk,2,20
1518,23,India,23-06-2023,Suite,Agent,27,13453.58,0,94175.06,June,Low Risk,2,11
1522,29,UAE,02-06-2023,Suite,Corporate,153,6851.18,1,82214.16,June,High Risk,1,17
1523,62,India,22-12-2023,Suite,Corporate,154,13283.41,1,79700.46,December,High Risk,2,9
1528,43,USA,05-07-2023,Suite,Online,67,3618.47,0,47040.11,July,Medium Risk,2,7
1529,38,UK,17-02-2023,Suite,Corporate,131,3450.21,1,34502.1,February,High Risk,1,19
1533,60,India,24-05-2023,Suite,Corporate,169,12165.55,1,36496.65,May,High Risk,2,14
1534,18,UAE,21-04-2023,Suite,Corporate,13,5932.63,1,47461.04,April,Low Risk,2,10
1537,68,UAE,28-12-2023,Suite,Online,168,14486.38,1,43459.14,December,High Risk,2,14
1540,38,Germany,20-11-2023,Suite,Corporate,59,14746.45,0,14746.45,November,Medium Risk,2,6
1541,28,UAE,30-03-2023,Suite,Corporate,63,13792.79,1,179306.27,March,Medium Risk,2,3
1544,53,UAE,16-03-2023,Suite,Corporate,134,11101.15,1,133213.8,March,High Risk,2,20
1549,51,USA,23-09-2023,Suite,Agent,104,7298.89,1,7298.89,September,High Risk,2,20
1551,41,India,19-10-2023,Suite,Online,25,2394.71,0,9578.84,October,Low Risk,2,15
1556,64,UAE,14-05-2023,Suite,Agent,143,12881.57,1,12881.57,May,High Risk,1,7
1560,69,Germany,18-06-2023,Suite,Agent,150,13948.65,1,125537.85,June,High Risk,1,18
1562,34,Germany,25-01-2023,Suite,Agent,99,9755.73,0,68290.11,January,Medium Risk,2,11
1565,51,UAE,25-11-2023,Suite,Agent,108,11912.63,1,23825.26,November,High Risk,1,9
1568,19,USA,18-08-2023,Suite,Agent,137,4752.28,1,61779.64,August,High Risk,2,9
1570,26,UAE,19-11-2023,Suite,Corporate,95,9175.11,1,119276.43,November,Medium Risk,1,4
1572,34,USA,15-12-2023,Suite,Agent,78,5457.16,0,54571.6,December,Medium Risk,1,20
1575,60,UK,17-06-2023,Suite,Agent,45,9736.2,0,87625.8,June,Low Risk,2,16
1577,59,India,07-02-2023,Suite,Online,50,9429.89,0,28289.67,February,Low Risk,1,15
1581,20,UK,13-04-2023,Suite,Agent,57,5624.68,1,50622.12,April,Medium Risk,1,19
1583,54,USA,19-07-2023,Suite,Corporate,40,11361.62,1,102254.58,July,Low Risk,2,10
1587,47,UK,12-07-2023,Suite,Online,109,12359.23,1,160669.99,July,High Risk,2,13
1588,55,India,25-10-2023,Suite,Corporate,36,4281.55,0,34252.4,October,Low Risk,2,17
1589,51,Germany,07-02-2023,Suite,Corporate,117,2762.68,1,16576.08,February,High Risk,1,2
1592,54,India,01-06-2023,Suite,Agent,3,9331.02,0,83979.18,June,Low Risk,2,14
1593,61,UAE,18-12-2023,Suite,Agent,23,14716.53,0,206031.42,December,Low Risk,1,3
1597,66,India,18-04-2023,Suite,Corporate,26,2986.9,0,20908.3,April,Low Risk,1,1
1599,29,UK,31-05-2023,Suite,Agent,80,4585.95,1,27515.7,May,Medium Risk,2,12
1600,33,UAE,15-03-2023,Suite,Agent,120,13242.26,1,185391.64,March,High Risk,1,1
1604,48,UAE,19-10-2023,Suite,Corporate,56,12496.16,0,162450.08,October,Medium Risk,2,4
1605,38,UK,09-11-2023,Suite,Agent,71,9934.58,0,39738.32,November,Medium Risk,1,5
1606,34,India,12-09-2023,Suite,Online,107,3064.35,1,9193.05,September,High Risk,1,18
1607,40,India,11-09-2023,Suite,Corporate,72,13558.72,0,94911.04,September,Medium Risk,2,14
1608,54,Germany,16-09-2023,Suite,Agent,17,13398.55,1,80391.3,September,Low Risk,2,5
1610,23,India,03-02-2023,Suite,Online,178,7884.12,1,70957.08,February,High Risk,2,4
1613,35,UAE,26-08-2023,Suite,Online,38,12941.98,0,116477.82,August,Low Risk,2,20
1618,58,UK,20-08-2023,Suite,Agent,45,10408.72,1,52043.6,August,Low Risk,2,10
1626,34,Germany,19-11-2023,Suite,Corporate,57,8552.24,1,94074.64,November,Medium Risk,1,10
1627,40,Germany,13-06-2023,Suite,Corporate,36,8539.89,0,111018.57,June,Low Risk,1,13
1628,43,India,16-03-2023,Suite,Corporate,153,7564.73,1,105906.22,March,High Risk,1,15
1629,38,USA,21-08-2023,Suite,Agent,8,10851.74,0,130220.88,August,Low Risk,1,12
1632,31,UK,09-01-2023,Suite,Agent,98,3359.96,1,43679.48,January,Medium Risk,1,9
1634,24,UAE,01-11-2023,Suite,Corporate,153,11155.93,1,89247.44,November,High Risk,1,20
1640,40,India,02-02-2023,Suite,Online,129,12436.48,1,174110.72,February,High Risk,1,17
1645,69,UAE,21-07-2023,Suite,Corporate,99,10402.51,0,10402.51,July,Medium Risk,1,11
1647,52,USA,24-06-2023,Suite,Agent,91,2877.04,0,25893.36,June,Medium Risk,1,8
1649,59,India,26-09-2023,Suite,Corporate,38,13079.61,0,13079.61,September,Low Risk,1,7
1650,56,India,15-03-2023,Suite,Agent,176,14046.67,1,182606.71,March,High Risk,1,10
1652,31,USA,27-12-2023,Suite,Agent,51,13372.35,0,133723.5,December,Medium Risk,1,9
1653,48,USA,22-06-2023,Suite,Corporate,121,8190.73,1,57335.11,June,High Risk,1,17
1655,52,India,02-07-2023,Suite,Online,56,8906.18,1,8906.18,July,Medium Risk,2,9
1657,62,USA,16-10-2023,Suite,Online,62,4908.96,1,68725.44,October,Medium Risk,1,10
1660,54,UAE,23-06-2023,Suite,Online,22,13907.69,0,69538.45,June,Low Risk,2,20
1661,60,Germany,26-11-2023,Suite,Agent,29,3599.13,0,50387.82,November,Low Risk,2,14
1664,40,USA,10-06-2023,Suite,Agent,53,5200.43,0,20801.72,June,Medium Risk,2,3
1667,32,UAE,09-10-2023,Suite,Online,96,6463.99,0,84031.87,October,Medium Risk,2,17
1672,42,UAE,15-05-2023,Suite,Online,51,2606.96,1,13034.8,May,Medium Risk,1,5
1676,33,USA,07-06-2023,Suite,Online,16,7486.55,0,59892.4,June,Low Risk,2,17
1680,19,UK,16-09-2023,Suite,Corporate,103,2101.04,1,25212.48,September,High Risk,1,7
1695,66,Germany,28-02-2023,Suite,Corporate,110,9523.61,1,85712.49,February,High Risk,1,17
1697,61,India,04-08-2023,Suite,Online,82,10207.19,1,10207.19,August,Medium Risk,1,12
1699,61,India,31-10-2023,Suite,Agent,73,14928.42,0,119427.36,October,Medium Risk,2,10
1700,64,USA,22-03-2023,Suite,Online,54,8614.69,1,17229.38,March,Medium Risk,1,2
1701,27,UK,01-11-2023,Suite,Online,60,2669.24,1,34700.12,November,Medium Risk,1,15
1712,31,UK,11-10-2023,Suite,Online,80,14321.63,1,128894.67,October,Medium Risk,2,9
1713,47,UK,28-06-2023,Suite,Corporate,179,10686.22,1,149607.08,June,High Risk,2,17
1716,35,UAE,04-11-2023,Suite,Corporate,33,7856.71,0,31426.84,November,Low Risk,2,10
1719,65,Germany,15-06-2023,Suite,Agent,172,3909.29,1,31274.32,June,High Risk,2,8
1722,32,UK,07-05-2023,Suite,Corporate,109,7744.55,1,69700.95,May,High Risk,1,3
1724,32,UAE,20-12-2023,Suite,Corporate,53,9801.53,0,58809.18,December,Medium Risk,1,1
1733,56,UAE,23-09-2023,Suite,Agent,142,8527.41,1,34109.64,September,High Risk,2,13
1734,63,USA,17-06-2023,Suite,Online,45,8788.09,1,17576.18,June,Low Risk,2,20
1736,28,UAE,05-07-2023,Suite,Online,5,13665.69,0,136656.9,July,Low Risk,1,9
1737,30,UAE,19-12-2023,Suite,Agent,167,5107.36,1,51073.6,December,High Risk,2,15
1738,51,India,19-09-2023,Suite,Agent,162,7381.45,1,95958.85,September,High Risk,1,18
1739,42,USA,01-10-2023,Suite,Online,80,14808.83,1,207323.62,October,Medium Risk,1,14
1740,24,UAE,24-11-2023,Suite,Online,150,3480.64,1,13922.56,November,High Risk,1,6
1743,25,Germany,11-02-2023,Suite,Online,164,7457.27,1,44743.62,February,High Risk,1,4
1744,37,UK,04-01-2023,Suite,Corporate,134,7436.51,1,7436.51,January,High Risk,2,20
1746,68,UAE,11-10-2023,Suite,Corporate,23,2134.71,0,23481.81,October,Low Risk,1,4
1747,62,India,12-07-2023,Suite,Agent,79,6773.65,0,67736.5,July,Medium Risk,2,7
1756,23,India,02-07-2023,Suite,Online,90,8664.74,0,43323.7,July,Medium Risk,2,20
1761,66,India,14-06-2023,Suite,Online,105,11812.23,1,35436.69,June,High Risk,2,16
1764,37,India,23-09-2023,Suite,Online,150,13534.83,1,54139.32,September,High Risk,1,9
1769,35,USA,14-08-2023,Suite,Corporate,108,6431.36,1,64313.6,August,High Risk,2,17
1772,20,Germany,14-12-2023,Suite,Corporate,142,12925.67,1,64628.35,December,High Risk,1,6
1773,49,UK,11-11-2023,Suite,Online,28,5274.28,0,47468.52,November,Low Risk,2,12
1774,52,USA,13-01-2023,Suite,Agent,69,7064.47,1,35322.35,January,Medium Risk,2,8
1780,21,USA,26-02-2023,Suite,Corporate,6,12760.46,0,89323.22,February,Low Risk,1,9
1784,28,Germany,10-07-2023,Suite,Corporate,7,13092.22,0,65461.1,July,Low Risk,1,13
1786,20,India,07-07-2023,Suite,Agent,84,14843.94,0,89063.64,July,Medium Risk,2,13
1790,20,UK,13-03-2023,Suite,Corporate,83,4485.96,0,8971.92,March,Medium Risk,2,20
1793,29,UAE,26-09-2023,Suite,Corporate,136,2602.36,1,31228.32,September,High Risk,1,2
1794,59,India,21-02-2023,Suite,Corporate,165,7560.41,1,22681.23,February,High Risk,1,14
1799,22,Germany,27-08-2023,Suite,Agent,1,8574.39,1,51446.34,August,Low Risk,2,20
1801,51,India,12-09-2023,Suite,Agent,16,12178.86,1,158325.18,September,Low Risk,1,9
1806,22,USA,05-04-2023,Suite,Corporate,47,9577.43,1,105351.73,April,Low Risk,2,1
1807,65,UAE,03-12-2023,Suite,Corporate,151,8698.7,1,95685.7,December,High Risk,2,17
1811,54,USA,04-04-2023,Suite,Corporate,105,3740.76,1,18703.8,April,High Risk,1,1
1815,22,Germany,18-02-2023,Suite,Corporate,32,6223.79,1,80909.27,February,Low Risk,1,9
1824,20,UK,02-06-2023,Suite,Agent,170,9294.97,1,18589.94,June,High Risk,2,3
1825,57,USA,27-08-2023,Suite,Corporate,120,9472.64,1,75781.12,August,High Risk,2,13
1830,62,Germany,05-06-2023,Suite,Online,98,3013.98,1,15069.9,June,Medium Risk,1,12
1831,50,Germany,08-01-2023,Suite,Corporate,67,12514.16,0,75084.96,January,Medium Risk,1,8
1834,36,India,19-10-2023,Suite,Corporate,74,3564.62,0,42775.44,October,Medium Risk,1,13
1840,58,UK,19-11-2023,Suite,Agent,45,4039.29,1,40392.9,November,Low Risk,2,10
1841,30,UK,05-11-2023,Suite,Corporate,139,10576.65,1,31729.95,November,High Risk,2,15
1845,59,India,16-08-2023,Suite,Agent,103,12842.2,1,115579.8,August,High Risk,1,14
1853,68,Germany,16-02-2023,Suite,Corporate,169,7731.03,1,61848.24,February,High Risk,1,2
1854,48,Germany,18-07-2023,Suite,Agent,52,4220.23,1,29541.61,July,Medium Risk,2,5
1858,49,UK,06-02-2023,Suite,Corporate,173,8634.08,1,43170.4,February,High Risk,1,6
1859,60,Germany,22-07-2023,Suite,Corporate,116,5603.69,1,16811.07,July,High Risk,1,17
1861,56,USA,19-10-2023,Suite,Agent,171,14561.73,1,203864.22,October,High Risk,1,20
1866,31,UK,21-07-2023,Suite,Agent,154,2287.04,1,29731.52,July,High Risk,1,7
1867,30,USA,15-02-2023,Suite,Online,69,8948.2,0,98430.2,February,Medium Risk,1,3
1868,46,UAE,17-06-2023,Suite,Corporate,97,8390.89,0,8390.89,June,Medium Risk,2,8
1880,48,UK,10-07-2023,Suite,Corporate,62,4408.89,0,4408.89,July,Medium Risk,2,3
1882,41,USA,05-07-2023,Suite,Corporate,132,10175.6,1,101756,July,High Risk,1,19
1887,36,India,12-02-2023,Suite,Online,110,12318.43,1,147821.16,February,High Risk,1,17
1895,32,UK,20-09-2023,Suite,Online,30,14663.79,1,14663.79,September,Low Risk,1,12
1896,47,India,23-06-2023,Suite,Online,4,5881.06,0,29405.3,June,Low Risk,2,18
1897,54,India,23-02-2023,Suite,Online,59,5335.42,0,16006.26,February,Medium Risk,2,17
1898,46,UK,08-08-2023,Suite,Agent,88,13630.53,0,54522.12,August,Medium Risk,1,11
1901,37,USA,14-07-2023,Suite,Agent,41,5013.43,0,70188.02,July,Low Risk,2,8
1905,21,Germany,09-06-2023,Suite,Agent,76,3889.53,0,31116.24,June,Medium Risk,2,20
1910,34,UAE,13-01-2023,Suite,Agent,130,14482.48,1,14482.48,January,High Risk,2,20
1912,18,UK,10-12-2023,Suite,Online,44,4091.12,0,49093.44,December,Low Risk,1,4
1914,43,UK,21-09-2023,Suite,Agent,1,11521.7,1,161303.8,September,Low Risk,1,14
1915,35,India,24-03-2023,Suite,Corporate,46,3920.57,0,3920.57,March,Low Risk,1,2
1917,31,Germany,30-11-2023,Suite,Online,156,9269.77,1,55618.62,November,High Risk,1,16
1921,53,UK,24-10-2023,Suite,Agent,39,6969.35,1,20908.05,October,Low Risk,2,3
1925,24,Germany,30-03-2023,Suite,Online,62,11864.73,0,11864.73,March,Medium Risk,1,11
1926,46,Germany,29-11-2023,Suite,Online,55,13919.11,1,139191.1,November,Medium Risk,2,9
1931,32,India,20-12-2023,Suite,Corporate,156,9375.08,1,103125.88,December,High Risk,1,1
1940,46,UK,18-06-2023,Suite,Agent,8,14614.14,0,204597.96,June,Low Risk,1,5
1941,21,India,10-05-2023,Suite,Agent,156,14053.21,1,70266.05,May,High Risk,2,9
1943,52,USA,02-12-2023,Suite,Corporate,91,3732.79,0,18663.95,December,Medium Risk,1,13
1944,30,Germany,23-08-2023,Suite,Agent,124,5830.18,1,29150.9,August,High Risk,1,3
1954,64,USA,21-05-2023,Suite,Online,62,6491.14,0,38946.84,May,Medium Risk,1,16
1955,31,India,13-09-2023,Suite,Corporate,166,9393.51,1,65754.57,September,High Risk,1,1
1967,33,India,21-07-2023,Suite,Agent,130,5500.65,1,16501.95,July,High Risk,1,11
1968,54,UAE,21-07-2023,Suite,Online,4,11286.93,0,22573.86,July,Low Risk,1,5
1970,23,UAE,26-02-2023,Suite,Agent,169,11034.4,1,99309.6,February,High Risk,1,12
1971,36,India,05-07-2023,Suite,Agent,142,13591.05,1,108728.4,July,High Risk,1,13
1975,55,Germany,22-04-2023,Suite,Agent,93,11317.2,0,147123.6,April,Medium Risk,2,9
1978,52,UAE,22-07-2023,Suite,Agent,77,12308.46,0,24616.92,July,Medium Risk,2,20
1981,41,UAE,24-12-2023,Suite,Online,3,6473.34,1,38840.04,December,Low Risk,1,1
1983,35,India,28-10-2023,Suite,Corporate,127,3262.21,1,32622.1,October,High Risk,2,11
1985,61,USA,04-07-2023,Suite,Agent,67,14398.79,0,143987.9,July,Medium Risk,1,7
1989,63,Germany,20-10-2023,Suite,Agent,163,8248.07,1,98976.84,October,High Risk,2,2
1993,25,USA,16-08-2023,Suite,Online,49,13158.01,0,118422.09,August,Low Risk,1,17
1995,44,USA,30-07-2023,Suite,Corporate,66,14958.1,0,119664.8,July,Medium Risk,2,19
1998,69,UK,23-01-2023,Suite,Online,61,11066.2,0,11066.2,January,Medium Risk,1,8
2000,20,Germany,07-07-2023,Suite,Corporate,121,5910.06,1,35460.36,July,High Risk,1,19
2002,61,USA,18-02-2023,Suite,Online,122,7595.5,1,7595.5,February,High Risk,1,12
2005,37,UAE,08-02-2023,Suite,Agent,145,3896.13,1,35065.17,February,High Risk,1,4
2015,53,UAE,21-09-2023,Suite,Agent,128,4717.88,1,61332.44,September,High Risk,1,16
2016,26,India,22-10-2023,Suite,Corporate,34,2447.84,0,4895.68,October,Low Risk,2,12
2024,30,UAE,15-12-2023,Suite,Agent,18,6073.86,0,36443.16,December,Low Risk,2,2
2025,34,India,16-12-2023,Suite,Corporate,120,10683.72,1,32051.16,December,High Risk,2,19
2030,35,USA,05-10-2023,Suite,Agent,28,3512.33,0,38635.63,October,Low Risk,2,6
2034,55,Germany,26-04-2023,Suite,Agent,178,13761.27,1,96328.89,April,High Risk,2,20
2036,28,UAE,08-06-2023,Suite,Corporate,49,9374.27,1,74994.16,June,Low Risk,1,12
2038,42,UAE,21-03-2023,Suite,Corporate,136,6472.93,1,6472.93,March,High Risk,2,14
2039,50,UK,07-03-2023,Suite,Agent,161,14838.86,1,103872.02,March,High Risk,1,7
2043,28,India,28-02-2023,Suite,Agent,79,4494.11,0,26964.66,February,Medium Risk,2,14
2044,39,UK,22-08-2023,Suite,Online,27,6222.93,1,31114.65,August,Low Risk,2,18
2047,58,India,23-02-2023,Suite,Corporate,110,4010,1,20050,February,High Risk,1,11
2048,34,India,03-12-2023,Suite,Corporate,5,7031.24,1,35156.2,December,Low Risk,1,13
2049,29,Germany,09-01-2023,Suite,Online,117,3307.5,1,9922.5,January,High Risk,1,16
2054,39,Germany,20-04-2023,Suite,Online,10,9913.89,0,39655.56,April,Low Risk,2,1
2056,37,UK,23-09-2023,Suite,Agent,13,8234.41,0,41172.05,September,Low Risk,2,4
2062,50,UK,08-02-2023,Suite,Online,10,2878.12,0,25903.08,February,Low Risk,1,18
2063,19,UAE,25-06-2023,Suite,Online,111,5913.5,1,23654,June,High Risk,1,7
2065,50,UK,11-11-2023,Suite,Agent,22,2757.15,0,27571.5,November,Low Risk,2,5
2066,58,Germany,08-03-2023,Suite,Online,108,12963.72,1,77782.32,March,High Risk,2,16
2069,50,UAE,03-07-2023,Suite,Corporate,159,11643.52,1,104791.68,July,High Risk,1,6
2072,43,USA,17-10-2023,Suite,Corporate,93,13146.17,1,184046.38,October,Medium Risk,2,18
2073,39,UAE,17-03-2023,Suite,Corporate,121,8631.75,1,60422.25,March,High Risk,1,12
2075,19,India,22-08-2023,Suite,Corporate,50,9603.83,0,57622.98,August,Low Risk,2,19
2077,56,Germany,10-10-2023,Suite,Agent,50,8776.87,0,70214.96,October,Low Risk,2,15
2081,32,USA,27-01-2023,Suite,Corporate,120,2188.93,1,21889.3,January,High Risk,1,10
2082,51,Germany,23-02-2023,Suite,Agent,43,6422.44,1,77069.28,February,Low Risk,1,12
2093,56,India,16-09-2023,Suite,Agent,171,5585.72,1,27928.6,September,High Risk,1,15
2094,48,UAE,01-06-2023,Suite,Corporate,131,10666.24,1,149327.36,June,High Risk,1,14
2095,49,UK,19-09-2023,Suite,Agent,73,8131.44,0,97577.28,September,Medium Risk,2,19
2098,29,USA,20-06-2023,Suite,Agent,93,6892.82,1,48249.74,June,Medium Risk,2,4
2101,67,India,30-10-2023,Suite,Agent,101,11116.22,1,100045.98,October,High Risk,2,5
2103,37,UK,11-10-2023,Suite,Online,35,3815,0,41965,October,Low Risk,2,17
2104,64,USA,29-10-2023,Suite,Agent,3,13240.83,0,52963.32,October,Low Risk,2,18
2107,37,UAE,04-08-2023,Suite,Agent,69,9680.73,1,116168.76,August,Medium Risk,2,3
2108,33,India,16-05-2023,Suite,Corporate,6,14064.69,0,28129.38,May,Low Risk,2,1
2113,20,USA,20-01-2023,Suite,Corporate,29,12863.3,1,180086.2,January,Low Risk,1,15
2118,35,India,04-04-2023,Suite,Corporate,111,9934.68,1,89412.12,April,High Risk,1,2
2119,29,UK,17-04-2023,Suite,Corporate,29,10369.43,0,72586.01,April,Low Risk,1,11
2121,29,USA,12-03-2023,Suite,Agent,35,3561.26,0,32051.34,March,Low Risk,1,10
2122,30,Germany,25-03-2023,Suite,Agent,122,9778.11,1,117337.32,March,High Risk,2,10
2132,49,UAE,13-12-2023,Suite,Online,145,10921.28,1,32763.84,December,High Risk,1,13
2135,35,UK,20-03-2023,Suite,Agent,153,13891.65,1,111133.2,March,High Risk,1,9
2139,39,India,19-02-2023,Suite,Agent,155,8635.97,1,94995.67,February,High Risk,1,4
2141,49,UK,05-04-2023,Suite,Agent,74,3118.91,1,34308.01,April,Medium Risk,2,2
2142,58,UK,15-09-2023,Suite,Corporate,126,14639.04,1,102473.28,September,High Risk,2,13
2146,68,UAE,26-11-2023,Suite,Corporate,151,11878.42,1,23756.84,November,High Risk,2,19
2152,29,UK,27-09-2023,Suite,Corporate,83,14889.99,1,208459.86,September,Medium Risk,1,15
2154,47,India,06-06-2023,Suite,Agent,50,6898.61,0,41391.66,June,Low Risk,2,10
2156,48,UK,26-03-2023,Suite,Online,83,10952.69,1,10952.69,March,Medium Risk,1,1
2158,37,UAE,03-10-2023,Suite,Agent,12,6847.58,1,95866.12,October,Low Risk,1,19
2162,61,India,04-08-2023,Suite,Agent,151,8067.69,1,80676.9,August,High Risk,1,1
2164,41,UK,24-05-2023,Suite,Online,62,6937.5,1,76312.5,May,Medium Risk,2,12
2169,58,India,15-04-2023,Suite,Agent,14,9951.54,1,119418.48,April,Low Risk,1,19
2172,53,USA,24-09-2023,Suite,Online,94,5831.67,0,52485.03,September,Medium Risk,2,3
2177,23,India,06-11-2023,Suite,Corporate,43,11009.59,0,154134.26,November,Low Risk,1,8
2180,68,UK,07-10-2023,Suite,Online,116,14508,1,101556,October,High Risk,2,15
2183,20,UK,02-08-2023,Suite,Corporate,56,9670.43,1,9670.43,August,Medium Risk,1,10
2185,35,USA,07-01-2023,Suite,Corporate,33,6303.16,0,56728.44,January,Low Risk,1,14
2196,40,Germany,07-04-2023,Suite,Online,130,5348.87,1,42790.96,April,High Risk,1,20
2199,31,USA,30-01-2023,Suite,Online,23,7777.04,1,69993.36,January,Low Risk,1,9
2205,62,UAE,23-11-2023,Suite,Agent,123,12809.38,1,64046.9,November,High Risk,2,16
2213,56,UK,01-12-2023,Suite,Corporate,132,13551.96,1,54207.84,December,High Risk,2,4
2218,19,UK,02-12-2023,Suite,Corporate,71,3030.57,0,15152.85,December,Medium Risk,2,20
2220,54,UAE,22-03-2023,Suite,Agent,50,6234.31,0,31171.55,March,Low Risk,1,16
2222,18,UAE,21-09-2023,Suite,Online,8,12924.68,1,155096.16,September,Low Risk,2,16
2235,27,Germany,12-10-2023,Suite,Online,148,12038.17,1,84267.19,October,High Risk,2,16
2238,29,USA,27-12-2023,Suite,Agent,74,2857.28,0,34287.36,December,Medium Risk,2,12
2240,58,Germany,03-03-2023,Suite,Agent,34,10485.18,0,31455.54,March,Low Risk,2,13
2246,29,USA,10-07-2023,Suite,Online,54,8349.37,0,91843.07,July,Medium Risk,1,14
2248,37,Germany,01-04-2023,Suite,Online,36,7795.78,0,15591.56,April,Low Risk,1,19
2249,45,Germany,29-03-2023,Suite,Agent,51,7222.94,1,28891.76,March,Medium Risk,1,17
2250,60,UK,28-11-2023,Suite,Agent,146,14010.82,1,168129.84,November,High Risk,1,13
2255,54,Germany,20-11-2023,Suite,Corporate,106,5893.22,1,82505.08,November,High Risk,1,5
2258,61,Germany,18-01-2023,Suite,Agent,153,4655.74,1,13967.22,January,High Risk,2,19
2260,64,India,07-04-2023,Suite,Online,95,13515.87,0,148674.57,April,Medium Risk,2,18
2261,32,Germany,10-10-2023,Suite,Corporate,20,10641.05,1,63846.3,October,Low Risk,1,5
2263,61,UK,28-08-2023,Suite,Online,52,13412.9,1,187780.6,August,Medium Risk,1,4
2265,67,USA,10-12-2023,Suite,Online,175,8603.06,1,86030.6,December,High Risk,2,6
2266,31,India,23-02-2023,Suite,Corporate,112,14350.6,1,172207.2,February,High Risk,2,12
2271,43,UAE,23-02-2023,Suite,Online,102,8882.39,1,71059.12,February,High Risk,1,16
2276,54,USA,16-08-2023,Suite,Corporate,31,8470.65,1,93177.15,August,Low Risk,1,15
2280,68,India,17-11-2023,Suite,Corporate,121,6559.22,1,85269.86,November,High Risk,2,11
2282,29,India,06-02-2023,Suite,Corporate,97,6379.52,0,76554.24,February,Medium Risk,2,20
2286,41,USA,28-07-2023,Suite,Online,106,4473.76,1,35790.08,July,High Risk,1,18
2288,51,USA,30-10-2023,Suite,Agent,130,11599.63,1,57998.15,October,High Risk,2,14
2290,67,UAE,13-01-2023,Suite,Online,83,3527,0,14108,January,Medium Risk,1,3
2292,56,Germany,05-05-2023,Suite,Corporate,105,10377.62,1,10377.62,May,High Risk,2,12
2294,64,UK,08-09-2023,Suite,Corporate,137,14701.17,1,132310.53,September,High Risk,2,13
2296,67,USA,23-08-2023,Suite,Online,100,8399.36,1,16798.72,August,Medium Risk,1,5
2300,37,USA,24-07-2023,Suite,Online,124,10954.32,1,21908.64,July,High Risk,1,1
2301,40,USA,19-03-2023,Suite,Corporate,86,8141.72,1,97700.64,March,Medium Risk,1,14
2308,67,UK,07-09-2023,Suite,Online,97,14174.99,1,14174.99,September,Medium Risk,2,2
2310,18,Germany,20-07-2023,Suite,Online,95,7021.83,0,21065.49,July,Medium Risk,1,19
2317,39,UK,30-12-2023,Suite,Agent,132,6862.37,1,20587.11,December,High Risk,1,18
2323,27,UK,04-01-2023,Suite,Agent,4,7958.54,0,111419.56,January,Low Risk,1,2
2326,35,UK,24-04-2023,Suite,Online,3,4131.94,0,53715.22,April,Low Risk,1,1
2331,57,USA,19-09-2023,Suite,Online,105,5864.82,1,5864.82,September,High Risk,1,12
2332,66,USA,08-09-2023,Suite,Corporate,155,8938,1,62566,September,High Risk,1,5
2336,42,Germany,25-07-2023,Suite,Corporate,79,14204.36,1,42613.08,July,Medium Risk,1,4
2341,36,India,12-12-2023,Suite,Online,18,6567.93,0,26271.72,December,Low Risk,2,16
2342,48,UK,12-01-2023,Suite,Corporate,73,13675.44,0,150429.84,January,Medium Risk,2,11
2343,33,India,16-05-2023,Suite,Online,122,12084.69,1,84592.83,May,High Risk,1,1
2344,31,India,26-11-2023,Suite,Online,54,12821.77,1,128217.7,November,Medium Risk,1,20
2345,65,UAE,24-05-2023,Suite,Online,82,5800.46,0,81206.44,May,Medium Risk,2,10
2346,22,Germany,09-10-2023,Suite,Online,163,13355.31,1,146908.41,October,High Risk,1,10
2348,43,India,28-10-2023,Suite,Agent,106,11594.21,1,150724.73,October,High Risk,2,4
2350,19,UAE,06-12-2023,Suite,Online,115,5185.2,1,67407.6,December,High Risk,2,1
2355,58,UAE,06-06-2023,Suite,Corporate,167,11085.23,1,121937.53,June,High Risk,1,9
2357,65,UK,17-01-2023,Suite,Online,54,10658.97,0,53294.85,January,Medium Risk,1,12
2360,30,India,07-08-2023,Suite,Online,3,11954.73,0,35864.19,August,Low Risk,2,5
2368,21,UK,07-10-2023,Suite,Online,1,7518.2,0,52627.4,October,Low Risk,1,2
2369,55,USA,22-05-2023,Suite,Corporate,66,7595.16,1,106332.24,May,Medium Risk,1,12
2375,58,USA,29-03-2023,Suite,Online,92,12593.74,1,100749.92,March,Medium Risk,2,12
2376,40,USA,08-04-2023,Suite,Agent,172,6744.47,1,26977.88,April,High Risk,2,12
2378,62,USA,07-07-2023,Suite,Corporate,46,14165.96,0,42497.88,July,Low Risk,1,16
2382,24,UK,09-10-2023,Suite,Online,154,5155.31,1,25776.55,October,High Risk,2,10
2387,29,UAE,10-09-2023,Suite,Agent,133,4608.84,1,13826.52,September,High Risk,2,19
2388,24,India,09-06-2023,Suite,Corporate,156,5455.49,1,65465.88,June,High Risk,1,2
2389,32,UAE,15-12-2023,Suite,Online,69,5160.89,0,15482.67,December,Medium Risk,2,9
2393,42,UAE,06-03-2023,Suite,Online,69,4293.37,1,25760.22,March,Medium Risk,2,6
2394,50,Germany,16-10-2023,Suite,Online,4,6460.19,0,12920.38,October,Low Risk,1,2
2396,49,Germany,04-01-2023,Suite,Corporate,139,10638.32,1,85106.56,January,High Risk,2,15
2399,61,Germany,13-06-2023,Suite,Agent,135,13934.24,1,69671.2,June,High Risk,2,13
2402,28,USA,05-06-2023,Suite,Online,63,14576.01,1,29152.02,June,Medium Risk,2,9
2403,52,Germany,19-09-2023,Suite,Agent,177,13288.78,1,39866.34,September,High Risk,2,3
2404,25,UAE,22-06-2023,Suite,Agent,96,12481.5,0,12481.5,June,Medium Risk,1,1
2406,31,UAE,02-03-2023,Suite,Online,39,12895.14,0,90265.98,March,Low Risk,1,12
2407,27,UK,22-12-2023,Suite,Agent,30,7919.01,1,47514.06,December,Low Risk,2,10
2410,26,UAE,24-01-2023,Suite,Agent,29,4236.71,0,33893.68,January,Low Risk,2,19
2411,20,India,20-10-2023,Suite,Online,94,13985.19,1,41955.57,October,Medium Risk,1,5
2418,45,USA,23-12-2023,Suite,Online,52,10205.86,0,10205.86,December,Medium Risk,2,14
2427,32,India,06-04-2023,Suite,Online,78,7748.09,0,69732.81,April,Medium Risk,1,6
2436,67,Germany,23-03-2023,Suite,Agent,108,4160.88,1,54091.44,March,High Risk,2,18
2439,62,India,06-12-2023,Suite,Corporate,101,12713.64,1,127136.4,December,High Risk,1,4
2441,40,India,14-08-2023,Suite,Agent,36,13671.34,1,150384.74,August,Low Risk,1,12
2442,60,Germany,28-01-2023,Suite,Online,105,3566.72,1,24967.04,January,High Risk,1,8
2445,32,India,29-11-2023,Suite,Agent,107,8630.33,1,43151.65,November,High Risk,1,4
2448,28,UK,15-10-2023,Suite,Corporate,135,2516.93,1,25169.3,October,High Risk,2,16
2449,68,USA,24-04-2023,Suite,Agent,61,8180.11,1,89981.21,April,Medium Risk,2,2
2451,21,UAE,18-08-2023,Suite,Online,141,4629.03,1,64806.42,August,High Risk,1,9
2456,51,Germany,25-12-2023,Suite,Agent,131,10589.04,1,63534.24,December,High Risk,1,8
2457,31,UK,29-11-2023,Suite,Online,170,2157.99,1,30211.86,November,High Risk,2,11
2461,63,Germany,29-07-2023,Suite,Agent,64,11432.55,1,22865.1,July,Medium Risk,2,15
2462,44,UK,06-11-2023,Suite,Agent,94,9950.99,0,119411.88,November,Medium Risk,2,17
2463,46,USA,23-10-2023,Suite,Corporate,129,3157.7,1,22103.9,October,High Risk,2,15
2464,64,USA,13-07-2023,Suite,Corporate,104,14098.4,1,169180.8,July,High Risk,1,20
2472,35,USA,04-04-2023,Suite,Agent,40,10029.27,0,80234.16,April,Low Risk,1,10
2477,43,UK,13-12-2023,Suite,Corporate,143,12225.72,1,122257.2,December,High Risk,2,20
2479,47,Germany,11-11-2023,Suite,Corporate,158,8552.66,1,34210.64,November,High Risk,1,19
2484,27,UK,16-01-2023,Suite,Corporate,38,10528.4,1,73698.8,January,Low Risk,2,2
2489,66,UK,06-02-2023,Suite,Online,168,8662.34,1,103948.08,February,High Risk,2,4
2495,24,India,01-02-2023,Suite,Online,177,9372.26,1,56233.56,February,High Risk,2,14
2496,18,India,25-05-2023,Suite,Corporate,98,9247.12,1,46235.6,May,Medium Risk,1,13
2499,59,Germany,26-06-2023,Suite,Online,66,10008.58,0,130111.54,June,Medium Risk,2,1
2500,64,UK,26-06-2023,Suite,Agent,76,8849.67,0,61947.69,June,Medium Risk,1,20
2502,39,UAE,18-03-2023,Suite,Agent,44,3013.18,1,9039.54,March,Low Risk,1,9
2503,38,UAE,27-03-2023,Suite,Agent,90,9036.48,1,63255.36,March,Medium Risk,1,3
2507,43,UAE,19-09-2023,Suite,Agent,21,9623.59,1,67365.13,September,Low Risk,2,11
2508,26,India,16-09-2023,Suite,Corporate,101,5087.77,1,20351.08,September,High Risk,2,16
2509,32,India,16-02-2023,Suite,Corporate,136,4118.37,1,53538.81,February,High Risk,1,6
2511,41,UK,04-04-2023,Suite,Online,41,11868.12,0,118681.2,April,Low Risk,1,2
2512,59,UK,12-08-2023,Suite,Agent,58,5256.65,0,68336.45,August,Medium Risk,2,11
2516,66,UK,19-11-2023,Suite,Corporate,113,13083.79,1,170089.27,November,High Risk,2,6
2519,54,Germany,23-11-2023,Suite,Online,28,2848.78,1,37034.14,November,Low Risk,2,15
2520,21,USA,11-05-2023,Suite,Online,20,4095.4,0,53240.2,May,Low Risk,2,12
2523,36,India,19-11-2023,Suite,Online,62,12859.57,1,77157.42,November,Medium Risk,2,20
2525,56,Germany,31-01-2023,Suite,Online,139,3482.16,1,3482.16,January,High Risk,1,11
2527,42,UAE,25-07-2023,Suite,Corporate,0,14065.36,1,140653.6,July,Low Risk,2,16
2530,53,India,31-01-2023,Suite,Agent,116,9897.48,1,49487.4,January,High Risk,1,4
2531,27,USA,10-07-2023,Suite,Online,58,10160.88,0,50804.4,July,Medium Risk,1,14
2537,52,Germany,16-12-2023,Suite,Agent,19,6546,0,85098,December,Low Risk,2,8
2538,61,UK,13-08-2023,Suite,Corporate,84,10294.4,1,30883.2,August,Medium Risk,2,10
2548,45,India,02-03-2023,Suite,Online,25,13035.89,1,65179.45,March,Low Risk,2,20
2549,24,India,15-04-2023,Suite,Corporate,160,3035.64,1,36427.68,April,High Risk,1,17
2551,28,USA,14-01-2023,Suite,Corporate,93,8010.84,0,56075.88,January,Medium Risk,2,11
2556,42,UAE,07-03-2023,Suite,Online,109,5746.1,1,5746.1,March,High Risk,1,4
2557,19,UAE,01-02-2023,Suite,Online,137,8920.01,1,71360.08,February,High Risk,2,7
2558,52,India,06-04-2023,Suite,Corporate,31,7593.97,1,68345.73,April,Low Risk,1,6
2559,24,UAE,27-02-2023,Suite,Online,50,11153.67,0,111536.7,February,Low Risk,2,13
2561,35,UK,08-11-2023,Suite,Online,65,13607.18,1,190500.52,November,Medium Risk,1,1
2562,20,USA,14-05-2023,Suite,Corporate,30,8375.59,1,92131.49,May,Low Risk,2,10
2564,56,Germany,08-03-2023,Suite,Online,11,8414.11,0,16828.22,March,Low Risk,2,12
2565,58,USA,27-06-2023,Suite,Corporate,30,10094.27,1,111036.97,June,Low Risk,2,4
2572,21,India,17-10-2023,Suite,Online,168,10426.55,1,52132.75,October,High Risk,2,4
2573,43,USA,27-08-2023,Suite,Agent,103,14515.54,1,159670.94,August,High Risk,2,3
2574,55,UK,28-08-2023,Suite,Agent,179,4369.6,1,34956.8,August,High Risk,1,19
2575,59,India,22-10-2023,Suite,Online,153,11021.77,1,66130.62,October,High Risk,2,11
2579,63,UK,31-10-2023,Suite,Corporate,110,6720.38,1,87364.94,October,High Risk,2,18
2580,53,UAE,01-11-2023,Suite,Agent,157,14419.7,1,57678.8,November,High Risk,1,8
2583,50,Germany,22-12-2023,Suite,Online,94,10465.16,0,115116.76,December,Medium Risk,2,19
2586,26,UK,08-08-2023,Suite,Corporate,145,9020.39,1,45101.95,August,High Risk,2,16
2588,50,UAE,17-10-2023,Suite,Agent,105,13254.72,1,132547.2,October,High Risk,1,4
2589,23,USA,03-11-2023,Suite,Agent,129,8372.5,1,33490,November,High Risk,2,19
2592,21,USA,12-09-2023,Suite,Agent,15,4553.04,1,18212.16,September,Low Risk,1,4
2594,66,USA,10-03-2023,Suite,Online,132,10449.75,1,104497.5,March,High Risk,2,5
2597,61,UK,16-05-2023,Suite,Online,71,14723.62,1,176683.44,May,Medium Risk,1,19
2598,44,Germany,23-05-2023,Suite,Agent,87,5529.87,1,33179.22,May,Medium Risk,1,15
2599,49,Germany,05-12-2023,Suite,Corporate,146,14566.52,1,14566.52,December,High Risk,2,11
2613,19,India,31-08-2023,Suite,Corporate,5,3888.84,0,11666.52,August,Low Risk,1,10
2614,55,India,12-11-2023,Suite,Agent,69,4588.22,0,4588.22,November,Medium Risk,1,15
2615,34,Germany,25-01-2023,Suite,Online,158,5577.17,1,27885.85,January,High Risk,1,5
2617,51,USA,19-02-2023,Suite,Online,84,8542.99,0,102515.88,February,Medium Risk,1,2
2618,40,UAE,14-12-2023,Suite,Corporate,165,13767.84,1,151446.24,December,High Risk,2,12
2619,47,UAE,29-08-2023,Suite,Agent,101,4390.9,1,61472.6,August,High Risk,1,10
2622,39,UAE,19-07-2023,Suite,Corporate,109,4389.32,1,8778.64,July,High Risk,1,19
2623,61,UAE,22-08-2023,Suite,Corporate,138,4001.9,1,36017.1,August,High Risk,2,3
2624,53,Germany,26-01-2023,Suite,Agent,175,4019.72,1,48236.64,January,High Risk,2,3
2625,22,India,11-02-2023,Suite,Agent,85,13465.79,1,175055.27,February,Medium Risk,1,4
2629,64,Germany,21-12-2023,Suite,Agent,133,14396.09,1,187149.17,December,High Risk,1,14
2631,59,Germany,17-07-2023,Suite,Agent,106,8635.82,1,69086.56,July,High Risk,2,18
2632,47,India,14-10-2023,Suite,Corporate,128,6655.1,1,53240.8,October,High Risk,2,1
2636,33,India,26-07-2023,Suite,Corporate,135,6769.58,1,33847.9,July,High Risk,2,13
2641,33,Germany,19-05-2023,Suite,Corporate,104,3618.53,1,39803.83,May,High Risk,1,11
2643,62,UK,11-04-2023,Suite,Corporate,30,9102.32,0,45511.6,April,Low Risk,1,17
2646,68,UK,21-10-2023,Suite,Agent,18,13501.55,0,67507.75,October,Low Risk,2,2
2651,61,USA,06-07-2023,Suite,Agent,103,10535.8,1,136965.4,July,High Risk,2,16
2656,23,UAE,10-07-2023,Suite,Corporate,123,9616.18,1,115394.16,July,High Risk,2,4
2658,35,UAE,12-10-2023,Suite,Agent,104,10965.58,1,54827.9,October,High Risk,1,5
2664,29,UAE,08-06-2023,Suite,Online,5,4909.8,0,4909.8,June,Low Risk,2,20
2666,69,UK,03-09-2023,Suite,Corporate,51,13798.14,0,13798.14,September,Medium Risk,2,9
2673,62,India,10-10-2023,Suite,Online,104,11491.98,1,103427.82,October,High Risk,1,15
2676,38,India,28-05-2023,Suite,Online,29,13333.93,0,186675.02,May,Low Risk,1,6
2678,44,UK,13-04-2023,Suite,Corporate,173,13463.49,1,188488.86,April,High Risk,1,11
2682,20,USA,29-04-2023,Suite,Agent,99,11620.87,0,81346.09,April,Medium Risk,1,19
2687,35,USA,18-05-2023,Suite,Agent,0,10717.2,1,32151.6,May,Low Risk,2,6
2692,32,UK,19-10-2023,Suite,Agent,139,7567.02,1,15134.04,October,High Risk,1,12
2693,39,India,28-08-2023,Suite,Agent,19,8934.58,1,89345.8,August,Low Risk,2,15
2702,35,Germany,28-08-2023,Suite,Online,93,7842.95,1,47057.7,August,Medium Risk,1,6
2706,41,Germany,23-04-2023,Suite,Corporate,156,9638.94,1,19277.88,April,High Risk,2,17
2707,59,UAE,11-08-2023,Suite,Online,3,5833.7,0,35002.2,August,Low Risk,2,15
2708,47,Germany,11-03-2023,Suite,Agent,177,2408.18,1,4816.36,March,High Risk,2,12
2709,31,Germany,15-08-2023,Suite,Corporate,99,14177.71,1,70888.55,August,Medium Risk,1,17
2711,20,USA,29-06-2023,Suite,Online,131,9003.81,1,27011.43,June,High Risk,1,8
2717,32,USA,23-02-2023,Suite,Online,11,5775.37,1,46202.96,February,Low Risk,1,19
2719,52,India,31-03-2023,Suite,Corporate,156,7959.77,1,55718.39,March,High Risk,2,15
2720,19,USA,14-08-2023,Suite,Agent,140,7624.8,1,83872.8,August,High Risk,1,13
2721,44,UK,04-09-2023,Suite,Corporate,126,7153.39,1,14306.78,September,High Risk,2,7
2722,19,UAE,31-05-2023,Suite,Online,158,13520.32,1,81121.92,May,High Risk,2,18
2732,50,UK,14-01-2023,Suite,Agent,99,4514.44,0,49658.84,January,Medium Risk,1,18
2733,53,UAE,21-12-2023,Suite,Corporate,164,7474.94,1,59799.52,December,High Risk,1,17
2734,48,India,19-04-2023,Suite,Online,5,11713.47,0,163988.58,April,Low Risk,1,8
2738,33,UK,18-12-2023,Suite,Online,135,5872.48,1,29362.4,December,High Risk,2,20
2739,63,UK,21-10-2023,Suite,Corporate,110,6640.27,1,6640.27,October,High Risk,1,17
2742,52,Germany,07-06-2023,Suite,Online,86,2855.83,0,22846.64,June,Medium Risk,2,20
2746,30,India,11-01-2023,Suite,Online,154,13482.49,1,148307.39,January,High Risk,2,11
2756,29,UK,04-01-2023,Suite,Online,130,9566.45,1,133930.3,January,High Risk,2,2
2758,49,Germany,20-02-2023,Suite,Agent,131,4013.98,1,8027.96,February,High Risk,1,12
2762,31,UK,28-12-2023,Suite,Agent,146,11256.79,1,45027.16,December,High Risk,1,2
2766,23,UK,18-12-2023,Suite,Agent,13,10798.52,0,151179.28,December,Low Risk,1,6
2767,49,UK,13-02-2023,Suite,Agent,53,10935.49,0,153096.86,February,Medium Risk,2,4
2773,48,UK,24-09-2023,Suite,Corporate,4,13010.03,0,26020.06,September,Low Risk,2,6
2774,68,UAE,13-07-2023,Suite,Corporate,116,8523.5,1,59664.5,July,High Risk,2,11
2777,51,UAE,10-11-2023,Suite,Agent,170,3653.78,1,51152.92,November,High Risk,1,17
2782,67,UK,13-03-2023,Suite,Agent,67,14415.39,0,100907.73,March,Medium Risk,2,8
2783,48,Germany,09-05-2023,Suite,Corporate,68,3041.32,0,39537.16,May,Medium Risk,2,1
2785,26,UK,05-07-2023,Suite,Agent,91,11769.53,1,164773.42,July,Medium Risk,2,16
2790,38,UAE,27-08-2023,Suite,Online,4,11409.17,1,68455.02,August,Low Risk,1,15
2794,68,Germany,14-03-2023,Suite,Corporate,91,4915.73,0,14747.19,March,Medium Risk,1,7
2795,24,USA,12-01-2023,Suite,Corporate,174,3750.34,1,3750.34,January,High Risk,2,16
2797,33,Germany,29-06-2023,Suite,Corporate,148,4777.88,1,9555.76,June,High Risk,1,20
2798,50,USA,02-05-2023,Suite,Online,87,6452.65,0,6452.65,May,Medium Risk,1,5
2799,21,Germany,23-07-2023,Suite,Corporate,117,11531.07,1,11531.07,July,High Risk,2,12
2800,21,UAE,11-03-2023,Suite,Corporate,23,2936.14,1,20552.98,March,Low Risk,2,4
2802,57,Germany,20-07-2023,Suite,Corporate,112,8743.65,1,8743.65,July,High Risk,2,4
2803,34,USA,21-02-2023,Suite,Corporate,142,4963.26,1,44669.34,February,High Risk,2,15
2805,56,UK,27-04-2023,Suite,Corporate,88,4926.55,0,19706.2,April,Medium Risk,1,14
2806,69,India,16-09-2023,Suite,Agent,108,4995.06,1,59940.72,September,High Risk,1,2
2811,56,UK,12-02-2023,Suite,Corporate,166,10111.3,1,50556.5,February,High Risk,1,11
2814,69,UAE,13-12-2023,Suite,Online,177,11137.44,1,22274.88,December,High Risk,2,20
2815,52,UAE,21-08-2023,Suite,Online,114,10867.58,1,130410.96,August,High Risk,1,10
2817,44,India,02-01-2023,Suite,Agent,34,11222.3,0,112223,January,Low Risk,1,12
2821,24,UAE,06-03-2023,Suite,Corporate,9,11464.33,0,68785.98,March,Low Risk,1,16
2823,39,UK,13-09-2023,Suite,Corporate,162,8512.28,1,76610.52,September,High Risk,2,3
2827,38,UK,03-09-2023,Suite,Online,149,14201.98,1,71009.9,September,High Risk,1,12
2830,38,India,31-03-2023,Suite,Corporate,7,4427.96,0,26567.76,March,Low Risk,1,10
2832,40,UK,11-02-2023,Suite,Agent,57,2717.46,0,32609.52,February,Medium Risk,1,6
2833,56,Germany,04-02-2023,Suite,Agent,126,7323.77,1,95209.01,February,High Risk,1,16
2835,18,UAE,07-12-2023,Suite,Agent,149,2246.41,1,6739.23,December,High Risk,2,1
2836,30,Germany,04-05-2023,Suite,Corporate,94,5887.08,0,82419.12,May,Medium Risk,1,1
2837,38,UK,26-02-2023,Suite,Agent,167,4941.96,1,49419.6,February,High Risk,2,16
2839,67,UK,23-08-2023,Suite,Agent,173,11867.2,1,106804.8,August,High Risk,1,7
2841,38,UK,15-11-2023,Suite,Corporate,51,11984.85,1,155803.05,November,Medium Risk,2,13
2844,62,India,25-06-2023,Suite,Online,46,13988.25,1,139882.5,June,Low Risk,2,3
2846,53,India,07-02-2023,Suite,Corporate,12,8849.41,0,88494.1,February,Low Risk,1,20
2853,43,India,05-08-2023,Suite,Online,120,13992.03,1,69960.15,August,High Risk,2,8
2859,57,UK,30-07-2023,Suite,Agent,57,3057.83,0,9173.49,July,Medium Risk,1,4
2862,46,Germany,03-01-2023,Suite,Online,48,12213.84,0,97710.72,January,Low Risk,2,18
2863,69,India,02-01-2023,Suite,Online,96,9435.94,0,37743.76,January,Medium Risk,1,11
2866,59,Germany,30-05-2023,Suite,Corporate,99,3368.23,0,26945.84,May,Medium Risk,1,14
2868,59,UK,04-01-2023,Suite,Online,167,9883.11,1,79064.88,January,High Risk,1,8
2869,30,India,07-02-2023,Suite,Agent,57,4567.24,0,36537.92,February,Medium Risk,1,7
2870,66,UAE,25-12-2023,Suite,Agent,88,2664.96,0,31979.52,December,Medium Risk,2,9
2883,38,Germany,19-12-2023,Suite,Corporate,75,7433.07,1,37165.35,December,Medium Risk,2,20
2886,51,UAE,26-12-2023,Suite,Agent,154,14602.47,1,131422.23,December,High Risk,1,6
2887,25,Germany,27-03-2023,Suite,Corporate,127,6233.1,1,56097.9,March,High Risk,1,6
2888,39,UK,02-08-2023,Suite,Agent,157,4099.82,1,4099.82,August,High Risk,2,7
2893,40,USA,14-02-2023,Suite,Online,112,11796,1,117960,February,High Risk,2,5
2894,41,UAE,10-07-2023,Suite,Online,52,9812.61,0,29437.83,July,Medium Risk,1,8
2896,36,UAE,06-07-2023,Suite,Agent,146,10514.23,1,63085.38,July,High Risk,1,6
2898,49,India,29-05-2023,Suite,Corporate,134,14920.91,1,44762.73,May,High Risk,1,7
2902,54,India,15-07-2023,Suite,Corporate,95,8977.82,1,17955.64,July,Medium Risk,2,20
2903,25,UAE,03-09-2023,Suite,Agent,38,13855.38,0,124698.42,September,Low Risk,1,12
2908,18,India,12-02-2023,Suite,Corporate,38,5700.76,0,45606.08,February,Low Risk,1,17
2912,52,UK,23-01-2023,Suite,Online,100,11356.94,0,147640.22,January,Medium Risk,1,9
2916,37,UK,17-01-2023,Suite,Agent,43,13214.17,0,26428.34,January,Low Risk,2,16
2919,48,Germany,10-11-2023,Suite,Agent,134,9966.01,1,89694.09,November,High Risk,1,15
2920,63,UAE,27-03-2023,Suite,Corporate,129,3264.28,1,39171.36,March,High Risk,2,13
2923,69,Germany,11-07-2023,Suite,Agent,132,6857.86,1,48005.02,July,High Risk,1,20
2924,32,UK,28-06-2023,Suite,Online,147,6222.09,1,74665.08,June,High Risk,1,14
2927,68,USA,02-05-2023,Suite,Agent,75,13328.5,1,159942,May,Medium Risk,1,16
2930,60,Germany,08-11-2023,Suite,Online,56,2897.59,0,26078.31,November,Medium Risk,1,8
2932,22,Germany,25-01-2023,Suite,Online,137,9826.29,1,98262.9,January,High Risk,2,17
2933,47,USA,13-01-2023,Suite,Online,98,11540.92,0,92327.36,January,Medium Risk,1,3
2951,20,UK,16-03-2023,Suite,Online,59,4190.67,0,54478.71,March,Medium Risk,1,1
2953,53,UK,03-02-2023,Suite,Agent,91,10465.84,0,20931.68,February,Medium Risk,1,9
2955,31,Germany,21-04-2023,Suite,Corporate,103,12832.2,1,166818.6,April,High Risk,2,1
2959,67,Germany,01-02-2023,Suite,Corporate,139,5905.55,1,70866.6,February,High Risk,1,8
2961,38,Germany,12-05-2023,Suite,Corporate,17,10181.72,0,132362.36,May,Low Risk,2,9
2965,57,India,17-04-2023,Suite,Corporate,140,4373.02,1,43730.2,April,High Risk,1,4
2966,19,UAE,22-09-2023,Suite,Corporate,44,14963.51,0,14963.51,September,Low Risk,1,2
2972,49,Germany,16-06-2023,Suite,Online,20,3611.76,0,43341.12,June,Low Risk,2,4
2973,51,UAE,31-05-2023,Suite,Agent,23,6510.97,1,91153.58,May,Low Risk,2,12
2975,27,Germany,27-10-2023,Suite,Agent,47,13512.7,1,54050.8,October,Low Risk,1,19
2977,34,India,10-11-2023,Suite,Agent,109,14333.26,1,171999.12,November,High Risk,2,14
2978,57,Germany,31-10-2023,Suite,Corporate,58,4664.9,0,60643.7,October,Medium Risk,1,20
2980,26,UAE,03-08-2023,Suite,Online,47,7780.16,0,46680.96,August,Low Risk,2,2
2984,42,Germany,03-08-2023,Suite,Online,13,13773.93,0,179061.09,August,Low Risk,2,11
2985,67,India,05-06-2023,Suite,Agent,153,7105.76,1,21317.28,June,High Risk,2,11
2988,47,India,05-12-2023,Suite,Online,43,10374.68,0,20749.36,December,Low Risk,1,5
2989,37,Germany,03-03-2023,Suite,Agent,138,13904.96,1,41714.88,March,High Risk,2,8
2991,61,UAE,07-12-2023,Suite,Corporate,169,13365.8,1,53463.2,December,High Risk,2,11
2992,49,UK,26-01-2023,Suite,Online,162,9367.63,1,9367.63,January,High Risk,1,16
2993,68,UK,01-05-2023,Suite,Corporate,63,3274.26,0,36016.86,May,Medium Risk,2,20
2997,52,Germany,16-10-2023,Suite,Online,119,12589.85,1,113308.65,October,High Risk,2,10
3005,35,UK,22-11-2023,Suite,Online,171,4170.75,1,20853.75,November,High Risk,2,11
3015,61,UAE,07-03-2023,Suite,Corporate,5,8198.35,1,73785.15,March,Low Risk,2,2
3017,28,USA,22-02-2023,Suite,Agent,145,2264.24,1,9056.96,February,High Risk,1,10
3019,39,UK,17-11-2023,Suite,Corporate,66,11576.85,1,46307.4,November,Medium Risk,2,4
3021,42,UAE,16-11-2023,Suite,Agent,73,5559.6,1,50036.4,November,Medium Risk,2,15
3024,46,USA,03-03-2023,Suite,Online,164,2716.88,1,8150.64,March,High Risk,1,6
3026,35,India,03-12-2023,Suite,Online,131,10311.19,1,92800.71,December,High Risk,1,6
3033,67,Germany,05-10-2023,Suite,Corporate,62,11964.88,1,59824.4,October,Medium Risk,2,8
3036,68,UK,01-06-2023,Suite,Agent,149,9580.77,1,124550.01,June,High Risk,1,10
3038,41,Germany,24-08-2023,Suite,Corporate,131,11818.53,1,94548.24,August,High Risk,1,4
3039,61,India,07-06-2023,Suite,Corporate,143,3228.32,1,35511.52,June,High Risk,1,13
3043,54,UK,12-09-2023,Suite,Corporate,140,7099.13,1,63892.17,September,High Risk,2,3
3054,54,UAE,19-12-2023,Suite,Agent,58,4015.8,0,4015.8,December,Medium Risk,2,6
3055,64,India,22-07-2023,Suite,Online,59,11982.5,1,71895,July,Medium Risk,1,14
3058,33,India,06-11-2023,Suite,Corporate,92,7342.81,0,14685.62,November,Medium Risk,1,4
3066,57,Germany,13-11-2023,Suite,Agent,49,13737.5,1,109900,November,Low Risk,2,11
3071,60,UAE,24-09-2023,Suite,Corporate,168,2690.71,1,10762.84,September,High Risk,2,11
3072,42,India,10-02-2023,Suite,Agent,24,11947.29,0,35841.87,February,Low Risk,2,6
3073,27,UK,13-05-2023,Suite,Online,115,13159.22,1,144751.42,May,High Risk,1,15
3074,38,UK,07-03-2023,Suite,Online,6,12524.6,1,112721.4,March,Low Risk,1,1
3075,63,USA,29-07-2023,Suite,Online,114,11563.66,1,92509.28,July,High Risk,2,12
3077,44,UAE,21-06-2023,Suite,Online,160,13038.34,1,169498.42,June,High Risk,2,20
3079,19,Germany,28-02-2023,Suite,Corporate,11,11496.22,1,22992.44,February,Low Risk,2,20
3082,30,USA,18-11-2023,Suite,Agent,52,10695.69,0,139043.97,November,Medium Risk,1,19
3084,69,USA,12-01-2023,Suite,Online,91,2900.52,0,23204.16,January,Medium Risk,2,2
3087,59,Germany,21-07-2023,Suite,Corporate,45,3075.85,0,9227.55,July,Low Risk,1,7
3090,34,UK,11-02-2023,Suite,Corporate,176,10244.31,1,143420.34,February,High Risk,2,6
3094,37,UK,16-10-2023,Suite,Corporate,110,5513.05,1,49617.45,October,High Risk,2,5
3097,68,Germany,03-07-2023,Suite,Online,75,9999.48,0,59996.88,July,Medium Risk,1,17
3099,23,UAE,16-12-2023,Suite,Agent,169,4323.51,1,4323.51,December,High Risk,2,12
3100,36,Germany,29-05-2023,Suite,Corporate,111,10493.5,1,52467.5,May,High Risk,1,13
3104,21,USA,05-07-2023,Suite,Corporate,160,12127.38,1,145528.56,July,High Risk,1,4
3105,37,Germany,16-11-2023,Suite,Online,173,11658.87,1,11658.87,November,High Risk,2,4
3106,27,India,27-03-2023,Suite,Corporate,136,6616.99,1,33084.95,March,High Risk,2,4
3107,41,UAE,23-06-2023,Suite,Agent,37,8949.87,0,116348.31,June,Low Risk,1,1
3111,55,UK,14-04-2023,Suite,Corporate,26,5501.58,0,66018.96,April,Low Risk,1,12
3114,56,USA,08-06-2023,Suite,Agent,153,6782.62,1,61043.58,June,High Risk,1,10
3115,38,UAE,20-08-2023,Suite,Agent,77,11432.91,0,68597.46,August,Medium Risk,2,9
3118,63,USA,22-01-2023,Suite,Agent,10,5916.3,0,59163,January,Low Risk,2,20
3119,21,India,03-07-2023,Suite,Agent,157,7220.32,1,14440.64,July,High Risk,1,16
3125,46,Germany,13-01-2023,Suite,Online,110,6236.32,1,81072.16,January,High Risk,1,1
3127,20,UK,24-09-2023,Suite,Corporate,160,11665.65,1,163319.1,September,High Risk,1,10
3130,33,UK,23-12-2023,Suite,Corporate,107,4327.71,1,17310.84,December,High Risk,1,16
3131,69,Germany,21-10-2023,Suite,Agent,3,14831.7,0,59326.8,October,Low Risk,1,1
3132,21,UAE,01-01-2023,Suite,Agent,178,13291.11,1,53164.44,January,High Risk,2,11
3133,41,UK,22-10-2023,Suite,Online,154,13872.39,1,152596.29,October,High Risk,2,8
3135,47,UK,05-02-2023,Suite,Online,104,11240.1,1,89920.8,February,High Risk,1,15
3139,36,UAE,19-09-2023,Suite,Agent,82,5745.12,0,80431.68,September,Medium Risk,1,13
3142,36,UAE,30-05-2023,Suite,Online,155,7303.45,1,80337.95,May,High Risk,1,3
3145,62,USA,25-11-2023,Suite,Online,52,6437.44,1,45062.08,November,Medium Risk,2,1
3148,55,India,07-08-2023,Suite,Online,8,9868.72,1,138162.08,August,Low Risk,2,17
3156,66,UK,24-04-2023,Suite,Online,66,13201.54,1,13201.54,April,Medium Risk,2,16
3165,50,UAE,27-03-2023,Suite,Online,22,11704.74,0,93637.92,March,Low Risk,1,16
3167,23,India,14-06-2023,Suite,Corporate,8,11504.29,0,103538.61,June,Low Risk,2,3
3168,21,UAE,16-06-2023,Suite,Online,81,5250.9,1,31505.4,June,Medium Risk,1,3
3169,37,USA,25-03-2023,Suite,Online,58,7725.71,0,30902.84,March,Medium Risk,2,20
3170,65,UK,21-07-2023,Suite,Corporate,65,14694.57,0,191029.41,July,Medium Risk,1,7
3172,44,USA,30-03-2023,Suite,Online,114,2970.11,1,8910.33,March,High Risk,2,1
3175,64,UK,07-07-2023,Suite,Online,77,9609.59,1,115315.08,July,Medium Risk,2,7
3176,31,UAE,07-07-2023,Suite,Corporate,108,11253.04,1,112530.4,July,High Risk,2,5
3179,26,UK,20-05-2023,Suite,Corporate,74,12050.14,1,168701.96,May,Medium Risk,2,20
3180,43,India,19-01-2023,Suite,Online,31,3519.63,0,31676.67,January,Low Risk,1,12
3181,33,UAE,16-03-2023,Suite,Agent,87,8833.69,0,17667.38,March,Medium Risk,2,15
3182,22,India,18-08-2023,Suite,Agent,139,2284.51,1,18276.08,August,High Risk,1,14
3183,69,USA,10-05-2023,Suite,Online,61,7281.52,0,21844.56,May,Medium Risk,1,20
3190,47,UK,20-12-2023,Suite,Agent,147,6559.31,1,26237.24,December,High Risk,2,1
3192,23,USA,01-06-2023,Suite,Online,83,11608.56,1,139302.72,June,Medium Risk,2,3
3193,34,UAE,26-11-2023,Suite,Agent,141,12283.78,1,36851.34,November,High Risk,1,7
3196,36,USA,19-11-2023,Suite,Online,107,6297.75,1,81870.75,November,High Risk,1,16
3202,22,UAE,05-01-2023,Suite,Agent,11,9180.61,1,110167.32,January,Low Risk,2,7
3205,37,Germany,30-12-2023,Suite,Online,43,13390.61,0,174077.93,December,Low Risk,1,7
3206,66,India,19-08-2023,Suite,Agent,67,7171.53,1,35857.65,August,Medium Risk,1,7
3207,38,UAE,23-12-2023,Suite,Online,137,14628.44,1,58513.76,December,High Risk,1,17
3209,22,Germany,28-11-2023,Suite,Corporate,30,5383.07,0,59213.77,November,Low Risk,1,17
3212,43,India,31-10-2023,Suite,Agent,4,7775.28,1,54426.96,October,Low Risk,2,4
3216,67,UK,20-08-2023,Suite,Online,148,11369.87,1,159178.18,August,High Risk,1,9
3218,18,India,04-04-2023,Suite,Corporate,10,12447.04,0,49788.16,April,Low Risk,1,1
3219,41,UAE,23-03-2023,Suite,Online,41,9718.12,1,106899.32,March,Low Risk,2,20
3227,41,India,06-08-2023,Suite,Online,30,2301.95,0,29925.35,August,Low Risk,1,2
3231,47,UK,15-12-2023,Suite,Online,161,14854.4,1,74272,December,High Risk,2,19
3232,41,Germany,03-10-2023,Suite,Online,94,4314.99,0,25889.94,October,Medium Risk,2,8
3235,47,UK,17-02-2023,Suite,Agent,4,2654.6,1,23891.4,February,Low Risk,1,15
3236,39,USA,13-12-2023,Suite,Online,16,6606.12,0,66061.2,December,Low Risk,2,11
3237,45,Germany,14-01-2023,Suite,Agent,116,8869.05,1,115297.65,January,High Risk,1,17
3242,27,UAE,07-12-2023,Suite,Online,168,10201.66,1,132621.58,December,High Risk,1,13
3245,48,UK,02-05-2023,Suite,Corporate,112,4797.78,1,4797.78,May,High Risk,2,3
3246,59,India,05-04-2023,Suite,Agent,100,14364.76,0,143647.6,April,Medium Risk,1,7
3252,62,UAE,09-11-2023,Suite,Agent,26,5523.06,0,27615.3,November,Low Risk,2,18
3254,60,USA,27-09-2023,Suite,Corporate,30,3502.73,1,7005.46,September,Low Risk,2,1
3259,21,UAE,11-08-2023,Suite,Agent,78,7615.21,1,98997.73,August,Medium Risk,1,16
3260,67,India,16-03-2023,Suite,Online,1,11875.48,0,118754.8,March,Low Risk,2,16
3263,24,UK,27-04-2023,Suite,Corporate,130,11770.15,1,94161.2,April,High Risk,2,18
3268,28,Germany,28-05-2023,Suite,Online,137,11665.56,1,93324.48,May,High Risk,1,8
3269,37,India,24-04-2023,Suite,Online,167,11196.76,1,123164.36,April,High Risk,2,14
3271,32,Germany,16-06-2023,Suite,Corporate,43,12349.78,0,160547.14,June,Low Risk,1,15
3272,65,UK,27-10-2023,Suite,Agent,31,3368.66,0,37055.26,October,Low Risk,1,13
3280,38,UAE,17-07-2023,Suite,Online,44,3996.34,0,47956.08,July,Low Risk,1,8
3287,41,Germany,10-12-2023,Suite,Corporate,17,10230.58,1,51152.9,December,Low Risk,1,19
3296,67,UAE,14-01-2023,Suite,Online,68,12330.85,1,123308.5,January,Medium Risk,2,13
3297,21,UAE,22-04-2023,Suite,Online,60,3123.93,0,15619.65,April,Medium Risk,2,12
3298,59,USA,10-11-2023,Suite,Online,10,8260.93,1,74348.37,November,Low Risk,1,20
3299,24,UAE,16-08-2023,Suite,Corporate,146,7545.32,1,52817.24,August,High Risk,2,17
3308,56,USA,23-11-2023,Suite,Online,163,3590.29,1,28722.32,November,High Risk,2,19
3309,39,UAE,18-01-2023,Suite,Corporate,149,4287.79,1,8575.58,January,High Risk,2,15
3319,38,UAE,13-10-2023,Suite,Corporate,74,11720.43,1,58602.15,October,Medium Risk,2,9
3322,39,UAE,11-02-2023,Suite,Corporate,170,4244.88,1,42448.8,February,High Risk,2,2
3324,19,Germany,28-03-2023,Suite,Corporate,152,13008.82,1,39026.46,March,High Risk,2,11
3326,51,UK,02-11-2023,Suite,Online,46,14554.8,1,130993.2,November,Low Risk,2,3
3327,33,Germany,24-10-2023,Suite,Online,134,4885.49,1,9770.98,October,High Risk,1,10
3341,49,UAE,30-05-2023,Suite,Corporate,25,7409.64,1,59277.12,May,Low Risk,2,4
3342,24,Germany,20-12-2023,Suite,Online,85,6223.26,0,49786.08,December,Medium Risk,1,1
3344,37,UAE,06-04-2023,Suite,Agent,143,11401.83,1,159625.62,April,High Risk,1,6
3345,43,Germany,16-04-2023,Suite,Corporate,166,7288.25,1,51017.75,April,High Risk,2,3
3346,21,India,23-05-2023,Suite,Agent,133,5001.69,1,10003.38,May,High Risk,1,17
3348,69,UAE,01-01-2023,Suite,Online,71,6752.31,1,33761.55,January,Medium Risk,1,14
3354,39,India,22-05-2023,Suite,Agent,92,2857.83,1,8573.49,May,Medium Risk,2,14
3364,19,UK,19-05-2023,Suite,Corporate,160,2934.03,1,14670.15,May,High Risk,1,6
3371,69,UK,25-06-2023,Suite,Agent,79,10480.37,0,146725.18,June,Medium Risk,1,12
3372,52,Germany,04-03-2023,Suite,Online,70,12689.72,0,25379.44,March,Medium Risk,1,12
3374,56,UAE,18-05-2023,Suite,Agent,34,11079.52,1,66477.12,May,Low Risk,2,14
3376,40,Germany,14-08-2023,Suite,Agent,85,9972.8,0,109700.8,August,Medium Risk,2,7
3381,22,USA,17-07-2023,Suite,Online,119,9630.73,1,38522.92,July,High Risk,1,3
3387,41,UK,04-06-2023,Suite,Agent,40,12915.44,0,103323.52,June,Low Risk,2,11
3388,45,USA,18-06-2023,Suite,Corporate,127,7657.82,1,91893.84,June,High Risk,1,20
3390,53,India,29-09-2023,Suite,Online,34,5425.99,1,54259.9,September,Low Risk,2,9
3394,26,India,25-08-2023,Suite,Agent,86,12847.69,1,64238.45,August,Medium Risk,2,9
3399,57,India,30-05-2023,Suite,Online,63,6328.56,0,88599.84,May,Medium Risk,2,1
3401,59,UAE,21-03-2023,Suite,Corporate,156,10899.65,1,152595.1,March,High Risk,2,5
3402,37,USA,11-11-2023,Suite,Corporate,97,12643.81,1,37931.43,November,Medium Risk,2,10
3405,19,UAE,08-02-2023,Suite,Agent,152,12731.98,1,127319.8,February,High Risk,1,14
3406,24,India,29-11-2023,Suite,Online,84,10930.36,0,54651.8,November,Medium Risk,2,1
3407,33,India,14-12-2023,Suite,Agent,50,6466.15,1,58195.35,December,Low Risk,2,17
3413,60,Germany,21-12-2023,Suite,Online,88,5447.87,1,43582.96,December,Medium Risk,2,12
3421,49,UAE,31-01-2023,Suite,Online,160,10829.23,1,151609.22,January,High Risk,1,19
3423,60,USA,14-02-2023,Suite,Agent,1,5958.25,1,77457.25,February,Low Risk,2,9
3424,54,USA,19-11-2023,Suite,Agent,86,14384.69,0,158231.59,November,Medium Risk,1,3
3426,47,USA,31-08-2023,Suite,Corporate,131,6775.62,1,13551.24,August,High Risk,1,15
3428,63,India,01-07-2023,Suite,Online,83,11306.33,0,101756.97,July,Medium Risk,1,8
3433,28,UK,26-02-2023,Suite,Online,6,14913.46,0,149134.6,February,Low Risk,1,14
3440,30,UK,23-02-2023,Suite,Online,24,5951.81,1,35710.86,February,Low Risk,1,18
3441,51,India,07-04-2023,Suite,Agent,55,14055.88,0,14055.88,April,Medium Risk,2,11
3443,45,India,06-11-2023,Suite,Corporate,130,8679.25,1,112830.25,November,High Risk,1,13
3444,55,UAE,01-04-2023,Suite,Corporate,53,11037.23,0,154521.22,April,Medium Risk,1,10
3449,20,USA,22-08-2023,Suite,Agent,108,6331.27,1,37987.62,August,High Risk,2,18
3450,50,USA,03-12-2023,Suite,Online,52,11341.71,1,113417.1,December,Medium Risk,1,2
3452,42,Germany,04-07-2023,Suite,Corporate,27,9818.01,0,9818.01,July,Low Risk,1,13
3454,51,USA,29-06-2023,Suite,Online,147,11916.51,1,95332.08,June,High Risk,1,1
3459,46,UK,24-02-2023,Suite,Online,81,3035.68,0,30356.8,February,Medium Risk,2,5
3462,55,Germany,01-12-2023,Suite,Online,38,5657.06,1,5657.06,December,Low Risk,2,2
3463,67,Germany,18-03-2023,Suite,Agent,29,5329.19,1,63950.28,March,Low Risk,1,12
3464,23,UAE,23-10-2023,Suite,Corporate,22,2972.47,0,2972.47,October,Low Risk,1,4
3467,28,India,07-03-2023,Suite,Agent,46,4135.24,0,57893.36,March,Low Risk,2,14
3468,19,Germany,16-05-2023,Suite,Agent,175,13233.82,1,39701.46,May,High Risk,2,8
3471,61,Germany,23-09-2023,Suite,Online,119,5863.79,1,17591.37,September,High Risk,1,19
3482,65,USA,26-08-2023,Suite,Agent,0,14629.64,1,58518.56,August,Low Risk,1,9
3484,45,India,20-06-2023,Suite,Corporate,81,2997.55,0,14987.75,June,Medium Risk,2,9
3496,40,UAE,14-01-2023,Suite,Online,81,7645.99,0,107043.86,January,Medium Risk,2,2
3497,65,India,22-03-2023,Suite,Agent,163,10994,1,43976,March,High Risk,2,5
3499,34,UAE,23-07-2023,Suite,Agent,12,9886.59,1,19773.18,July,Low Risk,2,12
3500,22,UAE,29-09-2023,Suite,Corporate,173,2573.26,1,30879.12,September,High Risk,1,3
3501,61,UAE,01-02-2023,Suite,Online,179,12547.54,1,37642.62,February,High Risk,1,20
3502,28,Germany,23-01-2023,Suite,Agent,27,12600.77,1,37802.31,January,Low Risk,2,6
3506,52,India,24-05-2023,Suite,Agent,44,8112.79,1,16225.58,May,Low Risk,1,16
3507,50,India,14-04-2023,Suite,Agent,37,14024.57,0,28049.14,April,Low Risk,1,20
3509,33,UK,20-06-2023,Suite,Agent,96,12939.62,0,155275.44,June,Medium Risk,1,1
3513,57,UAE,01-10-2023,Suite,Online,141,8841.48,1,26524.44,October,High Risk,2,1
3519,37,Germany,11-07-2023,Suite,Corporate,101,5496.64,1,32979.84,July,High Risk,2,6
3522,40,UAE,30-08-2023,Suite,Corporate,127,3930.46,1,35374.14,August,High Risk,2,11
3526,64,Germany,08-01-2023,Suite,Online,53,8522.47,1,51134.82,January,Medium Risk,2,1
3529,38,Germany,18-11-2023,Suite,Corporate,45,8926.11,1,71408.88,November,Low Risk,2,9
3530,52,UAE,05-04-2023,Suite,Online,155,8783.39,1,52700.34,April,High Risk,1,9
3536,34,India,10-04-2023,Suite,Corporate,9,11107.4,1,11107.4,April,Low Risk,2,5
3541,32,India,13-08-2023,Suite,Agent,29,3206.24,0,35268.64,August,Low Risk,2,2
3542,35,UAE,16-04-2023,Suite,Agent,79,5926.4,0,71116.8,April,Medium Risk,1,16
3544,50,UK,14-08-2023,Suite,Online,138,9210.18,1,36840.72,August,High Risk,1,7
3546,44,India,15-01-2023,Suite,Corporate,128,11394.89,1,11394.89,January,High Risk,2,15
3548,44,India,19-05-2023,Suite,Agent,99,4011.37,1,44125.07,May,Medium Risk,1,20
3551,55,India,29-07-2023,Suite,Agent,137,7848.11,1,86329.21,July,High Risk,1,6
3552,31,Germany,19-01-2023,Suite,Agent,175,2553.91,1,20431.28,January,High Risk,1,9
3556,36,UK,18-12-2023,Suite,Online,121,11495.55,1,45982.2,December,High Risk,2,16
3559,37,UK,05-02-2023,Suite,Corporate,149,13360.44,1,13360.44,February,High Risk,1,11
3562,57,UAE,04-03-2023,Suite,Corporate,8,3936.47,0,15745.88,March,Low Risk,1,17
3564,31,UK,07-07-2023,Suite,Corporate,82,10621.56,0,116837.16,July,Medium Risk,2,19
3567,40,India,05-01-2023,Suite,Agent,171,11842.06,1,118420.6,January,High Risk,1,9
3571,63,USA,25-09-2023,Suite,Online,55,14287.98,1,71439.9,September,Medium Risk,1,13
3576,26,India,21-06-2023,Suite,Corporate,102,14422.43,1,115379.44,June,High Risk,2,12
3578,37,UAE,19-04-2023,Suite,Corporate,44,8281.6,0,99379.2,April,Low Risk,1,20
3583,36,Germany,21-02-2023,Suite,Corporate,9,6652.87,0,6652.87,February,Low Risk,2,1
3584,64,UAE,10-09-2023,Suite,Corporate,73,13931.1,0,167173.2,September,Medium Risk,2,4
3585,69,USA,26-09-2023,Suite,Corporate,65,11903.45,0,142841.4,September,Medium Risk,1,4
3586,31,India,25-10-2023,Suite,Online,101,5380.88,1,69951.44,October,High Risk,1,13
3587,55,Germany,20-03-2023,Suite,Online,84,14263.76,1,185428.88,March,Medium Risk,1,4
3593,50,USA,16-02-2023,Suite,Corporate,111,7825.99,1,86085.89,February,High Risk,1,15
3596,31,UAE,22-07-2023,Suite,Agent,99,2306.57,1,29985.41,July,Medium Risk,2,19
3597,28,USA,28-08-2023,Suite,Agent,79,8880.22,1,79921.98,August,Medium Risk,2,13
3598,52,USA,25-09-2023,Suite,Online,99,4308.36,1,12925.08,September,Medium Risk,1,7
3602,58,India,22-06-2023,Suite,Agent,146,6886.14,1,89519.82,June,High Risk,1,17
3604,21,USA,17-07-2023,Suite,Agent,123,11887.47,1,71324.82,July,High Risk,1,3
3605,45,UK,31-08-2023,Suite,Online,89,8892.19,1,8892.19,August,Medium Risk,1,13
3606,25,Germany,12-02-2023,Suite,Agent,50,7594.48,0,68350.32,February,Low Risk,1,8
3607,19,UAE,26-11-2023,Suite,Agent,175,7925.39,1,95104.68,November,High Risk,1,14
3608,58,USA,06-10-2023,Suite,Corporate,56,13500.38,0,121503.42,October,Medium Risk,2,12
3611,58,UK,20-08-2023,Suite,Agent,78,14216.51,1,184814.63,August,Medium Risk,2,20
3614,66,India,24-05-2023,Suite,Corporate,67,8529.34,0,102352.08,May,Medium Risk,2,8
3615,65,UK,19-04-2023,Suite,Corporate,27,10486.16,0,52430.8,April,Low Risk,2,9
3617,29,Germany,21-04-2023,Suite,Agent,76,6589.78,1,32948.9,April,Medium Risk,1,17
3619,28,UK,26-08-2023,Suite,Corporate,14,12609.14,0,113482.26,August,Low Risk,1,9
3621,67,UAE,30-09-2023,Suite,Online,86,3581.2,0,17906,September,Medium Risk,2,13
3624,22,Germany,10-02-2023,Suite,Corporate,109,11319.93,1,124519.23,February,High Risk,2,16
3625,65,Germany,17-02-2023,Suite,Agent,34,10221.2,1,20442.4,February,Low Risk,2,7
3627,54,UK,27-06-2023,Suite,Agent,75,12598.87,0,176384.18,June,Medium Risk,2,9
3632,26,India,15-07-2023,Suite,Corporate,98,8989.74,0,17979.48,July,Medium Risk,1,6
3636,51,UK,22-10-2023,Suite,Agent,123,7318.4,1,73184,October,High Risk,1,10
3639,18,USA,05-12-2023,Suite,Corporate,118,8375.9,1,8375.9,December,High Risk,2,5
3640,25,Germany,16-04-2023,Suite,Agent,162,5230.38,1,52303.8,April,High Risk,1,15
3641,62,USA,29-06-2023,Suite,Corporate,70,5292.67,0,58219.37,June,Medium Risk,1,7
3643,64,India,16-08-2023,Suite,Corporate,169,14022.11,1,140221.1,August,High Risk,1,16
3644,57,UAE,01-05-2023,Suite,Agent,97,7154.99,1,21464.97,May,Medium Risk,1,2
3647,63,UK,23-01-2023,Suite,Corporate,66,9580.97,0,76647.76,January,Medium Risk,2,2
3655,39,Germany,11-03-2023,Suite,Agent,177,7062.63,1,70626.3,March,High Risk,1,11
3661,46,USA,12-11-2023,Suite,Online,129,6750.25,1,6750.25,November,High Risk,2,1
3663,21,UAE,04-03-2023,Suite,Corporate,112,6025.11,1,72301.32,March,High Risk,2,19
3664,24,UK,10-04-2023,Suite,Agent,65,13621.79,1,40865.37,April,Medium Risk,1,11
3665,45,India,17-02-2023,Suite,Online,115,9132.34,1,109588.08,February,High Risk,1,9
3666,45,UK,15-03-2023,Suite,Agent,137,9620,1,76960,March,High Risk,1,6
3668,39,UK,11-07-2023,Suite,Corporate,160,3749.48,1,29995.84,July,High Risk,2,9
3671,20,USA,23-09-2023,Suite,Agent,133,2398.63,1,4797.26,September,High Risk,1,15
3674,19,Germany,24-02-2023,Suite,Online,14,13146.49,1,184050.86,February,Low Risk,1,9
3675,41,India,28-01-2023,Suite,Agent,120,13477.38,1,53909.52,January,High Risk,1,15
3676,51,Germany,28-04-2023,Suite,Agent,170,6629.13,1,6629.13,April,High Risk,1,2
3678,58,USA,16-03-2023,Suite,Online,20,8484.56,0,25453.68,March,Low Risk,2,20
3679,18,UK,06-03-2023,Suite,Online,28,12605.51,0,63027.55,March,Low Risk,2,7
3685,42,Germany,05-06-2023,Suite,Agent,8,8979.47,0,71835.76,June,Low Risk,1,17
3687,34,UAE,19-12-2023,Suite,Agent,29,3856.31,0,34706.79,December,Low Risk,1,1
3689,23,UAE,16-05-2023,Suite,Online,179,13227.2,1,171953.6,May,High Risk,1,6
3693,36,USA,27-02-2023,Suite,Agent,167,6454.72,1,12909.44,February,High Risk,2,5
3695,18,UK,03-04-2023,Suite,Agent,134,13763.45,1,165161.4,April,High Risk,1,5
3696,46,USA,17-08-2023,Suite,Corporate,37,13044.86,1,39134.58,August,Low Risk,2,16
3699,52,USA,01-11-2023,Suite,Online,66,2346.6,1,25812.6,November,Medium Risk,1,18
3701,31,Germany,17-01-2023,Suite,Corporate,19,4384.77,0,48232.47,January,Low Risk,1,20
3708,55,Germany,12-01-2023,Suite,Agent,13,4129.24,1,41292.4,January,Low Risk,1,7
3709,66,USA,09-09-2023,Suite,Corporate,33,3420.77,1,6841.54,September,Low Risk,1,1
3712,25,USA,08-04-2023,Suite,Agent,153,3340.38,1,10021.14,April,High Risk,1,9
3715,50,USA,02-12-2023,Suite,Online,129,14267.01,1,185471.13,December,High Risk,1,16
3718,38,UAE,23-05-2023,Suite,Agent,143,10572.14,1,10572.14,May,High Risk,1,5
3723,26,USA,29-12-2023,Suite,Online,29,10216.14,0,112377.54,December,Low Risk,2,18
3724,41,Germany,12-05-2023,Suite,Agent,154,3743.55,1,22461.3,May,High Risk,1,16
3725,54,India,10-02-2023,Suite,Online,85,6640.34,1,33201.7,February,Medium Risk,1,19
3727,58,UAE,09-04-2023,Suite,Agent,78,9424.48,0,65971.36,April,Medium Risk,1,10
3730,38,India,23-12-2023,Suite,Agent,129,9460.55,1,66223.85,December,High Risk,1,20
3731,68,USA,16-02-2023,Suite,Corporate,48,10568.4,0,95115.6,February,Low Risk,2,13
3733,58,India,10-05-2023,Suite,Corporate,54,9664.91,1,28994.73,May,Medium Risk,2,20
3737,63,USA,10-03-2023,Suite,Online,111,8945.12,1,116286.56,March,High Risk,2,4
3738,36,India,28-01-2023,Suite,Online,158,3458.06,1,48412.84,January,High Risk,2,10
3742,62,Germany,16-01-2023,Suite,Online,65,13104.69,0,183465.66,January,Medium Risk,1,1
3746,36,UAE,15-08-2023,Suite,Online,69,6649.82,1,66498.2,August,Medium Risk,1,3
3751,29,UK,11-12-2023,Suite,Online,13,10450.07,1,135850.91,December,Low Risk,1,1
3752,65,Germany,10-05-2023,Suite,Online,18,6636.09,1,53088.72,May,Low Risk,2,14
3753,50,USA,05-08-2023,Suite,Corporate,153,10829.37,1,10829.37,August,High Risk,1,5
3758,22,India,22-11-2023,Suite,Corporate,76,13433.19,1,120898.71,November,Medium Risk,1,5
3761,44,India,24-12-2023,Suite,Agent,146,4701.18,1,61115.34,December,High Risk,2,6
3762,63,USA,05-03-2023,Suite,Agent,94,14175.1,0,127575.9,March,Medium Risk,1,15
3765,62,Germany,18-01-2023,Suite,Online,144,4722.64,1,14167.92,January,High Risk,1,2
3768,66,Germany,18-02-2023,Suite,Agent,117,12535.93,1,25071.86,February,High Risk,1,20
3770,37,India,13-12-2023,Suite,Online,147,9550.93,1,66856.51,December,High Risk,2,17
3775,47,UAE,19-01-2023,Suite,Online,121,9736.63,1,48683.15,January,High Risk,2,19
3778,35,UAE,18-04-2023,Suite,Agent,31,2060.24,1,16481.92,April,Low Risk,1,15
3779,54,UAE,16-02-2023,Suite,Agent,78,7103.22,0,21309.66,February,Medium Risk,1,14
3780,36,UK,26-07-2023,Suite,Agent,155,14518.89,1,43556.67,July,High Risk,1,16
3781,64,India,29-12-2023,Suite,Agent,2,3282.73,0,36110.03,December,Low Risk,2,17
3782,45,USA,06-12-2023,Suite,Agent,52,5034.83,0,60417.96,December,Medium Risk,2,19
3783,57,UAE,08-05-2023,Suite,Corporate,169,9422.1,1,94221,May,High Risk,1,20
3784,37,UK,04-07-2023,Suite,Online,1,13152.44,0,105219.52,July,Low Risk,1,17
3787,29,USA,07-04-2023,Suite,Online,152,10931.28,1,32793.84,April,High Risk,2,3
3789,32,UK,10-07-2023,Suite,Agent,134,5523.79,1,77333.06,July,High Risk,1,3
3790,58,UK,20-05-2023,Suite,Online,61,14448.99,1,115591.92,May,Medium Risk,2,8
3791,56,UAE,13-04-2023,Suite,Online,30,9268.95,0,18537.9,April,Low Risk,1,17
3798,28,UK,28-03-2023,Suite,Online,94,8991.22,0,35964.88,March,Medium Risk,2,1
3802,35,Germany,15-03-2023,Suite,Agent,140,4323.06,1,56199.78,March,High Risk,2,11
3803,68,UAE,16-02-2023,Suite,Online,35,12985.34,0,103882.72,February,Low Risk,2,9
3805,56,UK,06-04-2023,Suite,Online,92,7803.64,1,7803.64,April,Medium Risk,2,6
3808,37,Germany,17-01-2023,Suite,Agent,102,7573.61,1,53015.27,January,High Risk,1,15
3809,23,UAE,31-07-2023,Suite,Corporate,177,10051.83,1,80414.64,July,High Risk,2,4
3811,19,UK,23-08-2023,Suite,Online,73,3743.25,0,41175.75,August,Medium Risk,1,17
3813,55,UAE,01-11-2023,Suite,Corporate,151,5079.11,1,60949.32,November,High Risk,2,11
3814,20,UK,28-03-2023,Suite,Corporate,6,8437.92,0,92817.12,March,Low Risk,2,2
3815,33,UAE,07-02-2023,Suite,Agent,85,11899.79,0,166597.06,February,Medium Risk,2,10
3819,34,USA,19-07-2023,Suite,Online,43,7134.07,0,7134.07,July,Low Risk,1,18
3820,58,UK,22-06-2023,Suite,Agent,24,10973.08,0,142650.04,June,Low Risk,1,4
3823,60,UAE,11-12-2023,Suite,Online,142,9660.25,1,48301.25,December,High Risk,1,10
3825,62,USA,28-10-2023,Suite,Corporate,82,4812.45,0,4812.45,October,Medium Risk,1,4
3826,32,UK,15-08-2023,Suite,Agent,51,14715.2,0,176582.4,August,Medium Risk,2,14
3830,66,UK,18-07-2023,Suite,Online,167,2881.91,1,20173.37,July,High Risk,2,1
3831,48,Germany,08-07-2023,Suite,Agent,150,6124.21,1,61242.1,July,High Risk,1,15
3833,40,USA,01-06-2023,Suite,Online,81,9913.57,1,138789.98,June,Medium Risk,1,4
3839,35,UAE,23-03-2023,Suite,Corporate,57,2032.44,1,24389.28,March,Medium Risk,2,12
3844,55,UK,03-09-2023,Suite,Online,123,8713.82,1,104565.84,September,High Risk,2,19
3849,20,UK,28-03-2023,Suite,Online,98,13667.63,1,177679.19,March,Medium Risk,1,11
3851,45,UAE,08-04-2023,Suite,Agent,147,14746.16,1,14746.16,April,High Risk,2,11
3859,49,USA,03-01-2023,Suite,Online,51,11656.19,0,34968.57,January,Medium Risk,1,6
3861,50,UK,26-04-2023,Suite,Agent,161,4434.54,1,22172.7,April,High Risk,1,8
3865,45,USA,08-12-2023,Suite,Online,156,12894.34,1,90260.38,December,High Risk,1,19
3866,54,USA,08-04-2023,Suite,Corporate,18,12131.06,0,48524.24,April,Low Risk,1,19
3868,21,Germany,04-05-2023,Suite,Corporate,68,4832.54,0,57990.48,May,Medium Risk,1,5
3871,18,UAE,27-01-2023,Suite,Corporate,153,4427.45,1,53129.4,January,High Risk,2,11
3881,64,UAE,30-11-2023,Suite,Online,27,11840.71,0,71044.26,November,Low Risk,2,8
3884,28,UAE,26-03-2023,Suite,Corporate,126,3934.61,1,35411.49,March,High Risk,1,19
3889,25,Germany,16-08-2023,Suite,Online,34,11697.98,0,46791.92,August,Low Risk,1,5
3898,66,UAE,02-07-2023,Suite,Agent,143,9196.88,1,119559.44,July,High Risk,2,20
3899,62,India,06-07-2023,Suite,Agent,98,2524.83,1,7574.49,July,Medium Risk,2,13
3901,22,India,30-01-2023,Suite,Corporate,42,7580.46,1,30321.84,January,Low Risk,1,13
3905,28,Germany,15-03-2023,Suite,Online,147,13808.21,1,55232.84,March,High Risk,2,17
3906,62,USA,24-02-2023,Suite,Online,137,14198.88,1,141988.8,February,High Risk,1,1
3907,21,USA,24-08-2023,Suite,Online,146,11968.27,1,107714.43,August,High Risk,1,13
3910,63,UK,22-01-2023,Suite,Online,70,11724.17,0,164138.38,January,Medium Risk,2,7
3911,60,UAE,01-02-2023,Suite,Online,103,10252.07,1,102520.7,February,High Risk,1,8
3912,44,Germany,17-12-2023,Suite,Agent,10,13337,1,13337,December,Low Risk,2,15
3913,59,UK,05-12-2023,Suite,Online,60,5598.55,0,72781.15,December,Medium Risk,1,15
3915,67,India,11-03-2023,Suite,Online,165,11511.33,1,46045.32,March,High Risk,1,6
3916,23,USA,09-06-2023,Suite,Agent,16,5482.29,0,49340.61,June,Low Risk,1,3
3921,54,UK,07-08-2023,Suite,Online,158,13158.38,1,157900.56,August,High Risk,1,10
3931,46,UK,10-01-2023,Suite,Online,102,2094.8,1,16758.4,January,High Risk,2,19
3932,30,India,02-12-2023,Suite,Online,178,14767.69,1,88606.14,December,High Risk,2,4
3934,69,USA,05-07-2023,Suite,Agent,139,8201.97,1,32807.88,July,High Risk,2,10
3937,49,UK,21-03-2023,Suite,Online,39,11393.18,1,56965.9,March,Low Risk,2,19
3940,21,Germany,05-06-2023,Suite,Agent,169,10802.73,1,129632.76,June,High Risk,2,3
3941,22,Germany,01-10-2023,Suite,Agent,41,2135.56,1,4271.12,October,Low Risk,1,9
3945,30,USA,29-08-2023,Suite,Online,77,9286.29,0,83576.61,August,Medium Risk,1,10
3948,39,Germany,18-10-2023,Suite,Online,118,11575.82,1,69454.92,October,High Risk,1,18
3957,66,India,18-05-2023,Suite,Corporate,54,2289.75,0,20607.75,May,Medium Risk,1,2
3959,63,Germany,30-08-2023,Suite,Agent,76,3369.31,1,33693.1,August,Medium Risk,1,5
3960,61,UK,23-05-2023,Suite,Corporate,60,14436.31,1,129926.79,May,Medium Risk,2,14
3962,61,USA,26-10-2023,Suite,Agent,91,3595.77,0,25170.39,October,Medium Risk,2,10
3963,28,India,19-02-2023,Suite,Agent,66,8073.74,0,80737.4,February,Medium Risk,1,15
3967,18,USA,24-02-2023,Suite,Agent,160,5432.61,1,59758.71,February,High Risk,1,10
3968,45,India,31-01-2023,Suite,Corporate,62,9387.35,0,112648.2,January,Medium Risk,2,1
3971,30,UAE,18-06-2023,Suite,Agent,84,3635.73,0,39993.03,June,Medium Risk,1,16
3976,68,UK,03-01-2023,Suite,Corporate,120,14258.29,1,99808.03,January,High Risk,2,6
3978,52,Germany,17-09-2023,Suite,Agent,39,12704.48,1,38113.44,September,Low Risk,2,14
3979,35,UAE,17-02-2023,Suite,Online,101,2891.95,1,31811.45,February,High Risk,1,12
3983,36,USA,15-06-2023,Suite,Online,67,3864.64,0,30917.12,June,Medium Risk,2,13
3989,22,UAE,18-12-2023,Suite,Corporate,25,9100.05,1,81900.45,December,Low Risk,2,11
3991,54,UAE,01-07-2023,Suite,Corporate,61,9502.43,1,28507.29,July,Medium Risk,2,5
3995,51,USA,05-01-2023,Suite,Corporate,35,7059.46,0,42356.76,January,Low Risk,2,18
3999,29,UK,02-05-2023,Suite,Agent,40,12887.04,0,115983.36,May,Low Risk,2,20
4001,28,India,20-05-2023,Suite,Agent,141,4510.87,1,27065.22,May,High Risk,1,4
4002,56,India,16-12-2023,Suite,Agent,160,13637.15,1,27274.3,December,High Risk,2,11
4003,45,USA,02-06-2023,Suite,Online,29,9227.29,1,119954.77,June,Low Risk,2,9
4015,65,UK,27-12-2023,Suite,Agent,105,5181.74,1,67362.62,December,High Risk,2,17
4021,53,UK,15-07-2023,Suite,Corporate,1,2205.97,1,6617.91,July,Low Risk,1,6
4022,55,UK,01-02-2023,Suite,Corporate,60,4806.74,0,28840.44,February,Medium Risk,1,14
4024,50,India,19-12-2023,Suite,Corporate,106,13431.41,1,188039.74,December,High Risk,1,20
4025,41,USA,01-01-2023,Suite,Corporate,133,2440.79,1,29289.48,January,High Risk,2,11
4027,32,India,23-06-2023,Suite,Online,22,8594.56,0,34378.24,June,Low Risk,1,7
4033,68,India,30-01-2023,Suite,Corporate,64,12977.34,0,116796.06,January,Medium Risk,2,16
4044,52,Germany,02-03-2023,Suite,Corporate,98,6384.7,0,25538.8,March,Medium Risk,2,7
4047,25,Germany,01-05-2023,Suite,Online,73,12855.74,1,64278.7,May,Medium Risk,2,9
4049,62,Germany,21-07-2023,Suite,Corporate,108,8380.33,1,33521.32,July,High Risk,1,17
4057,55,Germany,06-11-2023,Suite,Corporate,140,7171.09,1,50197.63,November,High Risk,1,17
4059,22,UAE,03-02-2023,Suite,Corporate,61,6324.8,0,88547.2,February,Medium Risk,2,17
4061,64,India,15-05-2023,Suite,Agent,80,3710.18,0,3710.18,May,Medium Risk,2,18
4062,63,India,03-03-2023,Suite,Agent,29,13543.27,0,40629.81,March,Low Risk,2,17
4063,48,UK,09-11-2023,Suite,Online,126,11229.11,1,56145.55,November,High Risk,2,9
4064,33,India,15-08-2023,Suite,Agent,12,2423.52,1,7270.56,August,Low Risk,1,16
4070,60,UAE,20-10-2023,Suite,Online,110,10096.34,1,131252.42,October,High Risk,1,9
4075,33,USA,31-10-2023,Suite,Agent,135,14144.22,1,169730.64,October,High Risk,1,11
4079,41,UAE,29-10-2023,Suite,Corporate,161,7058.9,1,21176.7,October,High Risk,2,7
4082,47,Germany,01-05-2023,Suite,Agent,4,14811.45,1,29622.9,May,Low Risk,1,17
4085,36,India,27-05-2023,Suite,Corporate,4,9193.35,0,27580.05,May,Low Risk,1,18
4087,25,UK,05-12-2023,Suite,Agent,112,2021.62,1,24259.44,December,High Risk,1,6
4088,43,India,30-09-2023,Suite,Online,116,4989.97,1,64869.61,September,High Risk,1,5
4090,57,USA,09-02-2023,Suite,Corporate,46,6197.69,0,43383.83,February,Low Risk,1,6
4093,24,Germany,12-10-2023,Suite,Online,65,8562.36,1,94185.96,October,Medium Risk,2,9
4094,20,UAE,11-02-2023,Suite,Corporate,22,12620.93,1,164072.09,February,Low Risk,2,2
4100,32,India,19-04-2023,Suite,Corporate,66,9518.54,1,57111.24,April,Medium Risk,2,1
4102,30,UK,04-11-2023,Suite,Online,127,9795.29,1,107748.19,November,High Risk,2,16
4105,22,Germany,15-08-2023,Suite,Agent,64,2142.58,0,25710.96,August,Medium Risk,2,13
4108,53,Germany,08-04-2023,Suite,Agent,15,6595.26,0,32976.3,April,Low Risk,2,13
4110,19,UAE,06-08-2023,Suite,Corporate,24,6490.24,0,6490.24,August,Low Risk,2,3
4112,40,Germany,03-11-2023,Suite,Online,169,2505.21,1,17536.47,November,High Risk,1,2
4113,26,UK,07-10-2023,Suite,Online,116,13784.68,1,68923.4,October,High Risk,2,4
4115,63,India,29-07-2023,Suite,Agent,54,13621.23,1,54484.92,July,Medium Risk,1,20
4116,31,USA,13-09-2023,Suite,Agent,106,14424.25,1,129818.25,September,High Risk,2,3
4119,48,UK,27-05-2023,Suite,Agent,108,11955.36,1,23910.72,May,High Risk,1,4
4121,28,USA,13-11-2023,Suite,Corporate,89,14075.27,0,182978.51,November,Medium Risk,2,12
4127,62,Germany,17-12-2023,Suite,Agent,88,11411.23,1,34233.69,December,Medium Risk,1,14
4129,51,UAE,19-11-2023,Suite,Online,146,14477.8,1,43433.4,November,High Risk,2,20
4133,33,UK,06-06-2023,Suite,Corporate,150,9245.11,1,83205.99,June,High Risk,1,14
4135,57,India,09-05-2023,Suite,Agent,97,14224.49,1,99571.43,May,Medium Risk,1,20
4141,19,USA,11-01-2023,Suite,Agent,159,6952.48,1,76477.28,January,High Risk,2,11
4147,51,UK,10-12-2023,Suite,Corporate,93,8094.23,0,105224.99,December,Medium Risk,2,16
4150,25,UK,17-08-2023,Suite,Agent,148,12072.29,1,72433.74,August,High Risk,2,12
4151,40,Germany,25-03-2023,Suite,Agent,97,2131.7,0,23448.7,March,Medium Risk,1,18
4156,56,UK,06-02-2023,Suite,Corporate,119,13689.92,1,136899.2,February,High Risk,1,15
4161,30,India,20-08-2023,Suite,Agent,120,6019.8,1,78257.4,August,High Risk,1,11
4162,38,UAE,12-11-2023,Suite,Online,99,9238.05,0,36952.2,November,Medium Risk,1,17
4165,42,UAE,02-12-2023,Suite,Online,58,8725.77,0,43628.85,December,Medium Risk,1,2
4166,39,UK,02-09-2023,Suite,Agent,68,2005.27,0,28073.78,September,Medium Risk,1,17
4167,48,Germany,26-06-2023,Suite,Corporate,48,5492.23,1,21968.92,June,Low Risk,2,9
4168,34,USA,01-08-2023,Suite,Corporate,10,7601.27,0,60810.16,August,Low Risk,1,16
4170,49,Germany,12-04-2023,Suite,Agent,129,11739.14,1,82173.98,April,High Risk,2,20
4171,27,UAE,13-10-2023,Suite,Agent,109,13009.53,1,182133.42,October,High Risk,1,5
4175,69,Germany,03-10-2023,Suite,Online,176,2999.52,1,38993.76,October,High Risk,1,7
4178,67,USA,16-06-2023,Suite,Online,72,14550.72,1,145507.2,June,Medium Risk,1,11
4182,63,Germany,10-10-2023,Suite,Online,163,8358.67,1,75228.03,October,High Risk,2,17
4184,41,UK,20-05-2023,Suite,Corporate,60,13874.89,0,69374.45,May,Medium Risk,2,8
4185,32,India,27-08-2023,Suite,Agent,95,11206.68,0,134480.16,August,Medium Risk,2,3
4189,30,India,06-08-2023,Suite,Corporate,167,10637.63,1,138289.19,August,High Risk,2,13
4190,40,UK,17-08-2023,Suite,Agent,30,4034.38,0,16137.52,August,Low Risk,1,14
4191,25,Germany,06-12-2023,Suite,Corporate,47,7892.3,0,94707.6,December,Low Risk,2,16
4192,35,UK,18-05-2023,Suite,Corporate,90,9407.47,0,37629.88,May,Medium Risk,1,19
4198,51,Germany,26-11-2023,Suite,Agent,138,13103.35,1,39310.05,November,High Risk,2,15
4201,29,UAE,12-06-2023,Suite,Agent,132,9749.3,1,58495.8,June,High Risk,2,16
4202,66,UK,03-11-2023,Suite,Online,102,10470.39,1,94233.51,November,High Risk,2,7
4208,35,USA,19-12-2023,Suite,Online,5,4340.91,1,43409.1,December,Low Risk,2,17
4213,40,UAE,29-11-2023,Suite,Corporate,22,13961.61,1,181500.93,November,Low Risk,2,19
4214,41,USA,15-09-2023,Suite,Corporate,78,12585.98,1,25171.96,September,Medium Risk,1,18
4222,45,Germany,11-03-2023,Suite,Agent,35,3320.13,0,9960.39,March,Low Risk,2,18
4223,28,UK,03-10-2023,Suite,Corporate,59,12606.79,0,88247.53,October,Medium Risk,2,2
4225,60,USA,06-11-2023,Suite,Corporate,112,7740.98,1,7740.98,November,High Risk,1,16
4226,36,India,14-05-2023,Suite,Corporate,96,8343.01,1,41715.05,May,Medium Risk,2,12
4228,44,USA,12-06-2023,Suite,Online,47,2855.46,0,39976.44,June,Low Risk,2,16
4229,51,UAE,16-05-2023,Suite,Online,119,7858.37,1,86442.07,May,High Risk,2,8
4230,61,India,26-02-2023,Suite,Agent,149,6046.35,1,72556.2,February,High Risk,1,9
4234,32,UK,29-08-2023,Suite,Online,62,4052.42,0,28366.94,August,Medium Risk,1,8
4237,36,UAE,23-11-2023,Suite,Online,2,13304.77,1,146352.47,November,Low Risk,1,8
4240,65,India,04-03-2023,Suite,Agent,141,2343.7,1,11718.5,March,High Risk,2,10
4242,68,UK,16-01-2023,Suite,Online,126,8316.67,1,49900.02,January,High Risk,2,18
4243,54,USA,19-03-2023,Suite,Corporate,125,2174.16,1,28264.08,March,High Risk,2,5
4244,34,Germany,02-05-2023,Suite,Agent,0,2742.6,1,32911.2,May,Low Risk,1,18
4246,43,India,05-08-2023,Suite,Agent,98,14544.24,0,43632.72,August,Medium Risk,1,9
4252,64,UAE,09-05-2023,Suite,Agent,98,8764.42,0,43822.1,May,Medium Risk,1,9
4263,34,USA,23-07-2023,Suite,Online,4,12927.35,1,180982.9,July,Low Risk,2,19
4267,47,India,27-06-2023,Suite,Online,131,5951.78,1,41662.46,June,High Risk,2,6
4270,37,USA,14-11-2023,Suite,Corporate,25,11582.32,0,104240.88,November,Low Risk,2,6
4272,36,India,30-12-2023,Suite,Agent,125,14209.08,1,71045.4,December,High Risk,1,13
4274,54,USA,05-06-2023,Suite,Online,173,8693.06,1,8693.06,June,High Risk,2,1
4277,54,UAE,15-06-2023,Suite,Corporate,20,11509.58,1,126605.38,June,Low Risk,1,15
4278,65,USA,30-01-2023,Suite,Agent,164,8385.69,1,16771.38,January,High Risk,2,10
4280,45,India,16-05-2023,Suite,Online,100,13833.12,1,96831.84,May,Medium Risk,1,4
4283,64,UAE,16-04-2023,Suite,Corporate,116,10664.58,1,85316.64,April,High Risk,2,4
4284,65,UK,25-12-2023,Suite,Online,32,13583.93,0,40751.79,December,Low Risk,1,16
4290,24,USA,06-04-2023,Suite,Online,143,11239.12,1,67434.72,April,High Risk,2,9
4291,58,India,09-02-2023,Suite,Agent,44,4343.4,1,4343.4,February,Low Risk,2,8
4299,33,UK,02-08-2023,Suite,Corporate,50,7220.74,0,79428.14,August,Low Risk,2,7
4300,26,UK,31-05-2023,Suite,Agent,108,5707.62,1,28538.1,May,High Risk,2,6
4310,62,Germany,23-09-2023,Suite,Agent,119,6312.31,1,18936.93,September,High Risk,1,5
4311,51,USA,09-04-2023,Suite,Agent,32,6065.2,0,12130.4,April,Low Risk,1,19
4318,20,USA,02-08-2023,Suite,Online,167,5015.53,1,65201.89,August,High Risk,1,5
4319,45,UK,14-01-2023,Suite,Agent,24,6454.01,0,90356.14,January,Low Risk,1,11
4321,61,USA,22-10-2023,Suite,Corporate,159,3293.35,1,23053.45,October,High Risk,1,18
4322,61,USA,01-07-2023,Suite,Online,45,9468.93,0,18937.86,July,Low Risk,1,11
4324,45,USA,12-08-2023,Suite,Online,131,3292.08,1,46089.12,August,High Risk,1,20
4325,57,Germany,12-02-2023,Suite,Agent,118,6357.43,1,12714.86,February,High Risk,1,11
4327,53,India,18-06-2023,Suite,Online,79,6036.25,0,54326.25,June,Medium Risk,2,15
4328,38,Germany,21-09-2023,Suite,Agent,74,12793.42,1,179107.88,September,Medium Risk,2,13
4329,60,Germany,06-04-2023,Suite,Corporate,149,2453.01,1,7359.03,April,High Risk,1,9
4332,66,India,01-12-2023,Suite,Corporate,32,7545.1,0,105631.4,December,Low Risk,1,3
4336,27,USA,27-11-2023,Suite,Corporate,84,14657.62,1,73288.1,November,Medium Risk,1,17
4338,30,Germany,31-05-2023,Suite,Agent,89,9927,0,59562,May,Medium Risk,1,6
4339,54,UAE,13-11-2023,Suite,Online,64,6614.72,1,39688.32,November,Medium Risk,1,1
4342,19,USA,13-04-2023,Suite,Agent,85,3214.24,0,32142.4,April,Medium Risk,1,1
4346,31,UAE,13-12-2023,Suite,Agent,3,12022.36,0,132245.96,December,Low Risk,1,19
4348,52,UK,16-09-2023,Suite,Online,43,11756.09,1,58780.45,September,Low Risk,2,20
4350,20,India,25-10-2023,Suite,Agent,93,4167.57,1,4167.57,October,Medium Risk,2,11
4352,55,Germany,22-10-2023,Suite,Agent,158,10772.04,1,107720.4,October,High Risk,1,20
4355,69,India,27-01-2023,Suite,Corporate,100,7389.92,0,96068.96,January,Medium Risk,1,18
4358,60,UK,31-12-2023,Suite,Agent,136,6532.22,1,19596.66,December,High Risk,1,14
4362,55,Germany,14-05-2023,Suite,Online,65,14007.7,1,84046.2,May,Medium Risk,2,16
4371,29,USA,20-09-2023,Suite,Corporate,56,14998.2,0,194976.6,September,Medium Risk,2,17
4372,44,Germany,26-12-2023,Suite,Corporate,76,7938.46,0,15876.92,December,Medium Risk,2,7
4377,51,UAE,26-05-2023,Suite,Online,125,8415.79,1,109405.27,May,High Risk,1,4
4383,42,UK,18-12-2023,Suite,Agent,74,5973.58,1,47788.64,December,Medium Risk,1,4
4388,33,UK,27-06-2023,Suite,Agent,97,4098.63,0,8197.26,June,Medium Risk,1,7
4393,24,UK,25-10-2023,Suite,Agent,116,5407.45,1,48667.05,October,High Risk,2,11
4394,53,UK,14-02-2023,Suite,Corporate,1,10098.03,1,50490.15,February,Low Risk,1,1
4396,68,UAE,17-04-2023,Suite,Corporate,42,2823.94,0,28239.4,April,Low Risk,1,5
4398,49,UK,08-05-2023,Suite,Online,143,6793.7,1,95111.8,May,High Risk,1,18
4400,25,India,07-04-2023,Suite,Agent,27,7137.99,0,49965.93,April,Low Risk,1,4
4401,50,Germany,17-07-2023,Suite,Agent,159,10302.28,1,123627.36,July,High Risk,2,5
4403,42,UAE,23-12-2023,Suite,Agent,106,8431.47,1,118040.58,December,High Risk,2,2
4406,39,Germany,28-11-2023,Suite,Online,37,9284.89,0,64994.23,November,Low Risk,2,17
4407,21,UAE,07-01-2023,Suite,Corporate,175,3799.52,1,11398.56,January,High Risk,2,10
4410,46,Germany,01-01-2023,Suite,Online,81,4551.78,0,31862.46,January,Medium Risk,1,2
4411,58,USA,03-03-2023,Suite,Online,72,10807.56,1,140498.28,March,Medium Risk,2,16
4414,51,USA,18-01-2023,Suite,Online,169,7402.38,1,29609.52,January,High Risk,2,1
4415,45,Germany,18-04-2023,Suite,Online,80,7755.92,1,54291.44,April,Medium Risk,2,7
4416,30,USA,15-05-2023,Suite,Agent,147,3034.24,1,27308.16,May,High Risk,1,9
4418,40,Germany,08-03-2023,Suite,Corporate,138,12434.9,1,99479.2,March,High Risk,1,5
4436,43,UAE,23-01-2023,Suite,Corporate,71,6934.33,0,76277.63,January,Medium Risk,2,2
4438,24,UK,23-12-2023,Suite,Agent,64,3822.41,0,45868.92,December,Medium Risk,1,15
4441,42,Germany,18-04-2023,Suite,Agent,66,12445.16,0,87116.12,April,Medium Risk,1,2
4444,36,UK,30-01-2023,Suite,Agent,66,10257.92,0,30773.76,January,Medium Risk,2,7
4445,28,Germany,03-11-2023,Suite,Online,97,12123.67,1,133360.37,November,Medium Risk,2,4
4447,25,UK,11-12-2023,Suite,Agent,176,13028.18,1,117253.62,December,High Risk,2,6
4448,57,UAE,07-05-2023,Suite,Corporate,36,13492.67,1,148419.37,May,Low Risk,2,1
4449,21,UAE,29-10-2023,Suite,Agent,45,10160.2,0,111762.2,October,Low Risk,2,6
4451,48,India,09-04-2023,Suite,Corporate,118,7083.67,1,99171.38,April,High Risk,2,2
4452,45,Germany,15-06-2023,Suite,Corporate,62,8000.55,0,96006.6,June,Medium Risk,2,13
4455,18,India,29-08-2023,Suite,Online,95,13696.23,0,109569.84,August,Medium Risk,1,2
4457,64,Germany,25-09-2023,Suite,Corporate,114,6699.94,1,46899.58,September,High Risk,2,15
4461,64,UK,21-02-2023,Suite,Agent,22,13318.66,0,66593.3,February,Low Risk,2,18
4465,67,UAE,27-08-2023,Suite,Agent,45,6886.08,0,41316.48,August,Low Risk,1,9
4470,37,India,20-10-2023,Suite,Online,62,6519.91,0,58679.19,October,Medium Risk,1,11
4471,69,India,21-02-2023,Suite,Corporate,68,13280.14,1,132801.4,February,Medium Risk,1,10
4472,58,India,28-08-2023,Suite,Online,19,3138.08,0,3138.08,August,Low Risk,1,15
4473,28,Germany,09-04-2023,Suite,Agent,118,7412.81,1,14825.62,April,High Risk,1,12
4474,50,India,22-03-2023,Suite,Corporate,22,5340.51,1,10681.02,March,Low Risk,1,9
4477,44,UAE,08-05-2023,Suite,Online,26,14796.01,1,103572.07,May,Low Risk,2,13
4478,51,India,31-10-2023,Suite,Online,90,3550.55,0,21303.3,October,Medium Risk,1,2
4480,49,UK,22-03-2023,Suite,Corporate,151,3636.2,1,39998.2,March,High Risk,1,20
4491,30,UK,16-08-2023,Suite,Corporate,102,2829.98,1,33959.76,August,High Risk,2,18
4492,48,UK,17-10-2023,Suite,Online,102,6345.35,1,44417.45,October,High Risk,1,13
4493,47,USA,20-10-2023,Suite,Online,169,8689.71,1,8689.71,October,High Risk,2,4
4496,23,UAE,14-09-2023,Suite,Corporate,125,13635.62,1,122720.58,September,High Risk,1,17
4497,46,UK,13-04-2023,Suite,Agent,128,4335.14,1,34681.12,April,High Risk,2,15
4498,25,UAE,26-05-2023,Suite,Agent,147,13981.54,1,153796.94,May,High Risk,1,8
4505,65,Germany,16-01-2023,Suite,Online,33,8397.73,1,33590.92,January,Low Risk,2,2
4507,30,UAE,05-09-2023,Suite,Online,68,3010.05,1,36120.6,September,Medium Risk,2,18
4509,28,UAE,11-02-2023,Suite,Online,113,5311.18,1,58422.98,February,High Risk,2,2
4514,58,India,30-12-2023,Suite,Agent,104,7860.9,1,78609,December,High Risk,2,9
4516,21,India,20-09-2023,Suite,Agent,169,5561.86,1,5561.86,September,High Risk,1,18
4519,43,Germany,27-01-2023,Suite,Online,4,13288.66,1,53154.64,January,Low Risk,2,6
4521,28,Germany,15-07-2023,Suite,Agent,165,6280.9,1,18842.7,July,High Risk,1,11
4522,54,India,12-11-2023,Suite,Corporate,43,2401.25,1,31216.25,November,Low Risk,2,14
4523,42,UAE,31-08-2023,Suite,Online,75,3815,0,45780,August,Medium Risk,2,20
4527,55,India,25-05-2023,Suite,Agent,7,14750.57,1,118004.56,May,Low Risk,2,9
4530,23,UAE,29-03-2023,Suite,Online,94,4198.49,0,37786.41,March,Medium Risk,2,13
4531,21,India,20-01-2023,Suite,Agent,1,6988.73,1,34943.65,January,Low Risk,1,4
4534,46,USA,20-12-2023,Suite,Agent,105,6157.35,1,43101.45,December,High Risk,2,1
4542,25,UAE,30-03-2023,Suite,Online,121,8894.26,1,80048.34,March,High Risk,1,19
4543,30,USA,14-12-2023,Suite,Agent,22,4747.59,1,52223.49,December,Low Risk,2,9
4544,59,UK,28-11-2023,Suite,Agent,110,8344.39,1,8344.39,November,High Risk,1,20
4552,60,India,18-04-2023,Suite,Online,52,9231.33,0,27693.99,April,Medium Risk,2,4
4555,37,UAE,08-07-2023,Suite,Corporate,143,6659.47,1,33297.35,July,High Risk,2,16
4556,41,USA,09-06-2023,Suite,Corporate,179,13792.97,1,110343.76,June,High Risk,2,5
4561,61,UK,18-01-2023,Suite,Agent,104,5387.26,1,75421.64,January,High Risk,1,14
4563,54,UAE,25-04-2023,Suite,Online,107,8070.86,1,88779.46,April,High Risk,2,20
4565,53,USA,13-08-2023,Suite,Corporate,77,4458.91,1,35671.28,August,Medium Risk,2,10
4567,45,UAE,07-02-2023,Suite,Corporate,101,14894.91,1,193633.83,February,High Risk,1,12
4569,59,India,09-01-2023,Suite,Agent,131,9209.02,1,101299.22,January,High Risk,2,5
4572,41,India,08-04-2023,Suite,Agent,118,7457.14,1,59657.12,April,High Risk,1,7
4574,57,USA,12-03-2023,Suite,Agent,121,7391.61,1,36958.05,March,High Risk,2,18
4575,19,Germany,08-02-2023,Suite,Agent,66,8587.91,0,77291.19,February,Medium Risk,2,10
4578,44,India,07-08-2023,Suite,Agent,86,5785.5,1,69426,August,Medium Risk,1,5
4579,39,India,17-04-2023,Suite,Online,39,8626.12,0,51756.72,April,Low Risk,1,2
4580,54,UK,06-04-2023,Suite,Agent,55,3752.94,0,3752.94,April,Medium Risk,2,15
4584,61,Germany,07-10-2023,Suite,Agent,95,12732.03,0,165516.39,October,Medium Risk,2,9
4585,30,UAE,24-01-2023,Suite,Agent,121,2247.81,1,13486.86,January,High Risk,1,4
4587,27,India,30-04-2023,Suite,Agent,171,10426.2,1,135540.6,April,High Risk,2,18
4588,53,Germany,01-10-2023,Suite,Corporate,30,3259.82,0,29338.38,October,Low Risk,2,8
4589,26,India,20-05-2023,Suite,Corporate,124,14972.96,1,119783.68,May,High Risk,2,10
4590,44,India,24-10-2023,Suite,Agent,75,10001.07,1,20002.14,October,Medium Risk,1,13
4591,51,UK,09-12-2023,Suite,Online,125,7211.15,1,14422.3,December,High Risk,1,16
4601,37,Germany,17-06-2023,Suite,Online,112,2928.18,1,40994.52,June,High Risk,2,16
4604,52,India,15-03-2023,Suite,Online,132,10737.99,1,10737.99,March,High Risk,2,4
4608,43,USA,22-02-2023,Suite,Corporate,102,13112.5,1,26225,February,High Risk,2,2
4614,46,UK,14-03-2023,Suite,Agent,23,14742.68,0,103198.76,March,Low Risk,1,5
4615,37,UAE,31-07-2023,Suite,Agent,84,8514.97,1,51089.82,July,Medium Risk,1,10
4619,18,UK,20-09-2023,Suite,Agent,56,3228.37,1,3228.37,September,Medium Risk,1,19
4621,18,UAE,18-08-2023,Suite,Online,112,4441.71,1,31091.97,August,High Risk,1,8
4626,40,UK,08-11-2023,Suite,Online,156,13221.44,1,39664.32,November,High Risk,2,17
4630,58,USA,22-07-2023,Suite,Agent,43,4667.06,1,65338.84,July,Low Risk,1,18
4633,34,Germany,24-11-2023,Suite,Corporate,27,13039.86,0,65199.3,November,Low Risk,2,12
4634,39,USA,02-04-2023,Suite,Corporate,151,2115.93,1,25391.16,April,High Risk,2,7
4638,46,USA,21-02-2023,Suite,Corporate,54,9072.99,0,99802.89,February,Medium Risk,1,13
4641,28,USA,30-10-2023,Suite,Online,82,12993.19,0,77959.14,October,Medium Risk,2,17
4644,52,USA,02-08-2023,Suite,Online,81,13590.9,0,54363.6,August,Medium Risk,1,9
4648,36,UAE,25-11-2023,Suite,Agent,27,7110.4,1,92435.2,November,Low Risk,1,8
4655,22,UAE,09-11-2023,Suite,Agent,170,5159.37,1,61912.44,November,High Risk,2,4
4657,31,USA,04-11-2023,Suite,Online,1,12227.51,1,61137.55,November,Low Risk,1,9
4660,59,USA,16-05-2023,Suite,Online,51,8962.39,0,53774.34,May,Medium Risk,2,8
4661,37,India,28-03-2023,Suite,Corporate,14,14725.85,1,103080.95,March,Low Risk,1,8
4668,58,USA,13-08-2023,Suite,Corporate,21,8506.03,1,102072.36,August,Low Risk,2,17
4669,65,UAE,29-07-2023,Suite,Agent,156,5983.3,1,47866.4,July,High Risk,2,7
4671,65,UAE,23-08-2023,Suite,Online,139,5789.73,1,11579.46,August,High Risk,2,14
4683,64,UAE,08-01-2023,Suite,Online,115,3063.05,1,6126.1,January,High Risk,2,17
4687,53,UAE,29-10-2023,Suite,Corporate,35,8622.65,0,34490.6,October,Low Risk,2,16
4689,46,India,05-09-2023,Suite,Online,164,6915.12,1,89896.56,September,High Risk,1,16
4693,21,USA,05-01-2023,Suite,Online,145,5603.91,1,50435.19,January,High Risk,1,5
4700,62,UAE,21-05-2023,Suite,Online,79,10939.6,1,43758.4,May,Medium Risk,2,13
4706,27,UAE,15-02-2023,Suite,Agent,167,12666.11,1,164659.43,February,High Risk,1,1
4708,24,USA,06-05-2023,Suite,Online,159,13407.55,1,160890.6,May,High Risk,2,8
4721,68,Germany,18-06-2023,Suite,Corporate,104,3871.61,1,19358.05,June,High Risk,1,8
4722,53,India,01-03-2023,Suite,Agent,11,5585.95,0,11171.9,March,Low Risk,1,10
4725,22,Germany,09-07-2023,Suite,Online,131,13675.13,1,136751.3,July,High Risk,1,19
4729,47,USA,16-10-2023,Suite,Online,177,13631.07,1,177203.91,October,High Risk,1,11
4731,42,UAE,09-11-2023,Suite,Corporate,97,7001.85,0,56014.8,November,Medium Risk,2,7
4733,44,Germany,10-02-2023,Suite,Online,38,3162.26,1,22135.82,February,Low Risk,1,14
4737,64,Germany,28-08-2023,Suite,Corporate,139,13989.34,1,111914.72,August,High Risk,2,17
4738,53,Germany,06-04-2023,Suite,Agent,60,9381.8,0,46909,April,Medium Risk,1,17
4740,33,UK,09-06-2023,Suite,Agent,138,7677.18,1,7677.18,June,High Risk,2,3
4742,38,UK,28-07-2023,Suite,Agent,13,3547.49,0,39022.39,July,Low Risk,1,20
4744,25,USA,07-04-2023,Suite,Agent,160,7109.48,1,28437.92,April,High Risk,2,1
4746,33,Germany,12-03-2023,Suite,Corporate,112,2630.04,1,18410.28,March,High Risk,1,12
4748,59,USA,17-12-2023,Suite,Corporate,83,10056.08,0,30168.24,December,Medium Risk,2,14
4750,49,USA,07-03-2023,Suite,Corporate,90,5557.73,0,22230.92,March,Medium Risk,2,9
4755,49,UAE,24-09-2023,Suite,Corporate,50,13793.79,0,13793.79,September,Low Risk,2,15
4757,39,UK,29-05-2023,Suite,Corporate,33,3714.22,0,14856.88,May,Low Risk,1,8
4758,34,UK,13-07-2023,Suite,Online,168,2134.19,1,29878.66,July,High Risk,2,19
4759,21,India,17-06-2023,Suite,Corporate,88,11999.14,0,71994.84,June,Medium Risk,1,13
4762,64,USA,28-05-2023,Suite,Agent,19,6170.43,1,49363.44,May,Low Risk,2,8
4763,42,Germany,26-02-2023,Suite,Agent,106,8690.04,1,17380.08,February,High Risk,2,9
4764,38,UAE,05-01-2023,Suite,Online,135,10769.23,1,53846.15,January,High Risk,2,16
4769,42,India,04-08-2023,Suite,Agent,41,8582.28,1,77240.52,August,Low Risk,1,10
4770,68,Germany,24-06-2023,Suite,Agent,177,14348.1,1,172177.2,June,High Risk,2,15
4774,41,Germany,10-04-2023,Suite,Agent,99,11693.08,0,140316.96,April,Medium Risk,1,9
4780,23,UK,21-07-2023,Suite,Corporate,176,9861.4,1,49307,July,High Risk,1,18
4785,34,UAE,01-06-2023,Suite,Agent,39,5111.57,1,40892.56,June,Low Risk,2,20
4789,26,UK,07-09-2023,Suite,Online,63,5634.36,1,50709.24,September,Medium Risk,2,13
4790,30,UK,09-04-2023,Suite,Online,80,11911.07,1,35733.21,April,Medium Risk,2,9
4791,23,Germany,01-08-2023,Suite,Corporate,11,6649.34,0,26597.36,August,Low Risk,1,20
4796,34,UAE,22-04-2023,Suite,Agent,112,12732,1,25464,April,High Risk,2,7
4797,66,USA,15-05-2023,Suite,Online,42,13998.19,1,27996.38,May,Low Risk,1,3
4809,49,India,30-05-2023,Suite,Online,87,2488.45,0,9953.8,May,Medium Risk,2,13
4811,35,UAE,12-04-2023,Suite,Agent,110,7964.97,1,15929.94,April,High Risk,1,3
4813,36,UK,25-01-2023,Suite,Corporate,100,8245.5,1,98946,January,Medium Risk,2,10
4815,69,India,22-03-2023,Suite,Online,12,5469.88,0,27349.4,March,Low Risk,1,5
4816,52,UAE,02-03-2023,Suite,Online,146,14181.45,1,42544.35,March,High Risk,1,4
4817,57,Germany,18-01-2023,Suite,Online,5,10972.98,0,142648.74,January,Low Risk,2,3
4826,23,Germany,11-01-2023,Suite,Agent,138,14213.4,1,156347.4,January,High Risk,1,17
4827,50,UK,12-06-2023,Suite,Online,117,7183.72,1,7183.72,June,High Risk,1,17
4830,36,UAE,26-12-2023,Suite,Online,138,8698.31,1,95681.41,December,High Risk,2,18
4831,18,India,19-11-2023,Suite,Corporate,71,2018.21,1,16145.68,November,Medium Risk,1,14
4834,33,UK,14-02-2023,Suite,Corporate,25,7839.34,1,31357.36,February,Low Risk,1,14
4839,52,USA,01-04-2023,Suite,Online,77,2863.94,1,20047.58,April,Medium Risk,1,11
4841,29,Germany,03-10-2023,Suite,Online,20,7872.5,0,78725,October,Low Risk,2,10
4842,33,USA,31-10-2023,Suite,Corporate,134,5283.67,1,42269.36,October,High Risk,1,5
4843,60,UK,01-10-2023,Suite,Corporate,138,8022,1,80220,October,High Risk,2,8
4848,21,UAE,19-09-2023,Suite,Corporate,36,2708.41,1,29792.51,September,Low Risk,1,10
4849,61,Germany,08-02-2023,Suite,Agent,119,10524.19,1,52620.95,February,High Risk,1,9
4852,39,Germany,18-04-2023,Suite,Online,103,3038.31,1,30383.1,April,High Risk,2,19
4853,68,Germany,04-04-2023,Suite,Corporate,67,7483.07,1,29932.28,April,Medium Risk,1,3
4855,25,Germany,25-03-2023,Suite,Corporate,154,6264.62,1,25058.48,March,High Risk,2,17
4856,24,UAE,27-02-2023,Suite,Online,103,12983.79,1,116854.11,February,High Risk,1,6
4857,31,USA,20-10-2023,Suite,Corporate,59,4921.02,1,14763.06,October,Medium Risk,2,16
4863,35,UAE,24-05-2023,Suite,Corporate,132,11793.11,1,94344.88,May,High Risk,2,12
4864,69,UK,01-10-2023,Suite,Online,123,2676.63,1,32119.56,October,High Risk,1,5
4866,25,USA,23-07-2023,Suite,Online,139,13672.78,1,82036.68,July,High Risk,1,11
4867,50,UK,29-10-2023,Suite,Corporate,89,4909.75,0,68736.5,October,Medium Risk,1,2
4870,28,USA,21-10-2023,Suite,Corporate,52,7529.56,1,82825.16,October,Medium Risk,2,9
4881,50,UAE,16-12-2023,Suite,Corporate,124,4100.66,1,24603.96,December,High Risk,1,20
4884,58,UAE,18-07-2023,Suite,Online,172,9154.58,1,64082.06,July,High Risk,1,17
4885,36,India,22-04-2023,Suite,Agent,26,10310.14,1,61860.84,April,Low Risk,2,8
4887,22,India,08-05-2023,Suite,Corporate,17,10408.32,0,31224.96,May,Low Risk,2,7
4890,64,UAE,16-10-2023,Suite,Agent,158,11220.22,1,145862.86,October,High Risk,1,15
4891,56,India,10-06-2023,Suite,Corporate,40,14056.74,0,182737.62,June,Low Risk,2,15
4893,50,UAE,08-10-2023,Suite,Online,6,14577.76,0,160355.36,October,Low Risk,1,6
4896,24,India,30-12-2023,Suite,Corporate,133,11730.74,1,58653.7,December,High Risk,1,8
4897,32,UAE,09-07-2023,Suite,Online,172,7950.89,1,15901.78,July,High Risk,2,14
4902,46,USA,26-12-2023,Suite,Online,130,2257.19,1,15800.33,December,High Risk,1,2
4903,37,India,06-10-2023,Suite,Corporate,160,9249.48,1,129492.72,October,High Risk,2,20
4907,27,UK,26-07-2023,Suite,Corporate,112,6647.33,1,19941.99,July,High Risk,1,20
4915,23,UK,19-06-2023,Suite,Online,127,7552.92,1,83082.12,June,High Risk,2,13
4917,45,India,14-10-2023,Suite,Agent,134,3311.18,1,39734.16,October,High Risk,1,13
4918,58,UK,02-09-2023,Suite,Agent,85,7685.3,0,46111.8,September,Medium Risk,1,8
4920,35,USA,21-03-2023,Suite,Online,133,6718.53,1,40311.18,March,High Risk,1,12
4921,43,India,02-04-2023,Suite,Corporate,132,12029.32,1,168410.48,April,High Risk,1,6
4924,66,India,03-05-2023,Suite,Online,57,14638.57,0,131747.13,May,Medium Risk,2,1
4932,42,USA,29-07-2023,Suite,Corporate,78,9157.49,0,27472.47,July,Medium Risk,2,2
4934,33,Germany,06-12-2023,Suite,Corporate,45,13805.18,1,82831.08,December,Low Risk,1,6
4943,44,UAE,21-07-2023,Suite,Corporate,164,4862.61,1,29175.66,July,High Risk,2,20
4947,37,Germany,19-08-2023,Suite,Corporate,66,13636.61,0,109092.88,August,Medium Risk,1,11
4959,39,USA,31-01-2023,Suite,Corporate,138,12890.15,1,128901.5,January,High Risk,1,4
4965,26,India,15-05-2023,Suite,Online,160,11221.04,1,33663.12,May,High Risk,2,14
4975,18,USA,08-10-2023,Suite,Corporate,68,14725.26,0,132527.34,October,Medium Risk,1,8
4977,43,UK,06-08-2023,Suite,Online,156,9518.28,1,133255.92,August,High Risk,1,3
4980,32,USA,28-08-2023,Suite,Online,30,13460.44,1,67302.2,August,Low Risk,2,20
4982,68,India,18-05-2023,Suite,Agent,14,9644.85,0,106093.35,May,Low Risk,2,5
4984,38,UK,16-06-2023,Suite,Online,73,10184.36,0,132396.68,June,Medium Risk,1,1
4985,39,UK,14-06-2023,Suite,Corporate,8,11534.8,0,103813.2,June,Low Risk,2,15
4988,47,India,02-04-2023,Suite,Online,44,9515.01,0,19030.02,April,Low Risk,2,20
4990,62,USA,16-10-2023,Suite,Corporate,133,6179.56,1,49436.48,October,High Risk,1,20
4996,24,Germany,08-03-2023,Suite,Agent,124,9908.54,1,49542.7,March,High Risk,2,3
5004,26,UK,14-05-2023,Suite,Online,116,14767.15,1,29534.3,May,High Risk,1,20
5006,63,UK,27-06-2023,Suite,Online,133,11211,1,22422,June,High Risk,1,9
5013,34,UAE,24-08-2023,Suite,Corporate,174,4640.96,1,23204.8,August,High Risk,2,2
5017,67,Germany,30-06-2023,Suite,Corporate,104,10451.09,1,135864.17,June,High Risk,2,16
5026,46,India,05-12-2023,Suite,Online,112,7458.93,1,59671.44,December,High Risk,2,12
5031,45,Germany,05-09-2023,Suite,Corporate,154,9149.3,1,82343.7,September,High Risk,1,13
5047,50,Germany,06-01-2023,Suite,Online,94,13628.28,0,95397.96,January,Medium Risk,2,6
5048,63,UK,02-11-2023,Suite,Online,34,10383.76,0,83070.08,November,Low Risk,2,15
5057,50,India,04-02-2023,Suite,Online,19,5020.01,1,20080.04,February,Low Risk,1,2
5059,33,UK,05-11-2023,Suite,Corporate,148,14977.9,1,119823.2,November,High Risk,2,9
5064,35,UK,30-10-2023,Suite,Agent,35,5238.37,1,52383.7,October,Low Risk,2,3
5066,36,UK,03-04-2023,Suite,Corporate,68,14783.3,1,29566.6,April,Medium Risk,2,11
5069,63,UAE,19-03-2023,Suite,Corporate,131,6936.59,1,13873.18,March,High Risk,2,4
5071,27,Germany,11-03-2023,Suite,Online,83,5165.38,1,5165.38,March,Medium Risk,2,14
5073,18,Germany,19-10-2023,Suite,Corporate,148,6817.51,1,74992.61,October,High Risk,1,14
5075,63,USA,26-12-2023,Suite,Agent,155,9710.36,1,58262.16,December,High Risk,1,5
5079,59,Germany,19-11-2023,Suite,Agent,37,10227.29,0,30681.87,November,Low Risk,2,11
5082,23,USA,08-09-2023,Suite,Corporate,118,13242.36,1,26484.72,September,High Risk,2,15
5083,60,UAE,22-07-2023,Suite,Agent,131,10130.83,1,121569.96,July,High Risk,1,1
5084,42,India,31-10-2023,Suite,Online,55,4018.34,1,32146.72,October,Medium Risk,1,14
5088,50,India,19-06-2023,Suite,Agent,108,3510.04,1,42120.48,June,High Risk,1,20
5098,67,Germany,19-03-2023,Suite,Agent,132,7322.92,1,95197.96,March,High Risk,1,14
5100,54,USA,16-10-2023,Suite,Online,172,14365.17,1,143651.7,October,High Risk,2,2
5102,45,UAE,25-09-2023,Suite,Corporate,111,13714.2,1,95999.4,September,High Risk,2,15
5104,51,UK,18-02-2023,Suite,Agent,119,2883.96,1,8651.88,February,High Risk,2,5
5105,39,USA,29-03-2023,Suite,Online,100,4559.48,1,27356.88,March,Medium Risk,1,2
5106,28,UK,30-11-2023,Suite,Online,106,14225.86,1,142258.6,November,High Risk,2,1
5109,39,Germany,10-03-2023,Suite,Agent,7,4094.63,1,49135.56,March,Low Risk,1,9
5110,24,India,01-03-2023,Suite,Online,98,4043.22,1,20216.1,March,Medium Risk,2,11
5111,60,UK,29-10-2023,Suite,Online,60,13763.21,0,178921.73,October,Medium Risk,2,8
5112,41,UAE,06-09-2023,Suite,Agent,99,4160.7,1,12482.1,September,Medium Risk,1,10
5113,21,USA,18-06-2023,Suite,Corporate,26,7021.64,0,98302.96,June,Low Risk,1,8
5120,67,UAE,07-04-2023,Suite,Agent,154,8303.72,1,74733.48,April,High Risk,2,4
5123,55,India,05-02-2023,Suite,Agent,39,11624.63,0,69747.78,February,Low Risk,1,17
5124,38,USA,03-12-2023,Suite,Corporate,103,11826.05,1,47304.2,December,High Risk,1,2
5127,22,Germany,31-10-2023,Suite,Corporate,32,13090.19,1,117811.71,October,Low Risk,1,1
5129,27,India,13-12-2023,Suite,Corporate,144,11372.2,1,45488.8,December,High Risk,2,4
5133,24,UK,26-01-2023,Suite,Online,42,2363.53,0,30725.89,January,Low Risk,2,18
5134,20,Germany,22-05-2023,Suite,Online,116,4230.2,1,25381.2,May,High Risk,1,1
5138,36,UK,30-05-2023,Suite,Online,42,12929.05,0,155148.6,May,Low Risk,1,20
5141,22,UAE,12-10-2023,Suite,Online,24,11222.82,0,78559.74,October,Low Risk,2,2
5143,21,UK,15-09-2023,Suite,Corporate,92,9929.37,0,139011.18,September,Medium Risk,2,15
5144,29,UK,16-09-2023,Suite,Online,98,5878.18,0,17634.54,September,Medium Risk,2,8
5146,59,USA,24-11-2023,Suite,Online,178,6371.89,1,44603.23,November,High Risk,1,5
5149,38,USA,17-09-2023,Suite,Corporate,37,12429.61,0,74577.66,September,Low Risk,2,1
5151,41,UAE,03-07-2023,Suite,Agent,0,11186.28,0,134235.36,July,Low Risk,1,20
5152,42,Germany,16-01-2023,Suite,Online,53,5639.02,0,11278.04,January,Medium Risk,1,19
5158,53,India,24-01-2023,Suite,Corporate,116,6594.24,1,19782.72,January,High Risk,1,4
5162,59,UK,11-12-2023,Suite,Corporate,179,4577.34,1,18309.36,December,High Risk,2,2
5164,33,UAE,22-01-2023,Suite,Online,28,10801.45,0,129617.4,January,Low Risk,2,12
5165,50,Germany,29-06-2023,Suite,Online,141,14648.21,1,161130.31,June,High Risk,1,12
5169,23,India,12-08-2023,Suite,Agent,114,4358.09,1,52297.08,August,High Risk,2,19
5171,62,USA,25-08-2023,Suite,Agent,96,9897.79,1,118773.48,August,Medium Risk,2,10
5174,39,USA,19-01-2023,Suite,Agent,119,6531.73,1,13063.46,January,High Risk,1,5
5178,40,Germany,02-03-2023,Suite,Agent,16,13147.03,0,13147.03,March,Low Risk,2,5
5182,33,Germany,17-03-2023,Suite,Online,61,10289.03,0,20578.06,March,Medium Risk,2,18
5183,20,USA,10-09-2023,Suite,Agent,57,7609.6,0,106534.4,September,Medium Risk,2,10
5185,39,UAE,18-06-2023,Suite,Corporate,130,7603.51,1,53224.57,June,High Risk,2,14
5187,46,USA,18-05-2023,Suite,Corporate,79,12228.28,0,85597.96,May,Medium Risk,2,2
5191,30,India,01-04-2023,Suite,Online,66,6486.66,0,84326.58,April,Medium Risk,1,14
5194,69,UAE,10-09-2023,Suite,Agent,55,11853.1,1,47412.4,September,Medium Risk,1,5
5196,65,USA,20-01-2023,Suite,Corporate,77,6916.89,0,6916.89,January,Medium Risk,1,7
5200,57,India,20-08-2023,Suite,Agent,145,10592.14,1,63552.84,August,High Risk,2,4
5201,38,UAE,24-11-2023,Suite,Online,47,9444.57,1,75556.56,November,Low Risk,2,5
5204,23,UAE,17-12-2023,Suite,Corporate,72,11867.7,0,11867.7,December,Medium Risk,1,6
5205,61,India,17-04-2023,Suite,Corporate,128,2978.84,1,8936.52,April,High Risk,2,1
5217,27,UAE,05-06-2023,Suite,Online,139,8310.24,1,16620.48,June,High Risk,1,14
5218,64,UAE,04-08-2023,Suite,Agent,32,3337.13,0,3337.13,August,Low Risk,1,7
5220,53,UAE,25-12-2023,Suite,Online,82,13818.14,0,179635.82,December,Medium Risk,1,6
5232,41,UAE,09-09-2023,Suite,Agent,152,12770.33,1,76621.98,September,High Risk,1,17
5234,60,India,30-04-2023,Suite,Online,44,13084.61,0,157015.32,April,Low Risk,2,18
5236,64,USA,11-06-2023,Suite,Corporate,94,6178.73,0,30893.65,June,Medium Risk,1,6
5238,50,UK,03-05-2023,Suite,Corporate,33,10450.46,0,73153.22,May,Low Risk,1,5
5239,36,Germany,21-05-2023,Suite,Corporate,97,14390.46,0,86342.76,May,Medium Risk,2,8
5242,57,Germany,14-09-2023,Suite,Agent,178,7964.86,1,111508.04,September,High Risk,1,8
5243,64,Germany,21-11-2023,Suite,Corporate,41,6488.49,0,64884.9,November,Low Risk,1,10
5249,68,USA,06-10-2023,Suite,Agent,135,5441.93,1,21767.72,October,High Risk,1,15
5251,18,UAE,06-01-2023,Suite,Agent,86,13586.8,0,81520.8,January,Medium Risk,1,11
5252,51,UAE,28-05-2023,Suite,Online,61,9533.29,0,114399.48,May,Medium Risk,2,2
5257,65,India,11-10-2023,Suite,Corporate,23,14056.52,0,196791.28,October,Low Risk,1,3
5260,56,India,27-11-2023,Suite,Online,148,2243.44,1,8973.76,November,High Risk,2,13
5261,41,UK,10-12-2023,Suite,Agent,40,6122.48,1,79592.24,December,Low Risk,2,2
5262,43,UK,25-02-2023,Suite,Online,12,2815.57,1,33786.84,February,Low Risk,1,16
5265,30,UK,04-02-2023,Suite,Online,77,7263.87,1,50847.09,February,Medium Risk,1,12
5266,22,USA,28-07-2023,Suite,Online,70,7189.64,1,71896.4,July,Medium Risk,1,11
5269,20,USA,27-05-2023,Suite,Online,15,7634.64,0,45807.84,May,Low Risk,1,15
5271,66,UAE,22-03-2023,Suite,Agent,127,2989.05,1,14945.25,March,High Risk,2,7
5273,18,Germany,28-03-2023,Suite,Corporate,10,12087.35,0,24174.7,March,Low Risk,1,12
5275,34,UAE,30-10-2023,Suite,Agent,120,14559.06,1,131031.54,October,High Risk,1,14
5277,42,UAE,18-05-2023,Suite,Online,137,6108.31,1,24433.24,May,High Risk,2,3
5282,49,USA,19-01-2023,Suite,Corporate,5,4106.87,1,28748.09,January,Low Risk,1,4
5286,45,UK,25-06-2023,Suite,Agent,37,2171.79,0,30405.06,June,Low Risk,1,7
5289,46,Germany,10-08-2023,Suite,Corporate,110,9712.19,1,19424.38,August,High Risk,2,4
5297,24,Germany,19-08-2023,Suite,Corporate,9,13435.79,0,80614.74,August,Low Risk,2,1
5308,63,UK,13-07-2023,Suite,Agent,68,2482.77,1,27310.47,July,Medium Risk,1,3
5309,47,UAE,15-07-2023,Suite,Agent,46,7347.09,0,44082.54,July,Low Risk,2,13
5313,65,USA,01-08-2023,Suite,Online,163,7849.3,1,62794.4,August,High Risk,1,16
5315,49,UK,01-09-2023,Suite,Corporate,91,4985.79,1,9971.58,September,Medium Risk,2,10
5316,25,India,27-04-2023,Suite,Online,103,4697.71,1,18790.84,April,High Risk,2,1
5326,66,USA,31-03-2023,Suite,Corporate,31,12546.76,0,100374.08,March,Low Risk,2,10
5328,35,Germany,02-04-2023,Suite,Online,174,9652.96,1,106182.56,April,High Risk,1,3
5331,62,India,25-04-2023,Suite,Online,46,2329.83,1,6989.49,April,Low Risk,1,15
5332,32,Germany,26-07-2023,Suite,Online,16,3590.65,0,39497.15,July,Low Risk,2,8
5336,46,UK,13-04-2023,Suite,Agent,32,5072.56,0,25362.8,April,Low Risk,1,9
5339,20,USA,02-02-2023,Suite,Agent,38,10722.92,0,107229.2,February,Low Risk,2,16
5342,21,UK,19-02-2023,Suite,Agent,67,3113.99,0,43595.86,February,Medium Risk,2,7
5343,69,UK,07-10-2023,Suite,Corporate,51,10909.98,1,141829.74,October,Medium Risk,2,1
5345,48,USA,01-06-2023,Suite,Online,156,6859.34,1,48015.38,June,High Risk,2,5
5346,60,India,27-05-2023,Suite,Agent,164,6338.68,1,76064.16,May,High Risk,2,18
5352,66,UK,18-08-2023,Suite,Corporate,31,11156.04,1,133872.48,August,Low Risk,1,7
5354,45,UK,15-10-2023,Suite,Corporate,103,12478.18,1,37434.54,October,High Risk,1,14
5355,48,Germany,18-04-2023,Suite,Corporate,147,7826.62,1,109572.68,April,High Risk,1,2
5358,65,India,21-04-2023,Suite,Agent,158,9539.31,1,104932.41,April,High Risk,2,12
5363,54,USA,22-07-2023,Suite,Corporate,164,3482.79,1,24379.53,July,High Risk,1,5
5367,49,USA,08-10-2023,Suite,Online,99,2111.88,0,2111.88,October,Medium Risk,2,5
5368,69,UK,15-12-2023,Suite,Corporate,143,6969.53,1,13939.06,December,High Risk,1,20
5369,34,UAE,20-08-2023,Suite,Agent,1,2279.79,1,2279.79,August,Low Risk,1,7
5370,52,India,21-04-2023,Suite,Corporate,142,14395.89,1,129563.01,April,High Risk,2,16
5372,36,Germany,12-01-2023,Suite,Agent,62,4018.77,0,20093.85,January,Medium Risk,2,12
5375,24,USA,12-10-2023,Suite,Agent,93,11476.89,1,45907.56,October,Medium Risk,1,20
5376,45,USA,01-05-2023,Suite,Online,65,5209.73,1,5209.73,May,Medium Risk,1,17
5382,33,India,26-11-2023,Suite,Online,125,9745.44,1,19490.88,November,High Risk,2,17
5385,20,India,04-08-2023,Suite,Corporate,78,5109.3,1,45983.7,August,Medium Risk,1,2
5386,38,Germany,09-07-2023,Suite,Agent,102,4311.33,1,12933.99,July,High Risk,1,2
5388,53,Germany,23-06-2023,Suite,Agent,98,11073.1,1,110731,June,Medium Risk,2,6
5390,54,USA,03-04-2023,Suite,Online,130,7715.06,1,69435.54,April,High Risk,1,8
5391,39,India,22-02-2023,Suite,Online,10,10098.73,0,111086.03,February,Low Risk,2,14
5392,59,Germany,04-04-2023,Suite,Corporate,27,4507.38,0,58595.94,April,Low Risk,1,3
5393,29,India,23-04-2023,Suite,Agent,47,13712.62,0,123413.58,April,Low Risk,1,5
5394,59,India,17-08-2023,Suite,Corporate,27,9137.16,0,100508.76,August,Low Risk,2,4
5396,28,Germany,28-07-2023,Suite,Agent,54,2242.78,0,4485.56,July,Medium Risk,1,10
5397,33,India,01-07-2023,Suite,Agent,82,8295.99,0,8295.99,July,Medium Risk,2,14
5399,57,UAE,08-10-2023,Suite,Online,1,14604.1,1,73020.5,October,Low Risk,1,7
5409,32,UK,24-09-2023,Suite,Agent,119,8338.56,1,25015.68,September,High Risk,1,2
5415,29,UAE,24-10-2023,Suite,Agent,38,13197.12,0,92379.84,October,Low Risk,1,1
5418,40,Germany,22-01-2023,Suite,Corporate,70,9607.94,0,115295.28,January,Medium Risk,1,13
5421,66,India,09-08-2023,Suite,Agent,113,8828.34,1,70626.72,August,High Risk,2,19
5423,64,UK,27-02-2023,Suite,Online,96,5084.54,0,40676.32,February,Medium Risk,2,1
5428,18,UAE,19-01-2023,Suite,Online,96,2714.11,0,8142.33,January,Medium Risk,1,10
5438,24,India,10-01-2023,Suite,Online,110,8480.53,1,59363.71,January,High Risk,1,12
5449,37,India,27-11-2023,Suite,Corporate,117,5327.11,1,42616.88,November,High Risk,1,12
5451,37,USA,12-06-2023,Suite,Corporate,167,6736.66,1,26946.64,June,High Risk,1,8
5452,29,UAE,09-02-2023,Suite,Agent,120,9219.51,1,73756.08,February,High Risk,2,15
5461,49,USA,12-07-2023,Suite,Corporate,176,13915.5,1,125239.5,July,High Risk,2,10
5463,32,UK,05-10-2023,Suite,Corporate,149,9571.59,1,105287.49,October,High Risk,2,14
5464,22,USA,23-05-2023,Suite,Corporate,162,6373.61,1,6373.61,May,High Risk,1,1
5465,63,UAE,01-09-2023,Suite,Online,18,5352.18,0,5352.18,September,Low Risk,1,9
5466,67,Germany,31-07-2023,Suite,Corporate,131,5276.93,1,58046.23,July,High Risk,1,2
5471,57,India,09-02-2023,Suite,Corporate,153,9052.39,1,72419.12,February,High Risk,2,18
5476,55,UAE,14-06-2023,Suite,Online,168,8682.44,1,17364.88,June,High Risk,1,20
5478,19,Germany,22-06-2023,Suite,Corporate,102,11782.69,1,129609.59,June,High Risk,2,2
5479,25,USA,03-12-2023,Suite,Online,15,12949.06,1,90643.42,December,Low Risk,2,17
5482,55,Germany,15-11-2023,Suite,Agent,45,12138.36,0,48553.44,November,Low Risk,2,18
5484,44,UAE,14-05-2023,Suite,Agent,97,10017.8,0,110195.8,May,Medium Risk,1,5
5485,37,UAE,04-05-2023,Suite,Agent,123,8556.77,1,119794.78,May,High Risk,1,17
5488,48,UK,19-12-2023,Suite,Online,83,5911.16,0,47289.28,December,Medium Risk,2,11
5490,49,India,13-01-2023,Suite,Online,8,11043.41,0,11043.41,January,Low Risk,1,14
5494,44,UAE,26-03-2023,Suite,Online,121,5468.08,1,54680.8,March,High Risk,2,9
5495,52,UAE,05-09-2023,Suite,Online,58,4648.98,0,23244.9,September,Medium Risk,1,7
5496,48,UAE,25-02-2023,Suite,Agent,111,4482.78,1,8965.56,February,High Risk,1,15
5497,32,USA,21-06-2023,Suite,Online,112,7360.6,1,44163.6,June,High Risk,2,1
5500,66,Germany,20-07-2023,Suite,Corporate,111,3347.3,1,46862.2,July,High Risk,2,17
5506,28,USA,29-01-2023,Suite,Online,83,11321.8,0,22643.6,January,Medium Risk,2,11
5508,65,UK,02-11-2023,Suite,Agent,44,6594.26,1,79131.12,November,Low Risk,2,7
5510,39,Germany,19-04-2023,Suite,Online,136,4604.44,1,41439.96,April,High Risk,1,17
5512,48,UK,26-05-2023,Suite,Corporate,173,10628.07,1,127536.84,May,High Risk,2,5
5513,31,India,03-10-2023,Suite,Agent,35,3334.21,0,43344.73,October,Low Risk,1,2
5519,49,India,03-06-2023,Suite,Corporate,32,7373.03,0,88476.36,June,Low Risk,1,19
5524,33,India,30-07-2023,Suite,Online,170,3562.14,1,35621.4,July,High Risk,2,7
5532,36,USA,19-09-2023,Suite,Corporate,62,14316.96,0,114535.68,September,Medium Risk,1,13
5533,60,Germany,31-01-2023,Suite,Corporate,24,9882.32,1,19764.64,January,Low Risk,2,2
5538,37,India,24-08-2023,Suite,Agent,29,12237.15,0,61185.75,August,Low Risk,2,8
5543,28,UK,13-06-2023,Suite,Online,139,8815.73,1,88157.3,June,High Risk,1,14
5547,22,India,10-09-2023,Suite,Corporate,135,2560.33,1,20482.64,September,High Risk,2,18
5548,22,India,13-05-2023,Suite,Corporate,111,9188.5,1,119450.5,May,High Risk,1,7
5549,68,USA,01-10-2023,Suite,Online,32,14096.72,0,183257.36,October,Low Risk,2,1
5551,29,USA,20-08-2023,Suite,Corporate,177,3601.5,1,21609,August,High Risk,2,1
5562,28,USA,20-08-2023,Suite,Corporate,173,13350.24,1,13350.24,August,High Risk,1,19
5565,35,Germany,04-02-2023,Suite,Online,144,8379.44,1,50276.64,February,High Risk,2,6
5566,40,UAE,13-07-2023,Suite,Corporate,16,10201.78,0,132623.14,July,Low Risk,2,20
5567,28,UAE,23-06-2023,Suite,Agent,104,7505.42,1,7505.42,June,High Risk,2,5
5568,38,UAE,12-04-2023,Suite,Corporate,117,14512.91,1,116103.28,April,High Risk,2,4
5569,61,USA,20-11-2023,Suite,Corporate,22,3759.44,0,37594.4,November,Low Risk,2,6
5570,22,USA,20-10-2023,Suite,Agent,38,8183.66,0,49101.96,October,Low Risk,2,6
5571,40,Germany,26-03-2023,Suite,Corporate,160,7400.63,1,66605.67,March,High Risk,1,11
5572,58,USA,20-07-2023,Suite,Corporate,9,11005.19,0,132062.28,July,Low Risk,2,6
5573,42,USA,22-06-2023,Suite,Corporate,82,14520.08,0,87120.48,June,Medium Risk,2,2
5574,58,USA,29-01-2023,Suite,Agent,167,5749.37,1,57493.7,January,High Risk,2,19
5575,27,USA,24-10-2023,Suite,Corporate,72,14419.24,0,100934.68,October,Medium Risk,1,10
5579,24,Germany,07-03-2023,Suite,Online,11,14227.58,0,113820.64,March,Low Risk,1,20
5580,21,UK,27-05-2023,Suite,Agent,21,12906.06,0,129060.6,May,Low Risk,1,12
5582,32,USA,10-03-2023,Suite,Online,61,3662.17,1,43946.04,March,Medium Risk,1,8
5586,39,Germany,05-11-2023,Suite,Corporate,141,7673.92,1,23021.76,November,High Risk,2,16
5597,50,Germany,23-06-2023,Suite,Online,50,13785.7,1,96499.9,June,Low Risk,2,9
5602,37,Germany,09-03-2023,Suite,Online,152,13169,1,105352,March,High Risk,1,4
5603,47,USA,07-04-2023,Suite,Online,0,3596.2,0,43154.4,April,Low Risk,1,2
5604,55,UAE,16-06-2023,Suite,Corporate,8,9680.97,0,19361.94,June,Low Risk,1,8
5606,45,USA,25-08-2023,Suite,Corporate,100,5193.05,0,20772.2,August,Medium Risk,1,18
5608,47,USA,18-10-2023,Suite,Online,107,6318.97,1,50551.76,October,High Risk,1,17
5610,30,Germany,04-11-2023,Suite,Corporate,148,7821.23,1,23463.69,November,High Risk,1,4
5614,55,UAE,11-09-2023,Suite,Online,171,7175.9,1,14351.8,September,High Risk,1,6
5615,19,India,02-08-2023,Suite,Corporate,164,2904.35,1,23234.8,August,High Risk,2,19
5617,43,USA,11-03-2023,Suite,Online,137,2861.03,1,34332.36,March,High Risk,1,8
5618,28,UAE,22-08-2023,Suite,Agent,81,4624.58,0,60119.54,August,Medium Risk,2,1
5621,57,India,23-06-2023,Suite,Agent,46,4323.58,0,60530.12,June,Low Risk,1,17
5622,60,India,06-07-2023,Suite,Agent,87,7197.12,0,14394.24,July,Medium Risk,1,12
5627,57,India,06-11-2023,Suite,Online,53,8579.28,0,102951.36,November,Medium Risk,2,10
5628,43,USA,07-08-2023,Suite,Online,146,2033.29,1,16266.32,August,High Risk,1,3
5629,47,UK,01-01-2023,Suite,Online,24,2402.74,0,7208.22,January,Low Risk,2,19
5631,37,USA,04-10-2023,Suite,Agent,140,4749.65,1,42746.85,October,High Risk,1,7
5634,63,USA,08-02-2023,Suite,Agent,174,10675.55,1,138782.15,February,High Risk,1,16
5637,33,UAE,05-07-2023,Suite,Online,106,13962.18,1,125659.62,July,High Risk,1,5
5642,40,Germany,29-01-2023,Suite,Corporate,150,9049.18,1,108590.16,January,High Risk,2,3
5644,26,USA,20-02-2023,Suite,Online,156,13430.56,1,188027.84,February,High Risk,2,11
5648,54,Germany,05-02-2023,Suite,Online,80,5998.94,0,41992.58,February,Medium Risk,1,3
5654,32,India,15-12-2023,Suite,Corporate,25,7959.84,1,95518.08,December,Low Risk,2,13
5660,29,India,17-03-2023,Suite,Agent,137,8941.11,1,26823.33,March,High Risk,1,12
5664,47,UK,22-12-2023,Suite,Online,70,7292.6,1,36463,December,Medium Risk,1,14
5668,28,Germany,21-08-2023,Suite,Corporate,142,11475.02,1,91800.16,August,High Risk,2,4
5673,51,USA,23-11-2023,Suite,Online,57,2347.31,0,14083.86,November,Medium Risk,2,11
5675,67,UK,24-12-2023,Suite,Agent,145,3771.68,1,41488.48,December,High Risk,1,1
5676,55,UAE,17-04-2023,Suite,Corporate,21,5006.63,1,35046.41,April,Low Risk,1,10
5681,32,USA,30-12-2023,Suite,Online,158,8605.42,1,34421.68,December,High Risk,1,16
5685,54,Germany,27-01-2023,Suite,Online,60,14016.68,1,112133.44,January,Medium Risk,1,18
5694,25,India,07-06-2023,Suite,Online,71,10745.94,1,53729.7,June,Medium Risk,1,9
5695,46,Germany,05-06-2023,Suite,Corporate,24,10333.82,0,82670.56,June,Low Risk,2,19
5696,47,Germany,31-05-2023,Suite,Agent,90,2958.94,1,17753.64,May,Medium Risk,2,1
5698,56,Germany,17-09-2023,Suite,Corporate,63,12184.19,0,121841.9,September,Medium Risk,1,13
5704,53,Germany,11-06-2023,Suite,Online,4,3437.75,0,27502,June,Low Risk,1,18
5706,43,USA,31-01-2023,Suite,Corporate,100,10079.4,1,120952.8,January,Medium Risk,1,10
5711,55,Germany,26-05-2023,Suite,Online,28,8734.58,0,87345.8,May,Low Risk,2,14
5719,63,USA,28-02-2023,Suite,Agent,120,8310.74,1,33242.96,February,High Risk,1,3
5720,49,Germany,09-01-2023,Suite,Agent,74,5630.75,0,33784.5,January,Medium Risk,2,20
5722,55,India,16-06-2023,Suite,Online,103,9303.64,1,130250.96,June,High Risk,2,17
5724,57,UK,06-10-2023,Suite,Agent,74,7165.89,1,35829.45,October,Medium Risk,1,17
5725,63,India,10-07-2023,Suite,Online,35,6542.29,0,78507.48,July,Low Risk,2,14
5726,41,USA,30-08-2023,Suite,Online,130,10730.96,1,107309.6,August,High Risk,2,19
5727,52,USA,05-10-2023,Suite,Online,108,8746.95,1,113710.35,October,High Risk,2,8
5729,65,UAE,09-06-2023,Suite,Agent,27,6005.62,1,30028.1,June,Low Risk,2,17
5731,34,Germany,23-08-2023,Suite,Agent,53,7245.71,1,94194.23,August,Medium Risk,2,14
5732,18,USA,12-12-2023,Suite,Online,64,12003.24,1,24006.48,December,Medium Risk,1,20
5739,39,Germany,21-10-2023,Suite,Agent,158,13893.94,1,166727.28,October,High Risk,1,1
5740,30,USA,25-08-2023,Suite,Online,39,7026.39,0,49184.73,August,Low Risk,1,14
5741,42,India,09-06-2023,Suite,Corporate,129,11697.26,1,58486.3,June,High Risk,1,15
5742,65,USA,16-11-2023,Suite,Corporate,47,7965.9,1,79659,November,Low Risk,2,7
5744,68,Germany,03-10-2023,Suite,Online,58,2377.94,0,11889.7,October,Medium Risk,2,12
5745,29,India,17-10-2023,Suite,Online,159,5372.29,1,21489.16,October,High Risk,2,18
5748,32,UK,21-01-2023,Suite,Online,58,11654.95,0,81584.65,January,Medium Risk,2,9
5749,59,USA,01-12-2023,Suite,Agent,130,10949.44,1,76646.08,December,High Risk,1,3
5751,32,UAE,18-09-2023,Suite,Online,75,9806.67,1,117680.04,September,Medium Risk,2,5
5755,49,USA,29-09-2023,Suite,Online,22,11597.86,1,139174.32,September,Low Risk,2,15
5757,57,Germany,25-11-2023,Suite,Agent,179,10539.75,1,42159,November,High Risk,2,2
5760,44,India,20-06-2023,Suite,Agent,95,8492.02,0,25476.06,June,Medium Risk,2,15
5762,35,UK,22-10-2023,Suite,Corporate,89,6476.71,0,58290.39,October,Medium Risk,1,15
5763,30,Germany,10-01-2023,Suite,Online,48,11693.43,0,152014.59,January,Low Risk,1,7
5766,29,Germany,19-09-2023,Suite,Online,106,10144.08,1,81152.64,September,High Risk,2,7
5768,55,UAE,07-03-2023,Suite,Corporate,131,5265.34,1,26326.7,March,High Risk,1,1
5769,36,USA,21-10-2023,Suite,Agent,145,6627.71,1,39766.26,October,High Risk,1,5
5774,33,UAE,04-02-2023,Suite,Agent,174,9351.29,1,18702.58,February,High Risk,2,1
5775,56,UAE,14-02-2023,Suite,Corporate,30,10148.2,1,142074.8,February,Low Risk,1,9
5779,57,India,17-01-2023,Suite,Corporate,29,12156.13,0,170185.82,January,Low Risk,2,11
5787,30,Germany,07-01-2023,Suite,Online,102,11863.28,1,118632.8,January,High Risk,2,8
5788,43,UK,18-07-2023,Suite,Online,164,13585.95,1,149445.45,July,High Risk,2,18
5790,48,Germany,27-05-2023,Suite,Agent,148,6337.97,1,12675.94,May,High Risk,2,17
5791,21,USA,30-05-2023,Suite,Online,87,2013.9,0,28194.6,May,Medium Risk,2,8
5792,56,India,21-02-2023,Suite,Agent,167,7578.47,1,98520.11,February,High Risk,2,17
5793,25,Germany,31-08-2023,Suite,Corporate,113,9969.18,1,109660.98,August,High Risk,2,7
5796,49,India,19-04-2023,Suite,Corporate,165,6754.65,1,20263.95,April,High Risk,2,10
5805,51,USA,20-12-2023,Suite,Agent,71,4074.79,0,12224.37,December,Medium Risk,2,19
5808,49,Germany,17-01-2023,Suite,Online,168,2896.13,1,34753.56,January,High Risk,1,10
5810,25,Germany,05-11-2023,Suite,Agent,157,3032,1,6064,November,High Risk,1,12
5811,25,Germany,02-11-2023,Suite,Agent,127,11422.81,1,148496.53,November,High Risk,1,5
5816,27,UK,28-11-2023,Suite,Online,90,7803.54,0,101446.02,November,Medium Risk,1,5
5819,66,UAE,24-12-2023,Suite,Agent,26,2731.31,0,27313.1,December,Low Risk,2,8
5821,46,India,31-12-2023,Suite,Online,162,8433.51,1,25300.53,December,High Risk,2,7
5824,42,India,23-05-2023,Suite,Agent,126,12855.15,1,38565.45,May,High Risk,2,7
5825,58,USA,22-11-2023,Suite,Online,25,4062.07,1,4062.07,November,Low Risk,2,17
5840,34,Germany,04-03-2023,Suite,Corporate,41,3330.36,1,3330.36,March,Low Risk,2,12
5842,50,UK,05-03-2023,Suite,Agent,33,7136.43,0,49955.01,March,Low Risk,2,4
5843,18,UAE,08-02-2023,Suite,Corporate,137,12220.65,1,134427.15,February,High Risk,1,15
5844,32,Germany,10-05-2023,Suite,Online,4,7281.83,1,80100.13,May,Low Risk,2,6
5845,30,UK,25-04-2023,Suite,Agent,89,5075.83,0,45682.47,April,Medium Risk,2,5
5851,62,UK,22-09-2023,Suite,Corporate,28,8387.62,0,109039.06,September,Low Risk,2,7
5853,63,UK,30-11-2023,Suite,Agent,39,5329.24,0,69280.12,November,Low Risk,2,12
5857,64,USA,21-12-2023,Suite,Corporate,48,2683.04,0,26830.4,December,Low Risk,2,16
5863,42,UK,22-06-2023,Suite,Online,103,8316.59,1,58216.13,June,High Risk,1,3
5865,19,India,09-10-2023,Suite,Corporate,157,5443.03,1,32658.18,October,High Risk,1,13
5868,47,USA,06-01-2023,Suite,Agent,75,7774.65,0,31098.6,January,Medium Risk,1,14
5870,30,UK,14-07-2023,Suite,Corporate,144,7437.38,1,52061.66,July,High Risk,2,9
5876,35,UAE,10-09-2023,Suite,Agent,74,9049.81,0,117647.53,September,Medium Risk,2,17
5878,60,UAE,14-06-2023,Suite,Online,57,4517.09,0,54205.08,June,Medium Risk,1,13
5881,38,UAE,17-05-2023,Suite,Online,133,2976.85,1,29768.5,May,High Risk,2,16
5882,65,Germany,31-12-2023,Suite,Agent,19,14871.04,1,89226.24,December,Low Risk,2,8
5884,57,Germany,09-11-2023,Suite,Corporate,90,9614.76,1,76918.08,November,Medium Risk,2,13
5890,27,USA,09-11-2023,Suite,Agent,0,10603.3,0,53016.5,November,Low Risk,2,3
5895,47,USA,30-10-2023,Suite,Agent,169,8210.16,1,82101.6,October,High Risk,2,7
5899,64,USA,31-03-2023,Suite,Corporate,65,4356.62,1,39209.58,March,Medium Risk,2,18
5903,28,UAE,01-09-2023,Suite,Agent,171,6416.2,1,12832.4,September,High Risk,1,1
5905,33,USA,14-07-2023,Suite,Agent,33,14567.14,0,43701.42,July,Low Risk,1,17
5909,29,UK,22-12-2023,Suite,Agent,140,2750.71,1,24756.39,December,High Risk,1,11
5912,31,Germany,20-10-2023,Suite,Corporate,46,11567.16,0,138805.92,October,Low Risk,2,19
5914,25,UK,23-02-2023,Suite,Agent,48,12709.85,0,25419.7,February,Low Risk,2,12
5916,29,Germany,02-09-2023,Suite,Online,60,5971.57,0,17914.71,September,Medium Risk,1,6
5925,48,India,20-12-2023,Suite,Corporate,60,9720.4,1,77763.2,December,Medium Risk,1,1
5927,50,USA,20-08-2023,Suite,Agent,99,11544.77,0,103902.93,August,Medium Risk,2,5
5928,49,UK,22-11-2023,Suite,Corporate,117,7466.72,1,37333.6,November,High Risk,1,4
5930,38,USA,03-01-2023,Suite,Online,26,14331.01,1,28662.02,January,Low Risk,2,9
5931,38,UK,22-03-2023,Suite,Agent,145,9220.88,1,92208.8,March,High Risk,1,11
5934,23,UK,24-01-2023,Suite,Agent,41,8014.99,0,56104.93,January,Low Risk,1,17
5937,55,UK,28-05-2023,Suite,Corporate,57,6092.95,0,36557.7,May,Medium Risk,2,7
5938,54,UK,03-05-2023,Suite,Corporate,39,11398.51,0,68391.06,May,Low Risk,2,15
5943,66,UAE,12-11-2023,Suite,Online,61,6595.09,1,52760.72,November,Medium Risk,1,1
5951,19,USA,20-05-2023,Suite,Corporate,26,11345.24,1,147488.12,May,Low Risk,1,4
5952,57,USA,18-08-2023,Suite,Corporate,1,14142.87,0,99000.09,August,Low Risk,2,8
5957,23,Germany,05-07-2023,Suite,Corporate,64,2712.8,1,2712.8,July,Medium Risk,1,2
5960,45,UAE,12-08-2023,Suite,Online,9,9126.01,0,9126.01,August,Low Risk,2,19
5966,21,USA,12-10-2023,Suite,Agent,142,13488.84,1,188843.76,October,High Risk,1,8
5969,66,UK,25-05-2023,Suite,Corporate,104,9336.36,1,46681.8,May,High Risk,1,3
5970,60,India,25-11-2023,Suite,Agent,82,11116.64,0,33349.92,November,Medium Risk,1,1
5972,30,USA,30-08-2023,Suite,Agent,121,11453.19,1,57265.95,August,High Risk,1,12
5974,49,UK,08-04-2023,Suite,Online,75,11916.58,0,166832.12,April,Medium Risk,1,14
5977,53,UAE,24-04-2023,Suite,Agent,50,6035.62,0,24142.48,April,Low Risk,1,15
5980,52,India,15-11-2023,Suite,Agent,165,2046.84,1,14327.88,November,High Risk,2,17
5982,57,UAE,12-10-2023,Suite,Agent,178,4732.08,1,42588.72,October,High Risk,1,19
5994,67,India,23-05-2023,Suite,Corporate,34,9310.4,0,27931.2,May,Low Risk,1,1
5995,21,UAE,23-01-2023,Suite,Agent,3,14727.23,1,73636.15,January,Low Risk,1,12
5996,55,India,30-06-2023,Suite,Corporate,8,3713.69,0,14854.76,June,Low Risk,1,3
5998,44,UK,02-04-2023,Suite,Online,142,10112.45,1,50562.25,April,High Risk,2,8
5999,26,Germany,26-09-2023,Suite,Online,41,14922.34,0,149223.4,September,Low Risk,2,17
6001,33,UK,15-06-2023,Suite,Corporate,95,7750.82,0,38754.1,June,Medium Risk,2,5
6005,31,India,13-05-2023,Suite,Agent,44,11755.32,0,23510.64,May,Low Risk,2,11
6008,51,UK,04-10-2023,Suite,Agent,152,6133.66,1,6133.66,October,High Risk,1,10
6010,41,UK,23-01-2023,Suite,Corporate,60,9053.03,0,45265.15,January,Medium Risk,2,9
6017,36,USA,02-04-2023,Suite,Agent,177,2324.87,1,13949.22,April,High Risk,1,14
6018,20,Germany,15-12-2023,Suite,Online,33,5014.62,1,65190.06,December,Low Risk,2,18
6021,20,USA,03-05-2023,Suite,Online,141,12189.51,1,24379.02,May,High Risk,2,3
6026,52,Germany,18-06-2023,Suite,Corporate,162,7361.25,1,7361.25,June,High Risk,2,7
6027,29,USA,08-10-2023,Suite,Corporate,23,9037.3,0,99410.3,October,Low Risk,1,18
6028,58,UAE,17-10-2023,Suite,Agent,2,14433.65,0,43300.95,October,Low Risk,1,9
6029,61,UAE,14-03-2023,Suite,Agent,80,14107.71,0,126969.39,March,Medium Risk,2,18
6034,48,Germany,27-07-2023,Suite,Online,58,11610.71,1,104496.39,July,Medium Risk,2,2
6035,67,USA,17-09-2023,Suite,Corporate,93,7413.21,1,88958.52,September,Medium Risk,2,12
6036,37,UAE,20-09-2023,Suite,Corporate,21,11422.29,0,79956.03,September,Low Risk,1,19
6039,21,India,22-07-2023,Suite,Online,11,12144.56,0,133590.16,July,Low Risk,2,17
6042,65,India,21-02-2023,Suite,Agent,11,4080.24,0,4080.24,February,Low Risk,1,13
6043,18,UK,22-03-2023,Suite,Online,85,14171.61,1,99201.27,March,Medium Risk,2,5
6044,42,Germany,22-12-2023,Suite,Agent,102,4774.07,1,57288.84,December,High Risk,1,19
6046,47,UAE,07-01-2023,Suite,Agent,105,7578.41,1,53048.87,January,High Risk,2,9
6050,37,UAE,04-10-2023,Suite,Online,170,4450.66,1,22253.3,October,High Risk,1,18
6053,39,UK,15-09-2023,Suite,Corporate,17,10743.31,1,85946.48,September,Low Risk,1,14
6054,38,UK,12-10-2023,Suite,Online,143,4769.4,1,9538.8,October,High Risk,2,19
6058,32,India,15-02-2023,Suite,Corporate,78,11611.7,1,127728.7,February,Medium Risk,1,14
6059,63,USA,20-05-2023,Suite,Corporate,99,8926.41,0,62484.87,May,Medium Risk,1,10
6064,38,India,26-09-2023,Suite,Online,80,5648.29,1,56482.9,September,Medium Risk,2,6
6065,41,India,06-10-2023,Suite,Online,141,13954.95,1,111639.6,October,High Risk,2,6
6067,23,Germany,23-02-2023,Suite,Corporate,53,13103.1,0,26206.2,February,Medium Risk,2,1
6068,66,Germany,10-03-2023,Suite,Online,87,11978.07,0,155714.91,March,Medium Risk,1,6
6074,21,UAE,17-12-2023,Suite,Online,40,10750.49,1,10750.49,December,Low Risk,2,13
6080,39,UAE,29-04-2023,Suite,Agent,142,6555.29,1,91774.06,April,High Risk,1,2
6084,57,USA,31-07-2023,Suite,Corporate,138,9930.04,1,39720.16,July,High Risk,1,4
6086,27,Germany,15-02-2023,Suite,Agent,22,4484.32,0,49327.52,February,Low Risk,1,14
6087,42,Germany,03-04-2023,Suite,Agent,21,10925.94,0,54629.7,April,Low Risk,1,5
6090,25,India,28-10-2023,Suite,Online,28,13058.79,0,156705.48,October,Low Risk,2,7
6091,28,Germany,17-01-2023,Suite,Agent,172,8532.23,1,119451.22,January,High Risk,2,10
6092,22,UAE,30-10-2023,Suite,Online,160,5860.53,1,29302.65,October,High Risk,1,15
6094,54,UK,12-02-2023,Suite,Corporate,64,7371.22,1,58969.76,February,Medium Risk,1,15
6097,46,USA,22-07-2023,Suite,Online,85,8183.62,1,24550.86,July,Medium Risk,1,11
6098,22,UAE,02-08-2023,Suite,Agent,47,6197.52,1,43382.64,August,Low Risk,2,3
6099,26,USA,19-04-2023,Suite,Corporate,36,11454.44,0,160362.16,April,Low Risk,1,19
6102,18,India,13-08-2023,Suite,Corporate,133,12358.55,1,123585.5,August,High Risk,1,20
6113,25,USA,16-10-2023,Suite,Corporate,129,13058.21,1,143640.31,October,High Risk,1,5
6115,47,UAE,19-11-2023,Suite,Online,92,12454.32,1,136997.52,November,Medium Risk,1,18
6120,64,Germany,30-10-2023,Suite,Online,47,7931.22,1,71380.98,October,Low Risk,2,7
6130,64,Germany,03-07-2023,Suite,Corporate,102,6485.92,1,77831.04,July,High Risk,1,14
6131,18,UK,30-12-2023,Suite,Online,141,6658.81,1,93223.34,December,High Risk,1,9
6133,59,UK,07-07-2023,Suite,Corporate,146,5326.56,1,69245.28,July,High Risk,2,3
6138,39,UK,27-03-2023,Suite,Online,161,4136.2,1,28953.4,March,High Risk,2,7
6142,33,UK,03-01-2023,Suite,Corporate,163,5634.94,1,11269.88,January,High Risk,1,15
6147,43,Germany,07-04-2023,Suite,Agent,103,5636.36,1,78909.04,April,High Risk,1,14
6151,34,Germany,26-02-2023,Suite,Corporate,4,9088.95,0,45444.75,February,Low Risk,2,1
6152,65,UAE,17-12-2023,Suite,Corporate,156,7952.41,1,87476.51,December,High Risk,2,4
6154,62,UAE,29-03-2023,Suite,Online,18,10707.87,1,32123.61,March,Low Risk,2,15
6157,63,UAE,21-02-2023,Suite,Online,33,6469.45,1,6469.45,February,Low Risk,2,12
6158,31,UK,31-07-2023,Suite,Agent,19,6214.36,1,49714.88,July,Low Risk,2,12
6159,64,Germany,10-02-2023,Suite,Online,155,3161.65,1,41101.45,February,High Risk,1,19
6160,25,UK,31-10-2023,Suite,Online,72,5955.05,0,23820.2,October,Medium Risk,1,15
6167,23,USA,20-12-2023,Suite,Online,11,6189.39,0,49515.12,December,Low Risk,2,19
6168,22,UK,19-08-2023,Suite,Corporate,138,6373.83,1,63738.3,August,High Risk,2,11
6169,39,UK,12-02-2023,Suite,Corporate,149,12641.08,1,126410.8,February,High Risk,2,19
6173,51,USA,23-06-2023,Suite,Online,174,5712.36,1,22849.44,June,High Risk,2,3
6175,64,USA,19-04-2023,Suite,Online,141,10318.89,1,10318.89,April,High Risk,1,10
6177,43,USA,02-08-2023,Suite,Corporate,142,11044.74,1,154626.36,August,High Risk,1,14
6178,37,UAE,02-04-2023,Suite,Corporate,173,8936.53,1,71492.24,April,High Risk,2,11
6183,21,India,18-03-2023,Suite,Agent,2,4508.06,1,54096.72,March,Low Risk,2,18
6186,31,India,27-12-2023,Suite,Corporate,53,2484.57,0,32299.41,December,Medium Risk,1,15
6187,30,Germany,18-01-2023,Suite,Online,161,7132.97,1,85595.64,January,High Risk,1,4
6188,24,UAE,20-10-2023,Suite,Online,88,7222.45,0,28889.8,October,Medium Risk,2,11
6190,32,UAE,11-06-2023,Suite,Online,69,5041.57,0,50415.7,June,Medium Risk,2,7
6191,36,USA,07-11-2023,Suite,Agent,44,7882.96,1,63063.68,November,Low Risk,1,10
6193,64,Germany,05-02-2023,Suite,Agent,25,13458.72,1,121128.48,February,Low Risk,2,13
6194,61,UK,06-07-2023,Suite,Corporate,25,7769.72,1,23309.16,July,Low Risk,1,3
6196,34,USA,21-02-2023,Suite,Online,111,10804.08,1,86432.64,February,High Risk,1,13
6201,52,UAE,23-12-2023,Suite,Corporate,13,10683.06,1,42732.24,December,Low Risk,1,6
6203,65,USA,09-04-2023,Suite,Agent,129,10951.96,1,21903.92,April,High Risk,2,18
6204,61,India,24-08-2023,Suite,Corporate,4,8017.18,1,72154.62,August,Low Risk,2,1
6205,57,Germany,26-07-2023,Suite,Agent,101,5371.01,1,37597.07,July,High Risk,1,15
6209,60,UAE,19-11-2023,Suite,Online,21,3499.53,0,48993.42,November,Low Risk,2,16
6215,30,UK,13-02-2023,Suite,Online,100,12338.88,0,74033.28,February,Medium Risk,2,16
6219,65,India,27-09-2023,Suite,Corporate,7,7923.36,0,63386.88,September,Low Risk,2,11
6221,64,Germany,27-08-2023,Suite,Agent,35,13870.63,1,194188.82,August,Low Risk,1,14
6228,62,UAE,03-12-2023,Suite,Online,88,12442.77,0,74656.62,December,Medium Risk,1,3
6229,43,UAE,25-04-2023,Suite,Corporate,12,8399.04,0,25197.12,April,Low Risk,1,17
6230,45,Germany,16-03-2023,Suite,Agent,50,12088.3,0,36264.9,March,Low Risk,2,2
6247,61,India,16-12-2023,Suite,Corporate,149,7131.94,1,64187.46,December,High Risk,1,3
6248,68,Germany,06-09-2023,Suite,Online,47,12279.51,1,12279.51,September,Low Risk,2,3
6249,56,UAE,17-03-2023,Suite,Online,113,3230.01,1,38760.12,March,High Risk,1,13
6252,52,UAE,27-12-2023,Suite,Corporate,72,14441.23,0,57764.92,December,Medium Risk,2,4
6254,27,USA,08-01-2023,Suite,Agent,39,4241.36,0,33930.88,January,Low Risk,2,17
6255,55,Germany,28-03-2023,Suite,Online,105,12855.25,1,38565.75,March,High Risk,1,12
6257,67,UK,15-03-2023,Suite,Online,2,12179.07,1,158327.91,March,Low Risk,1,13
6268,63,UAE,26-11-2023,Suite,Corporate,12,5665.99,0,50993.91,November,Low Risk,2,8
6271,46,UK,17-04-2023,Suite,Agent,88,5819.02,0,34914.12,April,Medium Risk,2,3
6272,40,Germany,19-06-2023,Suite,Corporate,91,5540.93,1,44327.44,June,Medium Risk,2,10
6274,49,UK,22-12-2023,Suite,Online,74,7392.68,0,7392.68,December,Medium Risk,1,15
6275,59,India,27-06-2023,Suite,Corporate,59,7639.76,1,76397.6,June,Medium Risk,1,4
6278,57,UK,23-03-2023,Suite,Corporate,21,14241.39,0,170896.68,March,Low Risk,1,20
6283,37,UK,05-03-2023,Suite,Agent,171,2678.85,1,24109.65,March,High Risk,1,8
6287,59,Germany,03-04-2023,Suite,Corporate,36,11785.47,1,70712.82,April,Low Risk,1,6
6289,60,UAE,28-09-2023,Suite,Corporate,160,2929.43,1,32223.73,September,High Risk,2,11
6295,58,UK,21-05-2023,Suite,Online,111,11085.45,1,144110.85,May,High Risk,1,9
6304,37,Germany,14-09-2023,Suite,Corporate,176,4901.86,1,39214.88,September,High Risk,2,8
6305,39,India,31-10-2023,Suite,Agent,149,11187.6,1,67125.6,October,High Risk,1,2
6306,65,India,22-03-2023,Suite,Online,113,5396.76,1,32380.56,March,High Risk,1,4
6313,40,UAE,12-09-2023,Suite,Corporate,179,9386.5,1,93865,September,High Risk,2,15
6315,50,UAE,28-07-2023,Suite,Online,60,2425.14,0,19401.12,July,Medium Risk,2,20
6318,58,Germany,16-03-2023,Suite,Agent,125,4946.34,1,64302.42,March,High Risk,2,15
6320,40,Germany,28-10-2023,Suite,Corporate,121,6237.18,1,43660.26,October,High Risk,2,2
6328,47,UK,29-10-2023,Suite,Agent,142,8188,1,73692,October,High Risk,2,16
6334,64,USA,17-11-2023,Suite,Corporate,139,7955.33,1,79553.3,November,High Risk,1,3
6335,42,USA,31-05-2023,Suite,Corporate,152,12538.59,1,100308.72,May,High Risk,2,14
6337,31,USA,08-05-2023,Suite,Online,24,8176.32,0,81763.2,May,Low Risk,1,6
6343,31,USA,20-04-2023,Suite,Agent,38,13122.26,0,118100.34,April,Low Risk,1,13
6344,52,Germany,23-11-2023,Suite,Online,74,5441.99,0,21767.96,November,Medium Risk,1,17
6347,51,Germany,31-12-2023,Suite,Corporate,161,11509.4,1,115094,December,High Risk,2,11
6348,27,India,22-12-2023,Suite,Online,143,7610.3,1,68492.7,December,High Risk,2,17
6351,28,India,08-05-2023,Suite,Agent,39,12850.54,0,128505.4,May,Low Risk,1,17
6358,19,UK,13-10-2023,Suite,Corporate,21,13425.39,1,147679.29,October,Low Risk,1,16
6361,35,USA,16-03-2023,Suite,Online,145,10501.58,1,42006.32,March,High Risk,2,9
6363,33,UAE,27-12-2023,Suite,Corporate,118,2461.1,1,31994.3,December,High Risk,2,7
6365,68,Germany,01-07-2023,Suite,Corporate,19,12123.52,0,72741.12,July,Low Risk,1,19
6366,35,USA,07-04-2023,Suite,Corporate,58,7678.39,1,30713.56,April,Medium Risk,1,17
6367,52,UK,20-02-2023,Suite,Online,90,10679.43,0,117473.73,February,Medium Risk,2,5
6369,33,USA,03-02-2023,Suite,Agent,114,11838.43,1,118384.3,February,High Risk,1,12
6370,23,UK,21-01-2023,Suite,Agent,18,12526.33,0,62631.65,January,Low Risk,2,5
6374,64,UK,04-05-2023,Suite,Corporate,65,14522.75,1,58091,May,Medium Risk,1,4
6377,29,India,07-12-2023,Suite,Corporate,94,11950.65,1,107555.85,December,Medium Risk,2,3
6378,30,USA,19-03-2023,Suite,Online,160,2987.65,1,14938.25,March,High Risk,2,19
6381,19,India,26-12-2023,Suite,Corporate,12,5475.26,1,65703.12,December,Low Risk,2,10
6383,44,USA,24-11-2023,Suite,Corporate,112,5318.73,1,58506.03,November,High Risk,2,5
6386,25,UK,02-10-2023,Suite,Online,19,7260.25,1,29041,October,Low Risk,2,16
6389,63,UK,14-05-2023,Suite,Online,134,4698.4,1,42285.6,May,High Risk,2,1
6390,57,India,06-06-2023,Suite,Online,5,7613.23,1,76132.3,June,Low Risk,2,4
6392,30,UAE,07-06-2023,Suite,Online,8,3670.38,0,3670.38,June,Low Risk,2,12
6395,34,India,10-04-2023,Suite,Agent,147,12529.93,1,62649.65,April,High Risk,1,16
6399,22,USA,08-09-2023,Suite,Online,122,4166.19,1,58326.66,September,High Risk,1,2
6403,45,UK,20-12-2023,Suite,Online,14,6944.02,0,6944.02,December,Low Risk,2,10
6404,46,USA,19-10-2023,Suite,Agent,148,7800.98,1,46805.88,October,High Risk,2,9
6408,47,UK,24-03-2023,Suite,Corporate,173,8733.66,1,69869.28,March,High Risk,1,18
6410,33,UK,08-03-2023,Suite,Online,85,4385.26,0,21926.3,March,Medium Risk,2,3
6411,31,India,22-08-2023,Suite,Online,137,14756.27,1,73781.35,August,High Risk,1,11
6412,27,UK,17-07-2023,Suite,Agent,81,13432.57,1,13432.57,July,Medium Risk,1,16
6415,69,India,25-10-2023,Suite,Corporate,116,13036.92,1,26073.84,October,High Risk,2,17
6417,46,Germany,27-10-2023,Suite,Online,21,8606.12,0,51636.72,October,Low Risk,1,15
6420,53,USA,19-10-2023,Suite,Online,133,7902.25,1,39511.25,October,High Risk,2,20
6425,30,UAE,29-01-2023,Suite,Agent,72,5991.17,1,77885.21,January,Medium Risk,1,10
6428,54,USA,11-07-2023,Suite,Agent,178,2849.23,1,39889.22,July,High Risk,1,17
6431,46,UAE,31-10-2023,Suite,Agent,164,3908.86,1,46906.32,October,High Risk,1,17
6434,23,UK,05-10-2023,Suite,Online,24,2246.18,0,11230.9,October,Low Risk,1,12
6435,53,India,21-12-2023,Suite,Corporate,164,2767.45,1,22139.6,December,High Risk,2,1
6438,49,India,13-11-2023,Suite,Online,75,11845.21,1,23690.42,November,Medium Risk,1,14
6441,22,USA,03-12-2023,Suite,Agent,2,2322.28,0,23222.8,December,Low Risk,2,8
6444,62,USA,11-11-2023,Suite,Corporate,78,11684.41,1,140212.92,November,Medium Risk,1,8
6445,36,UAE,13-08-2023,Suite,Online,71,13773.96,0,55095.84,August,Medium Risk,1,8
6448,30,India,09-03-2023,Suite,Online,83,3925.91,0,35333.19,March,Medium Risk,2,10
6450,46,Germany,30-11-2023,Suite,Agent,28,12787.94,0,63939.7,November,Low Risk,2,4
6456,53,USA,29-06-2023,Suite,Corporate,91,3163.69,1,28473.21,June,Medium Risk,2,13
6459,68,USA,25-12-2023,Suite,Online,43,3385.85,0,6771.7,December,Low Risk,1,8
6468,49,UAE,19-07-2023,Suite,Agent,118,11874.92,1,154373.96,July,High Risk,1,14
6469,21,USA,28-11-2023,Suite,Agent,139,13971.91,1,83831.46,November,High Risk,2,18
6470,67,UK,04-02-2023,Suite,Online,63,12229.33,1,36687.99,February,Medium Risk,1,12
6472,22,UAE,24-05-2023,Suite,Agent,40,3400.41,0,34004.1,May,Low Risk,2,20
6476,54,UAE,25-02-2023,Suite,Corporate,87,4000.15,0,8000.3,February,Medium Risk,2,15
6479,46,UAE,04-04-2023,Suite,Corporate,54,11438.29,1,57191.45,April,Medium Risk,1,18
6481,51,Germany,25-03-2023,Suite,Agent,73,4135.18,1,33081.44,March,Medium Risk,1,17
6482,30,India,16-05-2023,Suite,Corporate,178,3879.36,1,3879.36,May,High Risk,1,5
6485,59,UK,18-01-2023,Suite,Online,117,6675.42,1,93455.88,January,High Risk,1,19
6488,21,USA,28-11-2023,Suite,Agent,92,3631.25,0,43575,November,Medium Risk,2,2
6494,38,USA,30-01-2023,Suite,Agent,168,3685.54,1,36855.4,January,High Risk,1,6
6495,48,UAE,25-02-2023,Suite,Corporate,44,10521.5,0,126258,February,Low Risk,2,1
6500,69,UK,21-01-2023,Suite,Online,161,13662.36,1,27324.72,January,High Risk,1,12
6504,41,USA,01-07-2023,Suite,Online,160,6396,1,31980,July,High Risk,2,19
6506,49,Germany,15-12-2023,Suite,Agent,101,9283,1,18566,December,High Risk,1,1
6508,33,Germany,19-07-2023,Suite,Agent,48,14523.65,0,203331.1,July,Low Risk,2,5
6510,56,India,25-04-2023,Suite,Corporate,165,13893.3,1,83359.8,April,High Risk,2,5
6512,60,UAE,29-04-2023,Suite,Agent,14,6433.54,0,45034.78,April,Low Risk,2,8
6515,28,India,14-03-2023,Suite,Corporate,60,7896.53,1,55275.71,March,Medium Risk,1,14
6521,67,Germany,07-07-2023,Suite,Corporate,122,3440.22,1,27521.76,July,High Risk,1,5
6524,34,UAE,08-10-2023,Suite,Agent,173,11820.34,1,47281.36,October,High Risk,2,16
6525,50,India,04-10-2023,Suite,Agent,39,2804.81,0,19633.67,October,Low Risk,1,13
6529,18,India,08-05-2023,Suite,Corporate,167,13514.09,1,162169.08,May,High Risk,1,16
6531,45,USA,22-06-2023,Suite,Corporate,28,11349.14,1,45396.56,June,Low Risk,2,18
6532,59,UAE,23-09-2023,Suite,Corporate,36,3049.49,0,30494.9,September,Low Risk,2,6
6535,59,UK,23-06-2023,Suite,Corporate,3,11732.55,0,105592.95,June,Low Risk,2,16
6543,67,UK,02-03-2023,Suite,Online,155,12876.89,1,25753.78,March,High Risk,1,11
6547,20,USA,06-06-2023,Suite,Corporate,150,7570.4,1,52992.8,June,High Risk,1,12
6549,20,Germany,25-03-2023,Suite,Online,147,10647.66,1,85181.28,March,High Risk,1,11
6556,19,Germany,25-10-2023,Suite,Corporate,4,6077.82,1,85089.48,October,Low Risk,1,2
6557,47,India,23-05-2023,Suite,Corporate,151,8922.57,1,124915.98,May,High Risk,2,14
6561,42,India,16-08-2023,Suite,Corporate,33,5028.8,1,65374.4,August,Low Risk,1,12
6565,57,Germany,05-11-2023,Suite,Agent,133,14440.26,1,129962.34,November,High Risk,1,13
6566,50,Germany,20-05-2023,Suite,Corporate,66,4475.45,0,62656.3,May,Medium Risk,2,20
6567,30,USA,09-07-2023,Suite,Online,76,13523.66,0,135236.6,July,Medium Risk,2,7
6569,59,USA,13-07-2023,Suite,Corporate,115,13470.17,1,107761.36,July,High Risk,1,20
6572,33,UAE,23-10-2023,Suite,Online,161,12123.12,1,72738.72,October,High Risk,1,17
6573,62,Germany,01-06-2023,Suite,Online,100,10866.93,0,54334.65,June,Medium Risk,2,10
6575,37,UAE,15-07-2023,Suite,Online,56,8374.07,0,108862.91,July,Medium Risk,1,11
6576,67,Germany,29-03-2023,Suite,Online,164,7374.89,1,22124.67,March,High Risk,1,6
6581,51,UAE,24-12-2023,Suite,Online,102,2561.77,1,17932.39,December,High Risk,1,8
6585,19,UAE,01-03-2023,Suite,Online,108,14860.8,1,44582.4,March,High Risk,2,2
6590,43,UK,21-10-2023,Suite,Agent,173,2559.06,1,12795.3,October,High Risk,1,19
6594,51,USA,03-08-2023,Suite,Corporate,86,11225.37,1,112253.7,August,Medium Risk,1,2
6595,65,Germany,15-02-2023,Suite,Agent,114,7807.92,1,109310.88,February,High Risk,1,19
6604,19,UK,08-12-2023,Suite,Agent,179,5481.82,1,10963.64,December,High Risk,2,1
6607,19,UAE,31-03-2023,Suite,Agent,52,6577.21,1,85503.73,March,Medium Risk,2,10
6608,46,Germany,01-12-2023,Suite,Corporate,118,3636.38,1,36363.8,December,High Risk,1,5
6613,37,India,19-10-2023,Suite,Agent,79,12824.84,0,38474.52,October,Medium Risk,2,6
6616,38,UAE,20-12-2023,Suite,Agent,52,4473.52,1,35788.16,December,Medium Risk,1,13
6619,31,USA,14-11-2023,Suite,Online,132,4984.65,1,44861.85,November,High Risk,2,6
6620,54,India,09-12-2023,Suite,Online,3,14383.46,1,201368.44,December,Low Risk,1,6
6621,35,USA,30-12-2023,Suite,Corporate,55,5425,0,48825,December,Medium Risk,1,18
6626,39,USA,09-10-2023,Suite,Online,72,11901.98,0,119019.8,October,Medium Risk,1,14
6628,53,Germany,26-02-2023,Suite,Corporate,92,13351.36,1,160216.32,February,Medium Risk,2,19
6633,33,Germany,16-06-2023,Suite,Online,86,12304.3,0,73825.8,June,Medium Risk,1,9
6635,42,India,12-07-2023,Suite,Agent,35,4200.77,0,29405.39,July,Low Risk,1,7
6640,37,USA,31-08-2023,Suite,Corporate,4,12444.92,0,62224.6,August,Low Risk,1,11
6643,20,USA,27-02-2023,Suite,Agent,81,11450.41,0,11450.41,February,Medium Risk,2,9
6655,48,UAE,21-10-2023,Suite,Corporate,90,5275.47,0,42203.76,October,Medium Risk,1,13
6656,31,UAE,13-01-2023,Suite,Agent,160,12629.91,1,25259.82,January,High Risk,2,14
6658,29,UAE,13-08-2023,Suite,Corporate,24,5462.04,1,27310.2,August,Low Risk,2,3
6661,62,UAE,04-09-2023,Suite,Corporate,16,6940.8,1,90230.4,September,Low Risk,2,5
6666,49,UAE,03-07-2023,Suite,Online,62,10366.55,1,62199.3,July,Medium Risk,1,11
6671,64,UAE,29-08-2023,Suite,Corporate,43,11572.92,0,23145.84,August,Low Risk,2,2
6672,61,USA,18-08-2023,Suite,Agent,152,5491.48,1,21965.92,August,High Risk,1,2
6677,69,India,16-09-2023,Suite,Corporate,99,11852.53,0,142230.36,September,Medium Risk,1,3
6680,31,Germany,11-12-2023,Suite,Corporate,85,10523.75,0,115761.25,December,Medium Risk,2,20
6683,50,India,11-10-2023,Suite,Online,158,3836.96,1,49880.48,October,High Risk,2,9
6692,57,UK,17-04-2023,Suite,Corporate,121,13477.4,1,53909.6,April,High Risk,1,20
6695,52,Germany,07-03-2023,Suite,Corporate,4,9346.91,0,56081.46,March,Low Risk,2,20
6700,42,UK,03-04-2023,Suite,Agent,101,13167.23,1,171173.99,April,High Risk,1,5
6707,42,UK,10-01-2023,Suite,Agent,112,12857.99,1,115721.91,January,High Risk,2,7
6713,49,USA,15-11-2023,Suite,Online,115,8082.01,1,56574.07,November,High Risk,2,15
6715,56,Germany,14-04-2023,Suite,Agent,37,10775.59,0,150858.26,April,Low Risk,2,18
6717,41,UK,18-08-2023,Suite,Online,151,5547.53,1,72117.89,August,High Risk,1,19
6724,63,UAE,07-12-2023,Suite,Corporate,94,5478.49,1,43827.92,December,Medium Risk,2,7
6725,20,UK,25-03-2023,Suite,Agent,92,13507.03,0,94549.21,March,Medium Risk,1,19
6729,34,Germany,09-12-2023,Suite,Online,130,7252.12,1,36260.6,December,High Risk,1,20
6733,23,USA,12-09-2023,Suite,Agent,119,14653.87,1,117230.96,September,High Risk,1,16
6739,20,Germany,15-09-2023,Suite,Online,149,2182.96,1,2182.96,September,High Risk,2,10
6740,52,UK,06-07-2023,Suite,Online,116,2854.39,1,5708.78,July,High Risk,1,6
6742,44,Germany,17-09-2023,Suite,Agent,44,8398.21,1,16796.42,September,Low Risk,1,18
6750,21,India,15-10-2023,Suite,Online,112,13919.96,1,180959.48,October,High Risk,1,4
6755,62,USA,30-10-2023,Suite,Corporate,83,3614.14,1,39755.54,October,Medium Risk,1,8
6764,39,Germany,18-09-2023,Suite,Online,39,6690.94,0,13381.88,September,Low Risk,1,5
6765,60,Germany,29-06-2023,Suite,Agent,44,6603.42,0,46223.94,June,Low Risk,2,1
6766,36,UAE,23-10-2023,Suite,Online,131,8147.67,1,97772.04,October,High Risk,2,18
6767,25,India,19-05-2023,Suite,Online,106,3431.61,1,13726.44,May,High Risk,2,20
6770,59,USA,29-08-2023,Suite,Agent,31,9300.05,1,111600.6,August,Low Risk,2,15
6772,65,India,22-06-2023,Suite,Corporate,167,13142.66,1,78855.96,June,High Risk,1,13
6774,43,USA,03-05-2023,Suite,Corporate,36,14859.36,0,163452.96,May,Low Risk,2,6
6775,40,USA,04-02-2023,Suite,Agent,35,5140.49,0,46264.41,February,Low Risk,2,2
6776,60,UAE,16-04-2023,Suite,Online,9,2447.95,1,9791.8,April,Low Risk,1,3
6777,30,India,24-11-2023,Suite,Corporate,69,7523.77,1,67713.93,November,Medium Risk,1,6
6780,37,UK,05-05-2023,Suite,Online,94,6855.82,1,61702.38,May,Medium Risk,2,14
6784,68,Germany,06-02-2023,Suite,Agent,60,8689.58,1,60827.06,February,Medium Risk,2,10
6786,32,Germany,03-12-2023,Suite,Agent,35,9225.7,1,92257,December,Low Risk,2,6
6788,31,Germany,18-09-2023,Suite,Online,150,4682.11,1,56185.32,September,High Risk,2,15
6789,28,USA,13-07-2023,Suite,Online,37,5195.21,0,46756.89,July,Low Risk,1,12
6792,44,USA,27-01-2023,Suite,Online,103,8011.1,1,88122.1,January,High Risk,2,16
6793,28,UK,24-01-2023,Suite,Corporate,91,14042.15,0,154463.65,January,Medium Risk,1,11
6794,55,Germany,29-01-2023,Suite,Agent,5,12314,1,110826,January,Low Risk,1,4
6797,36,UAE,03-05-2023,Suite,Online,0,3934.23,1,55079.22,May,Low Risk,2,4
6798,23,Germany,08-05-2023,Suite,Corporate,13,5076.14,0,25380.7,May,Low Risk,1,14
6799,63,UAE,27-04-2023,Suite,Online,82,10614.07,0,106140.7,April,Medium Risk,1,17
6803,59,Germany,24-08-2023,Suite,Corporate,78,8727.18,0,26181.54,August,Medium Risk,1,9
6804,45,UAE,11-02-2023,Suite,Corporate,146,11502.96,1,103526.64,February,High Risk,1,1
6808,25,UAE,05-05-2023,Suite,Agent,30,4060.95,0,16243.8,May,Low Risk,1,15
6809,69,India,17-09-2023,Suite,Online,57,7639.74,0,30558.96,September,Medium Risk,1,13
6813,56,India,09-07-2023,Suite,Corporate,40,14633.72,1,175604.64,July,Low Risk,1,13
6816,29,UK,21-03-2023,Suite,Online,120,4904.53,1,34331.71,March,High Risk,2,6
6817,43,India,16-08-2023,Suite,Corporate,60,7424.8,1,51973.6,August,Medium Risk,2,4
6822,68,UK,11-02-2023,Suite,Online,111,2117.23,1,4234.46,February,High Risk,1,1
6833,66,Germany,17-08-2023,Suite,Corporate,155,8892.69,1,62248.83,August,High Risk,2,12
6835,63,UK,23-01-2023,Suite,Corporate,98,5896.44,1,23585.76,January,Medium Risk,1,12
6837,45,USA,04-03-2023,Suite,Online,29,4069.61,0,56974.54,March,Low Risk,1,7
6838,58,UAE,09-08-2023,Suite,Online,46,8148.22,0,81482.2,August,Low Risk,1,19
6843,45,India,21-02-2023,Suite,Agent,104,12805.64,1,102445.12,February,High Risk,1,2
6847,42,USA,23-11-2023,Suite,Agent,170,5273.37,1,36913.59,November,High Risk,2,8
6848,46,UAE,28-09-2023,Suite,Agent,2,11265.04,0,90120.32,September,Low Risk,2,18
6849,36,India,13-03-2023,Suite,Agent,22,12805.97,0,166477.61,March,Low Risk,1,7
6854,52,UK,17-10-2023,Suite,Agent,70,11989,1,11989,October,Medium Risk,1,1
6856,45,UAE,21-12-2023,Suite,Online,54,8796.97,0,26390.91,December,Medium Risk,2,9
6857,34,UK,19-08-2023,Suite,Agent,125,13809.23,1,27618.46,August,High Risk,1,3
6860,63,USA,16-05-2023,Suite,Corporate,145,12048.21,1,120482.1,May,High Risk,1,13
6862,69,UAE,13-12-2023,Suite,Agent,2,14487.53,0,173850.36,December,Low Risk,2,18
6867,42,USA,21-07-2023,Suite,Agent,142,11984.54,1,167783.56,July,High Risk,2,7
6868,68,UAE,28-11-2023,Suite,Online,126,13149.62,1,144645.82,November,High Risk,2,17
6869,55,UK,25-08-2023,Suite,Corporate,57,8882.76,0,106593.12,August,Medium Risk,1,7
6870,59,India,25-09-2023,Suite,Corporate,167,13051.46,1,130514.6,September,High Risk,2,11
6871,64,UAE,20-03-2023,Suite,Agent,117,14009.96,1,182129.48,March,High Risk,2,13
6872,69,USA,15-02-2023,Suite,Agent,165,8931.98,1,53591.88,February,High Risk,2,2
6880,35,Germany,02-03-2023,Suite,Corporate,122,4787.92,1,43091.28,March,High Risk,2,8
6884,27,UAE,23-06-2023,Suite,Online,13,6592.83,0,26371.32,June,Low Risk,2,4
6886,65,USA,02-07-2023,Suite,Corporate,95,7378.49,0,14756.98,July,Medium Risk,1,11
6887,67,Germany,24-07-2023,Suite,Online,156,10201.6,1,122419.2,July,High Risk,1,5
6892,18,UAE,22-08-2023,Suite,Agent,15,6522.84,0,45659.88,August,Low Risk,1,11
6894,51,Germany,21-05-2023,Suite,Corporate,138,7686.89,1,69182.01,May,High Risk,1,10
6895,21,Germany,18-04-2023,Suite,Corporate,17,5219.43,0,15658.29,April,Low Risk,1,20
6896,34,Germany,27-10-2023,Suite,Online,107,5606.21,1,67274.52,October,High Risk,2,6
6902,24,USA,25-09-2023,Suite,Agent,101,11047.3,1,77331.1,September,High Risk,1,13
6904,67,Germany,12-11-2023,Suite,Corporate,179,11316.11,1,101844.99,November,High Risk,2,13
6906,52,Germany,02-08-2023,Suite,Online,119,3797.79,1,15191.16,August,High Risk,2,17
6914,44,Germany,29-11-2023,Suite,Agent,117,6261.47,1,6261.47,November,High Risk,1,9
6918,45,UAE,08-06-2023,Suite,Online,65,11455.26,0,148918.38,June,Medium Risk,2,1
6932,56,UAE,27-09-2023,Suite,Agent,133,7234.71,1,14469.42,September,High Risk,1,15
6936,47,India,10-07-2023,Suite,Corporate,151,9462.71,1,56776.26,July,High Risk,2,15
6938,28,USA,09-03-2023,Suite,Online,53,12889.74,0,77338.44,March,Medium Risk,1,7
6939,19,USA,23-11-2023,Suite,Corporate,2,4550.17,0,50051.87,November,Low Risk,2,11
6941,29,UAE,27-09-2023,Suite,Corporate,29,12548.59,1,163131.67,September,Low Risk,1,15
6943,53,UK,26-12-2023,Suite,Agent,40,10112.82,0,60676.92,December,Low Risk,2,1
6951,62,UAE,17-08-2023,Suite,Online,107,5141.93,1,61703.16,August,High Risk,2,2
6953,23,UAE,08-10-2023,Suite,Agent,42,14084.32,0,56337.28,October,Low Risk,1,7
6958,36,USA,22-03-2023,Suite,Agent,163,2563.95,1,17947.65,March,High Risk,2,4
6960,35,USA,28-02-2023,Suite,Online,106,5788.3,1,23153.2,February,High Risk,2,18
6961,48,Germany,10-06-2023,Suite,Online,123,8172.23,1,73550.07,June,High Risk,2,19
6962,54,UAE,13-04-2023,Suite,Online,172,13919.93,1,97439.51,April,High Risk,1,19
6967,54,India,28-12-2023,Suite,Online,99,12629.54,1,126295.4,December,Medium Risk,2,3
6971,56,UAE,14-11-2023,Suite,Corporate,96,14924.14,1,59696.56,November,Medium Risk,1,2
6973,38,Germany,04-04-2023,Suite,Agent,150,5343.12,1,58774.32,April,High Risk,1,13
6976,50,UAE,02-11-2023,Suite,Corporate,147,3384.36,1,43996.68,November,High Risk,2,9
6988,61,UAE,11-01-2023,Suite,Online,172,6366.51,1,76398.12,January,High Risk,1,14
6991,50,USA,14-11-2023,Suite,Online,145,9758.83,1,97588.3,November,High Risk,1,5
6992,61,USA,22-07-2023,Suite,Agent,13,6466.63,0,19399.89,July,Low Risk,2,6
6993,48,Germany,19-08-2023,Suite,Agent,58,12989.2,0,25978.4,August,Medium Risk,1,18
6995,21,India,26-02-2023,Suite,Online,146,7199.69,1,21599.07,February,High Risk,2,12
7000,46,Germany,13-08-2023,Suite,Agent,124,3810.92,1,34298.28,August,High Risk,2,4
7010,48,USA,25-06-2023,Suite,Corporate,37,5017.8,0,10035.6,June,Low Risk,1,14
7011,31,Germany,01-03-2023,Suite,Online,145,10134.36,1,121612.32,March,High Risk,1,16
7012,56,India,18-12-2023,Suite,Agent,7,10842.45,0,75897.15,December,Low Risk,1,2
7013,45,Germany,11-09-2023,Suite,Online,147,7262.44,1,36312.2,September,High Risk,1,5
7017,66,UAE,27-02-2023,Suite,Corporate,129,10978.18,1,120759.98,February,High Risk,1,7
7027,27,USA,28-09-2023,Suite,Online,123,3193.39,1,38320.68,September,High Risk,1,20
7028,56,USA,12-04-2023,Suite,Online,107,2152.78,1,2152.78,April,High Risk,2,15
7029,32,USA,25-05-2023,Suite,Agent,94,8745.91,1,34983.64,May,Medium Risk,2,15
7031,46,India,18-09-2023,Suite,Online,135,7865.2,1,102247.6,September,High Risk,2,12
7033,20,Germany,05-12-2023,Suite,Agent,110,13637.45,1,150011.95,December,High Risk,1,20
7035,27,USA,23-09-2023,Suite,Corporate,48,7750.42,1,23251.26,September,Low Risk,2,1
7036,45,India,14-10-2023,Suite,Agent,163,7912.18,1,23736.54,October,High Risk,1,13
7042,64,Germany,24-07-2023,Suite,Corporate,36,12586.84,0,37760.52,July,Low Risk,2,7
7043,55,USA,18-10-2023,Suite,Online,121,7309.14,1,80400.54,October,High Risk,1,12
7048,25,UK,06-05-2023,Suite,Agent,36,9022.6,0,45113,May,Low Risk,2,5
7056,62,UK,25-12-2023,Suite,Corporate,93,4655.63,1,4655.63,December,Medium Risk,2,10
7060,30,Germany,12-10-2023,Suite,Corporate,176,2491.91,1,32394.83,October,High Risk,2,3
7062,65,UAE,06-08-2023,Suite,Corporate,28,14596.91,0,131372.19,August,Low Risk,1,19
7063,26,UK,27-01-2023,Suite,Corporate,82,8848.27,1,106179.24,January,Medium Risk,2,4
7064,31,India,15-08-2023,Suite,Agent,178,6321.44,1,44250.08,August,High Risk,2,15
7066,24,USA,25-02-2023,Suite,Corporate,132,4108.27,1,53407.51,February,High Risk,2,2
7070,51,UK,18-01-2023,Suite,Agent,77,7183.48,1,35917.4,January,Medium Risk,1,8
7071,58,India,24-07-2023,Suite,Corporate,18,12153.16,1,145837.92,July,Low Risk,1,7
7073,41,India,30-03-2023,Suite,Corporate,167,2250.6,1,15754.2,March,High Risk,2,6
7078,27,India,30-03-2023,Suite,Online,37,7788.65,0,62309.2,March,Low Risk,2,8
7080,33,UAE,12-05-2023,Suite,Corporate,39,5788.68,0,46309.44,May,Low Risk,1,9
7081,63,Germany,17-08-2023,Suite,Agent,172,12681.13,1,139492.43,August,High Risk,2,11
7083,66,UK,24-03-2023,Suite,Agent,119,12356.42,1,135920.62,March,High Risk,2,12
7084,42,India,12-05-2023,Suite,Agent,87,2251.82,1,27021.84,May,Medium Risk,1,9
7085,67,India,20-12-2023,Suite,Agent,89,7110.09,1,85321.08,December,Medium Risk,2,1
7087,42,UAE,14-10-2023,Suite,Agent,162,7767.84,1,15535.68,October,High Risk,1,13
7092,31,UK,05-05-2023,Suite,Online,65,3603.68,1,28829.44,May,Medium Risk,2,10
7096,60,India,24-06-2023,Suite,Agent,55,4566.72,0,4566.72,June,Medium Risk,1,12
7098,64,Germany,29-10-2023,Suite,Corporate,67,7800.05,0,70200.45,October,Medium Risk,1,15
7099,22,UAE,21-03-2023,Suite,Agent,155,2710.64,1,10842.56,March,High Risk,1,6
7101,42,UK,27-10-2023,Suite,Online,107,9799.1,1,78392.8,October,High Risk,2,13
7109,68,USA,30-11-2023,Suite,Agent,154,4818.56,1,24092.8,November,High Risk,2,15
7110,44,Germany,02-05-2023,Suite,Agent,3,6175.95,1,67935.45,May,Low Risk,1,15
7112,64,Germany,17-03-2023,Suite,Agent,90,12256.88,1,147082.56,March,Medium Risk,2,11
7113,26,UAE,05-11-2023,Suite,Corporate,64,9841.03,1,127933.39,November,Medium Risk,1,14
7115,49,UK,29-11-2023,Suite,Agent,79,4972.03,1,9944.06,November,Medium Risk,1,15
7116,37,UK,14-03-2023,Suite,Agent,86,6304.49,0,37826.94,March,Medium Risk,2,7
7119,21,UAE,04-04-2023,Suite,Agent,99,12516.87,0,37550.61,April,Medium Risk,1,19
7120,63,Germany,12-11-2023,Suite,Corporate,118,11305.24,1,45220.96,November,High Risk,1,10
7122,65,Germany,10-09-2023,Suite,Online,135,11082.89,1,33248.67,September,High Risk,2,2
7135,42,Germany,16-08-2023,Suite,Online,155,6718.17,1,47027.19,August,High Risk,2,14
7137,35,India,19-01-2023,Suite,Corporate,165,12639.23,1,50556.92,January,High Risk,2,10
7138,64,UAE,14-06-2023,Suite,Online,81,4379.17,0,43791.7,June,Medium Risk,1,9
7140,19,USA,14-12-2023,Suite,Agent,115,7796.56,1,101355.28,December,High Risk,1,9
7141,27,India,02-08-2023,Suite,Corporate,153,14154.35,1,169852.2,August,High Risk,2,6
7142,62,USA,27-08-2023,Suite,Corporate,0,9110.84,0,127551.76,August,Low Risk,2,1
7149,64,UAE,28-08-2023,Suite,Online,45,13887.46,0,27774.92,August,Low Risk,1,14
7151,36,USA,14-10-2023,Suite,Agent,7,2294.89,0,22948.9,October,Low Risk,2,8
7159,41,Germany,01-03-2023,Suite,Online,93,10295.21,1,20590.42,March,Medium Risk,2,11
7164,39,Germany,26-07-2023,Suite,Agent,28,11264.89,1,123913.79,July,Low Risk,1,20
7165,40,UAE,10-10-2023,Suite,Online,45,7706.86,1,69361.74,October,Low Risk,2,18
7166,36,Germany,22-01-2023,Suite,Online,164,6955.26,1,20865.78,January,High Risk,1,17
7171,50,Germany,23-05-2023,Suite,Corporate,126,5605.76,1,22423.04,May,High Risk,2,8
7172,36,USA,16-02-2023,Suite,Online,106,13342.19,1,186790.66,February,High Risk,1,14
7175,66,Germany,25-05-2023,Suite,Agent,45,7178.45,1,93319.85,May,Low Risk,2,14
7182,33,Germany,21-09-2023,Suite,Online,122,2448.22,1,14689.32,September,High Risk,1,4
7185,40,India,24-10-2023,Suite,Corporate,122,3561.87,1,28494.96,October,High Risk,1,13
7196,38,USA,08-09-2023,Suite,Corporate,104,13148.91,1,78893.46,September,High Risk,1,20
7199,38,UAE,29-10-2023,Suite,Agent,88,10587.93,1,21175.86,October,Medium Risk,2,16
7207,60,UAE,07-09-2023,Suite,Online,92,4763.56,0,52399.16,September,Medium Risk,1,7
7209,40,Germany,04-08-2023,Suite,Online,165,12572.16,1,62860.8,August,High Risk,2,11
7211,47,UAE,26-11-2023,Suite,Agent,123,3928.03,1,27496.21,November,High Risk,1,11
7213,60,UAE,12-10-2023,Suite,Online,102,7170.64,1,35853.2,October,High Risk,1,1
7214,35,UK,17-10-2023,Suite,Agent,63,8050.84,0,80508.4,October,Medium Risk,1,6
7218,38,UK,10-11-2023,Suite,Corporate,47,13259.02,1,13259.02,November,Low Risk,2,6
7222,62,UAE,30-10-2023,Suite,Agent,44,13424.99,0,187949.86,October,Low Risk,1,16
7228,57,USA,28-08-2023,Suite,Corporate,126,7083.69,1,56669.52,August,High Risk,1,8
7229,68,India,13-10-2023,Suite,Online,129,11864.47,1,130509.17,October,High Risk,1,18
7232,67,UK,25-05-2023,Suite,Corporate,139,9447.91,1,113374.92,May,High Risk,1,18
7246,30,India,05-09-2023,Suite,Online,75,9527.27,0,85745.43,September,Medium Risk,1,12
7247,66,USA,08-11-2023,Suite,Online,115,10077.51,1,110852.61,November,High Risk,1,18
7256,42,USA,03-12-2023,Suite,Corporate,154,14242.03,1,14242.03,December,High Risk,1,17
7258,58,Germany,06-10-2023,Suite,Corporate,48,11684.51,0,116845.1,October,Low Risk,1,1
7259,23,Germany,19-12-2023,Suite,Online,1,9906.42,1,99064.2,December,Low Risk,2,4
7261,55,UK,20-10-2023,Suite,Agent,58,14258.81,1,42776.43,October,Medium Risk,2,11
7268,20,India,18-11-2023,Suite,Corporate,18,14610.48,0,160715.28,November,Low Risk,2,18
7276,41,UK,08-03-2023,Suite,Corporate,173,6866.3,1,61796.7,March,High Risk,1,11
7285,51,India,27-06-2023,Suite,Corporate,117,9293.02,1,37172.08,June,High Risk,2,2
7287,33,India,10-02-2023,Suite,Online,10,4251.7,1,51020.4,February,Low Risk,2,20
7292,36,USA,13-09-2023,Suite,Online,101,12030.18,1,168422.52,September,High Risk,1,5
7296,26,UAE,26-07-2023,Suite,Agent,130,2111.11,1,2111.11,July,High Risk,1,14
7301,51,USA,20-05-2023,Suite,Agent,141,7360.33,1,58882.64,May,High Risk,2,17
7303,61,UK,02-11-2023,Suite,Corporate,173,11790.68,1,94325.44,November,High Risk,2,6
7304,57,USA,28-07-2023,Suite,Agent,163,14239.13,1,71195.65,July,High Risk,2,7
7305,35,UK,31-10-2023,Suite,Online,170,7461.01,1,89532.12,October,High Risk,2,5
7308,62,UK,15-05-2023,Suite,Corporate,142,13761.81,1,165141.72,May,High Risk,1,1
7310,38,USA,21-09-2023,Suite,Corporate,88,4760.65,0,42845.85,September,Medium Risk,2,5
7312,49,UAE,28-07-2023,Suite,Corporate,108,6249.25,1,56243.25,July,High Risk,1,10
7313,58,UK,23-07-2023,Suite,Corporate,54,2306.28,0,2306.28,July,Medium Risk,2,2
7316,56,USA,12-01-2023,Suite,Corporate,106,14012.99,1,42038.97,January,High Risk,1,9
7322,35,UAE,15-02-2023,Suite,Agent,63,4130.06,0,24780.36,February,Medium Risk,1,15
7323,41,UAE,15-05-2023,Suite,Online,86,8155,1,106015,May,Medium Risk,2,19
7325,26,India,27-02-2023,Suite,Corporate,68,5335.75,0,21343,February,Medium Risk,1,1
7329,57,India,18-10-2023,Suite,Agent,51,4171.01,1,25026.06,October,Medium Risk,2,18
7330,26,USA,04-04-2023,Suite,Online,32,4209.62,0,33676.96,April,Low Risk,1,5
7331,62,USA,05-04-2023,Suite,Agent,19,14660.12,1,161261.32,April,Low Risk,1,17
7333,43,Germany,13-03-2023,Suite,Agent,36,4188.86,0,37699.74,March,Low Risk,2,16
7335,34,UK,11-06-2023,Suite,Online,104,6475.83,1,90661.62,June,High Risk,1,9
7339,69,USA,29-01-2023,Suite,Corporate,85,14693.88,1,29387.76,January,Medium Risk,2,15
7340,22,Germany,29-10-2023,Suite,Corporate,39,10031.29,1,120375.48,October,Low Risk,1,16
7343,32,UK,28-02-2023,Suite,Online,22,5132.19,1,15396.57,February,Low Risk,1,15
7346,19,UK,17-04-2023,Suite,Corporate,73,3850.88,1,3850.88,April,Medium Risk,1,3
7351,62,India,17-01-2023,Suite,Corporate,108,6494.5,1,12989,January,High Risk,1,7
7354,58,India,08-03-2023,Suite,Agent,79,10402.44,0,124829.28,March,Medium Risk,1,10
7360,47,USA,09-03-2023,Suite,Online,123,10197.43,1,71382.01,March,High Risk,1,16
7365,30,USA,15-01-2023,Suite,Online,159,10524.54,1,10524.54,January,High Risk,2,14
7367,30,India,15-01-2023,Suite,Corporate,109,6700.59,1,60305.31,January,High Risk,1,6
7370,27,USA,10-01-2023,Suite,Corporate,134,9728.73,1,126473.49,January,High Risk,1,9
7371,26,India,26-02-2023,Suite,Online,39,10939.51,1,32818.53,February,Low Risk,2,15
7372,69,UAE,18-07-2023,Suite,Online,100,5007.07,0,10014.14,July,Medium Risk,2,11
7374,19,India,20-09-2023,Suite,Corporate,133,12793.97,1,140733.67,September,High Risk,2,17
7379,38,USA,09-11-2023,Suite,Agent,124,8186.49,1,81864.9,November,High Risk,1,17
7380,40,UK,13-03-2023,Suite,Agent,160,8236.7,1,107077.1,March,High Risk,2,19
7381,46,UAE,17-06-2023,Suite,Agent,21,2474.89,1,7424.67,June,Low Risk,2,3
7386,48,USA,18-07-2023,Suite,Online,140,5670.5,1,17011.5,July,High Risk,2,20
7388,48,UAE,11-11-2023,Suite,Corporate,45,2197.73,0,2197.73,November,Low Risk,2,4
7389,67,UK,08-08-2023,Suite,Online,70,6760.85,1,87891.05,August,Medium Risk,1,6
7390,37,Germany,07-03-2023,Suite,Online,127,13250.5,1,53002,March,High Risk,1,5
7392,34,Germany,14-05-2023,Suite,Online,25,13277.63,0,26555.26,May,Low Risk,2,11
7395,42,India,17-11-2023,Suite,Corporate,20,13310.3,0,146413.3,November,Low Risk,2,14
7399,59,UK,22-02-2023,Suite,Corporate,8,4303.1,0,38727.9,February,Low Risk,1,14
7407,36,UK,28-06-2023,Suite,Corporate,94,4911.16,0,58933.92,June,Medium Risk,2,8
7408,39,India,08-02-2023,Suite,Online,132,14462.1,1,101234.7,February,High Risk,2,10
7410,64,USA,12-08-2023,Suite,Corporate,0,7519.83,1,60158.64,August,Low Risk,1,7
7412,41,UAE,22-08-2023,Suite,Online,92,7872.33,0,78723.3,August,Medium Risk,1,20
7413,58,USA,12-07-2023,Suite,Corporate,37,7998.38,1,71985.42,July,Low Risk,2,7
7414,21,USA,26-03-2023,Suite,Corporate,40,12948.16,0,103585.28,March,Low Risk,2,10
7421,36,USA,15-11-2023,Suite,Agent,139,13933.73,1,41801.19,November,High Risk,1,16
7427,66,UK,05-08-2023,Suite,Online,74,4651.66,0,60471.58,August,Medium Risk,2,3
7428,42,India,21-09-2023,Suite,Online,124,8031.68,1,88348.48,September,High Risk,1,10
7429,33,UAE,18-02-2023,Suite,Corporate,51,4057.55,0,28402.85,February,Medium Risk,1,13
7431,57,USA,03-05-2023,Suite,Agent,152,12049.16,1,36147.48,May,High Risk,1,16
7433,25,USA,25-01-2023,Suite,Corporate,52,14727.92,0,103095.44,January,Medium Risk,2,2
7434,35,USA,11-05-2023,Suite,Online,60,10771.99,0,64631.94,May,Medium Risk,2,16
7435,45,India,12-08-2023,Suite,Corporate,12,5465.78,1,5465.78,August,Low Risk,2,1
7436,33,UK,09-04-2023,Suite,Corporate,14,11840.4,0,142084.8,April,Low Risk,1,11
7437,69,UAE,18-12-2023,Suite,Online,54,9596.04,0,134344.56,December,Medium Risk,2,10
7440,34,Germany,19-04-2023,Suite,Corporate,96,9902.28,0,59413.68,April,Medium Risk,2,18
7442,30,UAE,08-08-2023,Suite,Corporate,14,5056.72,0,10113.44,August,Low Risk,2,9
7446,51,USA,23-03-2023,Suite,Corporate,43,11022.96,0,132275.52,March,Low Risk,1,20
7449,23,UAE,08-01-2023,Suite,Online,32,7056.33,1,35281.65,January,Low Risk,1,17
7451,35,USA,29-05-2023,Suite,Online,159,8654.34,1,60580.38,May,High Risk,2,7
7453,23,UAE,04-08-2023,Suite,Agent,39,7509.3,0,30037.2,August,Low Risk,1,2
7456,34,Germany,16-09-2023,Suite,Agent,101,12237.87,1,61189.35,September,High Risk,1,18
7461,68,UK,20-05-2023,Suite,Agent,111,9515.01,1,38060.04,May,High Risk,2,1
7462,51,India,01-12-2023,Suite,Agent,169,13902.95,1,97320.65,December,High Risk,2,9
7463,45,Germany,07-02-2023,Suite,Agent,85,13042.75,1,26085.5,February,Medium Risk,1,19
7464,20,India,02-05-2023,Suite,Corporate,177,9185.27,1,119408.51,May,High Risk,2,14
7466,55,India,26-05-2023,Suite,Online,47,6280.14,0,12560.28,May,Low Risk,1,1
7473,47,UAE,23-10-2023,Suite,Online,77,2483.88,1,2483.88,October,Medium Risk,2,11
7476,37,Germany,19-12-2023,Suite,Corporate,89,6130.19,0,42911.33,December,Medium Risk,2,17
7477,65,Germany,04-11-2023,Suite,Online,71,5579.37,0,33476.22,November,Medium Risk,1,1
7478,49,USA,14-10-2023,Suite,Agent,14,10320.87,0,144492.18,October,Low Risk,1,16
7479,39,UK,11-06-2023,Suite,Online,108,3431.59,1,44610.67,June,High Risk,1,3
7482,62,Germany,30-06-2023,Suite,Online,85,7869.9,0,62959.2,June,Medium Risk,2,18
7483,18,Germany,01-04-2023,Suite,Online,32,13595.61,0,40786.83,April,Low Risk,1,14
7485,25,Germany,05-05-2023,Suite,Online,129,3403.9,1,40846.8,May,High Risk,1,14
7490,57,UK,29-06-2023,Suite,Corporate,13,8117.79,1,105531.27,June,Low Risk,2,15
7492,44,India,23-05-2023,Suite,Corporate,49,9620.5,1,115446,May,Low Risk,2,12
7494,44,UK,01-09-2023,Suite,Corporate,132,13864.41,1,13864.41,September,High Risk,2,16
7496,55,UK,21-06-2023,Suite,Online,145,14255.23,1,171062.76,June,High Risk,1,16
7498,61,USA,18-03-2023,Suite,Agent,153,4415.85,1,61821.9,March,High Risk,1,8
7502,59,USA,05-09-2023,Suite,Agent,115,13400.06,1,107200.48,September,High Risk,1,8
7506,54,USA,07-06-2023,Suite,Online,12,2197.28,0,19775.52,June,Low Risk,2,15
7508,34,UK,04-03-2023,Suite,Agent,160,4306.1,1,38754.9,March,High Risk,1,7
7511,22,India,12-06-2023,Suite,Agent,145,2015.27,1,24183.24,June,High Risk,1,15
7516,64,Germany,28-06-2023,Suite,Agent,156,12102.93,1,24205.86,June,High Risk,1,9
7519,31,UAE,13-03-2023,Suite,Online,42,2500.91,1,12504.55,March,Low Risk,1,2
7520,65,Germany,14-11-2023,Suite,Online,12,14827.22,0,29654.44,November,Low Risk,1,7
7527,35,India,28-11-2023,Suite,Agent,155,2794.32,1,39120.48,November,High Risk,1,5
7528,67,USA,03-06-2023,Suite,Online,125,13172.47,1,79034.82,June,High Risk,1,2
7529,31,UAE,11-01-2023,Suite,Corporate,10,11900.15,1,59500.75,January,Low Risk,1,12
7531,32,UAE,03-03-2023,Suite,Agent,58,8192.22,1,49153.32,March,Medium Risk,2,16
7533,23,India,02-03-2023,Suite,Agent,132,12316.31,1,147795.72,March,High Risk,1,16
7536,67,India,24-12-2023,Suite,Agent,91,14601.65,0,189821.45,December,Medium Risk,1,19
7537,53,India,26-09-2023,Suite,Agent,132,11561,1,46244,September,High Risk,1,9
7540,20,UK,20-02-2023,Suite,Agent,86,8820.6,0,8820.6,February,Medium Risk,2,15
7541,64,India,12-02-2023,Suite,Online,161,9863.73,1,138092.22,February,High Risk,1,1
7543,58,Germany,21-04-2023,Suite,Online,117,11474.75,1,137697,April,High Risk,2,16
7545,41,India,15-01-2023,Suite,Online,0,14093.37,0,84560.22,January,Low Risk,1,10
7548,49,India,08-02-2023,Suite,Online,118,9405.86,1,47029.3,February,High Risk,2,15
7549,47,UAE,26-01-2023,Suite,Online,119,13509.29,1,162111.48,January,High Risk,1,1
7550,69,India,22-04-2023,Suite,Corporate,33,10204.22,0,102042.2,April,Low Risk,2,17
7552,30,USA,08-04-2023,Suite,Corporate,31,7512.44,0,82636.84,April,Low Risk,2,3
7553,18,UK,19-06-2023,Suite,Agent,115,3290.81,1,13163.24,June,High Risk,1,12
7555,32,UAE,09-08-2023,Suite,Agent,21,12069.66,1,84487.62,August,Low Risk,1,14
7556,61,Germany,21-11-2023,Suite,Online,156,10988.64,1,153840.96,November,High Risk,1,13
7563,48,India,20-01-2023,Suite,Corporate,28,13787.82,1,110302.56,January,Low Risk,1,11
7564,42,USA,23-06-2023,Suite,Online,32,11669.4,0,93355.2,June,Low Risk,2,8
7565,55,USA,10-10-2023,Suite,Corporate,166,10062.68,1,120752.16,October,High Risk,2,2
7567,25,Germany,09-06-2023,Suite,Agent,125,6204.59,1,49636.72,June,High Risk,1,11
7569,19,UK,23-03-2023,Suite,Online,72,3493.71,0,45418.23,March,Medium Risk,2,20
7573,42,UK,21-07-2023,Suite,Online,159,12776.2,1,153314.4,July,High Risk,1,3
7577,38,UAE,05-08-2023,Suite,Corporate,157,10176.85,1,61061.1,August,High Risk,1,1
7578,39,UAE,24-02-2023,Suite,Agent,59,12199.62,1,146395.44,February,Medium Risk,2,4
7583,66,UK,28-05-2023,Suite,Online,165,2724.49,1,27244.9,May,High Risk,1,9
7598,22,UK,14-06-2023,Suite,Agent,9,14571.08,1,87426.48,June,Low Risk,1,2
7605,26,UK,25-02-2023,Suite,Corporate,30,12474.2,0,99793.6,February,Low Risk,2,12
7607,59,India,29-05-2023,Suite,Corporate,31,12248.13,0,159225.69,May,Low Risk,2,6
7609,26,Germany,14-09-2023,Suite,Corporate,12,8017.36,0,48104.16,September,Low Risk,1,4
7611,53,USA,15-12-2023,Suite,Corporate,152,13253.41,1,53013.64,December,High Risk,2,13
7613,39,Germany,19-10-2023,Suite,Online,105,2387.24,1,21485.16,October,High Risk,2,7
7614,39,Germany,01-12-2023,Suite,Online,14,9711.92,1,106831.12,December,Low Risk,2,8
7620,35,India,06-11-2023,Suite,Agent,140,2261.45,1,24875.95,November,High Risk,2,13
7623,50,UAE,18-09-2023,Suite,Corporate,123,5773.3,1,40413.1,September,High Risk,1,12
7624,18,UK,02-01-2023,Suite,Corporate,114,10169.44,1,30508.32,January,High Risk,1,4
7626,21,Germany,12-01-2023,Suite,Online,52,12138.74,1,97109.92,January,Medium Risk,2,7
7628,35,India,28-12-2023,Suite,Online,65,10046.05,0,120552.6,December,Medium Risk,2,11
7632,50,India,08-11-2023,Suite,Online,119,8256.83,1,107338.79,November,High Risk,1,2
7634,59,UAE,08-11-2023,Suite,Agent,54,9269.84,0,46349.2,November,Medium Risk,2,7
7642,59,India,31-03-2023,Suite,Corporate,89,11257.07,1,90056.56,March,Medium Risk,2,4
7643,41,India,16-01-2023,Suite,Corporate,145,2855.02,1,8565.06,January,High Risk,2,4
7645,30,USA,11-10-2023,Suite,Agent,149,2095.04,1,8380.16,October,High Risk,2,18
7646,35,India,18-08-2023,Suite,Corporate,155,6922.68,1,89994.84,August,High Risk,2,3
7647,30,UK,17-05-2023,Suite,Online,139,11975.1,1,131726.1,May,High Risk,2,6
7648,66,UAE,22-10-2023,Suite,Corporate,36,7843.71,0,78437.1,October,Low Risk,2,12
7651,56,UAE,28-11-2023,Suite,Corporate,169,3164.03,1,41132.39,November,High Risk,2,1
7652,59,India,27-04-2023,Suite,Corporate,53,4267.94,0,38411.46,April,Medium Risk,1,8
7655,35,India,09-08-2023,Suite,Corporate,66,7441.96,1,96745.48,August,Medium Risk,2,11
7657,68,India,02-05-2023,Suite,Online,45,2587.51,1,15525.06,May,Low Risk,1,17
7659,51,USA,02-02-2023,Suite,Corporate,55,10715.66,0,128587.92,February,Medium Risk,2,9
7662,24,UK,15-09-2023,Suite,Online,140,2037.55,1,22413.05,September,High Risk,2,5
7663,35,USA,13-01-2023,Suite,Agent,58,5823.99,1,40767.93,January,Medium Risk,2,2
7665,24,USA,21-11-2023,Suite,Online,5,4298.49,0,60178.86,November,Low Risk,2,14
7667,23,India,04-09-2023,Suite,Agent,172,9306.49,1,120984.37,September,High Risk,2,8
7669,18,UAE,19-01-2023,Suite,Corporate,11,4614.81,0,27688.86,January,Low Risk,2,2
7672,66,UAE,29-06-2023,Suite,Agent,111,14106.52,1,155171.72,June,High Risk,1,10
7674,67,India,19-03-2023,Suite,Agent,65,3471.91,0,45134.83,March,Medium Risk,2,2
7675,60,India,26-07-2023,Suite,Online,67,9689.87,1,29069.61,July,Medium Risk,2,11
7676,46,India,04-02-2023,Suite,Agent,85,14939.72,0,89638.32,February,Medium Risk,1,18
7678,43,UK,12-03-2023,Suite,Agent,113,12142.11,1,121421.1,March,High Risk,1,11
7683,59,Germany,15-08-2023,Suite,Corporate,75,10964.54,0,120609.94,August,Medium Risk,2,7
7685,68,India,10-01-2023,Suite,Online,132,13891.85,1,69459.25,January,High Risk,1,6
7690,55,India,06-06-2023,Suite,Corporate,136,9061.28,1,90612.8,June,High Risk,1,5
7691,25,Germany,09-12-2023,Suite,Online,175,3231.61,1,9694.83,December,High Risk,1,2
7695,41,UAE,06-09-2023,Suite,Online,142,8384.6,1,16769.2,September,High Risk,1,4
7696,64,USA,19-09-2023,Suite,Agent,136,13773.26,1,151505.86,September,High Risk,2,18
7699,39,India,17-03-2023,Suite,Corporate,71,8999.53,1,71996.24,March,Medium Risk,1,7
7700,52,India,11-09-2023,Suite,Agent,160,14810.2,1,207342.8,September,High Risk,2,20
7702,46,UAE,03-02-2023,Suite,Online,99,2957.7,0,41407.8,February,Medium Risk,1,1
7703,39,UAE,27-05-2023,Suite,Agent,169,11334.42,1,79340.94,May,High Risk,1,5
7705,37,USA,04-12-2023,Suite,Corporate,35,14215.23,1,127937.07,December,Low Risk,2,16
7706,46,UK,16-08-2023,Suite,Online,33,9477.6,1,37910.4,August,Low Risk,1,18
7707,68,UK,28-04-2023,Suite,Agent,129,8649.45,1,25948.35,April,High Risk,2,18
7713,47,Germany,05-11-2023,Suite,Online,110,5871.35,1,76327.55,November,High Risk,1,5
7716,34,Germany,07-03-2023,Suite,Agent,2,14801.28,1,14801.28,March,Low Risk,2,18
7717,55,USA,21-03-2023,Suite,Online,154,2662.25,1,7986.75,March,High Risk,1,16
7729,67,USA,09-02-2023,Suite,Online,43,2175.75,1,6527.25,February,Low Risk,2,20
7730,18,Germany,04-06-2023,Suite,Corporate,70,2018.15,1,16145.2,June,Medium Risk,1,6
7733,46,Germany,04-01-2023,Suite,Agent,2,14681.43,0,29362.86,January,Low Risk,2,17
7734,23,UAE,08-10-2023,Suite,Online,66,11167.98,1,33503.94,October,Medium Risk,2,20
7738,18,UAE,12-01-2023,Suite,Corporate,153,10270.38,1,123244.56,January,High Risk,2,15
7742,61,UK,07-11-2023,Suite,Online,140,9209.04,1,101299.44,November,High Risk,1,7
7744,43,USA,14-01-2023,Suite,Online,139,7032.02,1,21096.06,January,High Risk,1,13
7751,34,Germany,19-10-2023,Suite,Agent,149,7576.11,1,37880.55,October,High Risk,1,14
7757,32,India,22-05-2023,Suite,Online,15,5158.06,1,61896.72,May,Low Risk,2,5
7759,63,Germany,05-10-2023,Suite,Corporate,168,9028.02,1,126392.28,October,High Risk,1,15
7762,31,USA,17-03-2023,Suite,Online,21,8423.13,0,50538.78,March,Low Risk,1,11
7768,19,USA,05-05-2023,Suite,Online,132,8776.63,1,87766.3,May,High Risk,1,8
7770,67,UAE,23-01-2023,Suite,Online,114,3038.71,1,24309.68,January,High Risk,2,1
7771,34,UAE,11-06-2023,Suite,Agent,10,11897.57,0,71385.42,June,Low Risk,2,2
7773,29,Germany,18-12-2023,Suite,Agent,109,12674.87,1,177448.18,December,High Risk,2,4
7781,23,USA,22-07-2023,Suite,Online,63,10173.77,0,61042.62,July,Medium Risk,2,7
7782,36,UAE,08-05-2023,Suite,Online,66,3863.9,1,19319.5,May,Medium Risk,1,19
7790,30,UAE,08-12-2023,Suite,Online,24,6996.55,0,6996.55,December,Low Risk,1,3
7791,24,Germany,25-08-2023,Suite,Online,27,4826.78,0,9653.56,August,Low Risk,2,17
7796,50,India,05-06-2023,Suite,Online,135,13343.7,1,26687.4,June,High Risk,2,15
7797,32,USA,22-02-2023,Suite,Online,165,9132.05,1,36528.2,February,High Risk,2,9
7799,62,Germany,02-07-2023,Suite,Online,93,13031.18,0,143342.98,July,Medium Risk,2,6
7800,44,UK,08-07-2023,Suite,Online,136,5190.57,1,57096.27,July,High Risk,2,4
7807,33,UAE,08-01-2023,Suite,Online,108,12611.32,1,176558.48,January,High Risk,1,18
7811,52,UK,26-11-2023,Suite,Online,89,8354.17,1,91895.87,November,Medium Risk,1,19
7813,20,Germany,08-10-2023,Suite,Agent,41,5080.76,0,71130.64,October,Low Risk,2,16
7815,46,India,25-08-2023,Suite,Agent,99,6485.97,1,6485.97,August,Medium Risk,2,1
7816,51,UK,15-07-2023,Suite,Agent,10,9687.65,0,67813.55,July,Low Risk,1,2
7817,50,UAE,07-04-2023,Suite,Online,136,10438.84,1,104388.4,April,High Risk,2,1
7823,49,USA,21-02-2023,Suite,Online,65,7347.13,1,44082.78,February,Medium Risk,2,20
7826,60,UK,09-07-2023,Suite,Online,179,14574.74,1,102023.18,July,High Risk,2,12
7829,18,USA,13-07-2023,Suite,Corporate,18,8850.73,0,106208.76,July,Low Risk,2,16
7830,31,India,30-06-2023,Suite,Agent,98,7217.64,0,50523.48,June,Medium Risk,1,19
7832,49,Germany,22-07-2023,Suite,Corporate,47,8184.31,0,57290.17,July,Low Risk,2,17
7833,23,USA,21-07-2023,Suite,Online,72,3293.95,1,36233.45,July,Medium Risk,1,15
7834,56,UK,31-05-2023,Suite,Agent,34,12281.79,1,36845.37,May,Low Risk,2,11
7837,43,USA,26-01-2023,Suite,Agent,48,6137.48,0,30687.4,January,Low Risk,1,8
7838,51,UAE,05-11-2023,Suite,Agent,157,9954.31,1,79634.48,November,High Risk,2,8
7844,27,UAE,09-12-2023,Suite,Corporate,124,14340.89,1,100386.23,December,High Risk,1,14
7846,64,UK,02-06-2023,Suite,Corporate,151,9667.47,1,48337.35,June,High Risk,1,12
7847,59,UK,03-07-2023,Suite,Agent,110,12144.62,1,48578.48,July,High Risk,2,13
7848,68,UAE,08-06-2023,Suite,Corporate,144,8445.48,1,118236.72,June,High Risk,2,1
7857,63,Germany,01-02-2023,Suite,Agent,123,2622.63,1,20981.04,February,High Risk,2,15
7858,67,India,07-06-2023,Suite,Agent,10,12893.55,0,116041.95,June,Low Risk,1,8
7859,19,UK,15-01-2023,Suite,Agent,94,10384.56,1,124614.72,January,Medium Risk,2,16
7860,53,Germany,14-11-2023,Suite,Corporate,119,11530.95,1,161433.3,November,High Risk,1,13
7863,30,USA,17-01-2023,Suite,Corporate,76,9664.91,0,125643.83,January,Medium Risk,2,16
7865,42,UAE,01-09-2023,Suite,Online,58,8666.29,1,43331.45,September,Medium Risk,1,16
7866,40,India,22-03-2023,Suite,Agent,152,8318.91,1,33275.64,March,High Risk,2,3
7868,43,UK,08-01-2023,Suite,Online,84,5166.84,0,36167.88,January,Medium Risk,1,20
7871,27,UAE,25-09-2023,Suite,Agent,36,4859.83,1,34018.81,September,Low Risk,1,6
7876,55,India,31-10-2023,Suite,Agent,162,7259.04,1,14518.08,October,High Risk,1,11
7877,58,UAE,24-03-2023,Suite,Agent,101,12024.2,1,156314.6,March,High Risk,1,5
7880,57,Germany,05-05-2023,Suite,Corporate,128,8703.28,1,113142.64,May,High Risk,2,8
7883,34,Germany,27-01-2023,Suite,Corporate,22,6619.34,0,79432.08,January,Low Risk,2,15
7889,26,UAE,20-06-2023,Suite,Agent,141,11684.51,1,70107.06,June,High Risk,2,9
7898,38,Germany,17-08-2023,Suite,Agent,27,11587.78,1,127465.58,August,Low Risk,1,5
7902,41,UAE,01-06-2023,Suite,Corporate,139,12407.41,1,49629.64,June,High Risk,1,3
7903,27,UAE,07-10-2023,Suite,Agent,113,2208.03,1,2208.03,October,High Risk,2,13
7907,59,Germany,30-07-2023,Suite,Online,69,8142.92,0,89572.12,July,Medium Risk,1,17
7911,62,UK,06-01-2023,Suite,Agent,97,8547.77,0,68382.16,January,Medium Risk,1,4
7912,35,Germany,05-09-2023,Suite,Corporate,101,9262.18,1,92621.8,September,High Risk,1,19
7913,34,India,17-08-2023,Suite,Online,171,5044.15,1,30264.9,August,High Risk,2,15
7915,31,UK,14-09-2023,Suite,Online,104,7648.06,1,91776.72,September,High Risk,2,12
7918,48,USA,11-12-2023,Suite,Corporate,159,4916.01,1,29496.06,December,High Risk,1,15
7924,61,UAE,19-05-2023,Suite,Online,83,13709.09,1,54836.36,May,Medium Risk,2,12
7929,32,India,19-11-2023,Suite,Agent,98,10424.92,1,41699.68,November,Medium Risk,1,5
7930,45,UK,17-05-2023,Suite,Agent,150,7536.23,1,45217.38,May,High Risk,1,6
7934,69,India,27-05-2023,Suite,Corporate,53,13369.04,0,26738.08,May,Medium Risk,1,10
7939,63,UK,03-05-2023,Suite,Online,47,14427.7,1,129849.3,May,Low Risk,2,9
7943,49,Germany,19-11-2023,Suite,Corporate,161,5683.63,1,68203.56,November,High Risk,1,1
7947,59,UK,02-04-2023,Suite,Online,75,11708.01,0,93664.08,April,Medium Risk,2,10
7949,34,Germany,24-05-2023,Suite,Online,125,7196.07,1,71960.7,May,High Risk,2,10
7951,50,Germany,11-11-2023,Suite,Agent,162,12163.32,1,109469.88,November,High Risk,2,6
7957,43,USA,27-06-2023,Suite,Corporate,149,9861.75,1,118341,June,High Risk,1,20
7958,52,USA,07-09-2023,Suite,Corporate,171,14872.94,1,148729.4,September,High Risk,1,12
7960,69,USA,24-02-2023,Suite,Corporate,70,4155.76,1,54024.88,February,Medium Risk,2,1
7962,24,UAE,01-04-2023,Suite,Online,103,6877.81,1,34389.05,April,High Risk,2,4
7965,53,UK,03-12-2023,Suite,Agent,172,2958.45,1,32542.95,December,High Risk,1,3
7966,33,UAE,18-06-2023,Suite,Corporate,19,2064.07,1,20640.7,June,Low Risk,2,11
7967,41,UAE,19-05-2023,Suite,Corporate,72,10828.45,0,32485.35,May,Medium Risk,2,16
7968,18,UAE,05-01-2023,Suite,Corporate,163,10638.55,1,106385.5,January,High Risk,2,14
7971,27,UK,03-07-2023,Suite,Agent,17,5679.16,0,17037.48,July,Low Risk,1,11
7972,33,India,25-09-2023,Suite,Corporate,96,7896.86,1,39484.3,September,Medium Risk,2,20
7976,56,UAE,27-11-2023,Suite,Agent,147,4678.53,1,14035.59,November,High Risk,2,20
7978,23,UK,28-01-2023,Suite,Agent,46,12910.97,0,154931.64,January,Low Risk,1,13
7982,24,USA,20-02-2023,Suite,Online,141,9879.62,1,108675.82,February,High Risk,2,20
7984,31,Germany,27-06-2023,Suite,Online,9,2489.93,0,22409.37,June,Low Risk,2,14
7986,43,UAE,16-07-2023,Suite,Online,141,9762.79,1,107390.69,July,High Risk,2,19
7987,43,Germany,24-09-2023,Suite,Online,41,4227.9,0,42279,September,Low Risk,1,19
7988,31,India,17-04-2023,Suite,Corporate,123,10468.89,1,104688.9,April,High Risk,2,15
7990,50,UAE,18-05-2023,Suite,Online,163,2269.62,1,13617.72,May,High Risk,1,3
7993,37,UAE,02-06-2023,Suite,Agent,138,10259.02,1,20518.04,June,High Risk,2,13
7996,21,USA,17-01-2023,Suite,Online,104,14388.45,1,43165.35,January,High Risk,2,8
8000,31,Germany,07-03-2023,Suite,Agent,63,2723.81,1,21790.48,March,Medium Risk,1,15
8004,29,USA,07-05-2023,Suite,Corporate,152,2725.91,1,13629.55,May,High Risk,2,1
8005,43,UK,11-05-2023,Suite,Corporate,85,9777.48,0,58664.88,May,Medium Risk,1,19
8006,61,Germany,18-01-2023,Suite,Agent,1,6975.55,0,76731.05,January,Low Risk,2,13
8009,31,UK,31-08-2023,Suite,Corporate,66,2574.2,0,18019.4,August,Medium Risk,2,11
8010,41,UAE,16-12-2023,Suite,Online,89,13254.48,0,119290.32,December,Medium Risk,1,20
8013,43,India,29-12-2023,Suite,Online,70,4603.31,1,4603.31,December,Medium Risk,2,9
8014,38,Germany,29-07-2023,Suite,Agent,136,3337.82,1,30040.38,July,High Risk,1,3
8021,26,UAE,13-05-2023,Suite,Agent,173,9871.9,1,118462.8,May,High Risk,1,4
8024,30,Germany,13-02-2023,Suite,Corporate,123,8156.86,1,73411.74,February,High Risk,2,4
8028,19,Germany,22-02-2023,Suite,Agent,77,6152.54,0,6152.54,February,Medium Risk,1,4
8030,37,UAE,28-04-2023,Suite,Online,16,7798.89,0,31195.56,April,Low Risk,2,17
8033,29,India,26-10-2023,Suite,Online,174,12990.14,1,181861.96,October,High Risk,1,17
8045,53,UK,27-03-2023,Suite,Corporate,19,8797.67,0,123167.38,March,Low Risk,1,11
8046,39,Germany,20-08-2023,Suite,Corporate,112,11297.32,1,158162.48,August,High Risk,1,16
8049,69,UAE,20-02-2023,Suite,Corporate,100,2821.23,0,8463.69,February,Medium Risk,1,4
8056,36,Germany,16-11-2023,Suite,Agent,29,9424.61,0,75396.88,November,Low Risk,1,10
8057,23,USA,01-01-2023,Suite,Online,4,5190.03,1,20760.12,January,Low Risk,2,4
8061,54,USA,28-03-2023,Suite,Corporate,116,6938.65,1,90202.45,March,High Risk,2,19
8072,32,UK,14-07-2023,Suite,Online,123,4171.41,1,12514.23,July,High Risk,2,2
8077,43,UAE,03-12-2023,Suite,Online,178,7682.57,1,15365.14,December,High Risk,1,10
8079,25,UAE,12-04-2023,Suite,Online,81,13082.52,0,39247.56,April,Medium Risk,2,15
8080,38,India,17-02-2023,Suite,Corporate,66,13137.45,1,26274.9,February,Medium Risk,2,14
8081,28,India,03-10-2023,Suite,Agent,53,4395.83,1,21979.15,October,Medium Risk,1,20
8085,41,Germany,31-12-2023,Suite,Agent,126,13556.91,1,54227.64,December,High Risk,1,10
8088,31,UAE,07-03-2023,Suite,Agent,93,14804.85,1,177658.2,March,Medium Risk,1,4
8090,29,UK,22-09-2023,Suite,Corporate,21,13273.07,0,119457.63,September,Low Risk,2,9
8091,55,India,17-08-2023,Suite,Corporate,48,12952.58,1,64762.9,August,Low Risk,1,10
8096,27,USA,20-05-2023,Suite,Corporate,36,7809.42,0,15618.84,May,Low Risk,1,18
8099,20,USA,11-01-2023,Suite,Corporate,152,9088.38,1,27265.14,January,High Risk,1,12
8100,48,UK,08-06-2023,Suite,Corporate,20,8263.54,1,49581.24,June,Low Risk,1,7
8105,21,Germany,08-06-2023,Suite,Corporate,169,6457.45,1,77489.4,June,High Risk,1,5
8108,51,UK,23-09-2023,Suite,Agent,174,4050.97,1,24305.82,September,High Risk,2,15
8109,59,UK,24-03-2023,Suite,Corporate,155,2527.69,1,7583.07,March,High Risk,2,3
8114,22,UAE,06-05-2023,Suite,Agent,176,9382.13,1,112585.56,May,High Risk,2,9
8115,36,India,25-04-2023,Suite,Online,131,3215.1,1,12860.4,April,High Risk,1,5
8116,19,Germany,02-04-2023,Suite,Agent,97,11564.98,0,57824.9,April,Medium Risk,2,20
8118,34,Germany,19-07-2023,Suite,Online,100,13915.1,1,139151,July,Medium Risk,2,17
8119,27,UAE,26-07-2023,Suite,Corporate,63,9297.68,0,120869.84,July,Medium Risk,2,18
8121,23,India,07-08-2023,Suite,Online,79,12760.95,1,12760.95,August,Medium Risk,2,15
8128,25,India,21-06-2023,Suite,Corporate,126,13685.39,1,95797.73,June,High Risk,2,14
8129,28,UAE,17-03-2023,Suite,Agent,78,9607.57,1,38430.28,March,Medium Risk,2,1
8132,38,UK,15-04-2023,Suite,Agent,173,9220.06,1,64540.42,April,High Risk,2,19
8133,37,UK,26-01-2023,Suite,Online,38,10924.87,0,142023.31,January,Low Risk,2,20
8135,25,India,20-03-2023,Suite,Online,36,4269.79,1,55507.27,March,Low Risk,1,15
8136,53,UK,08-05-2023,Suite,Online,168,7671.07,1,30684.28,May,High Risk,2,1
8140,31,USA,28-02-2023,Suite,Agent,67,13826.87,0,27653.74,February,Medium Risk,2,9
8144,39,UK,03-12-2023,Suite,Corporate,46,14942,0,59768,December,Low Risk,2,7
8146,61,Germany,30-09-2023,Suite,Agent,125,10624.59,1,31873.77,September,High Risk,2,13
8150,37,India,30-05-2023,Suite,Agent,175,8637.01,1,120918.14,May,High Risk,1,5
8155,18,India,15-09-2023,Suite,Online,91,13190.1,1,13190.1,September,Medium Risk,1,14
8156,43,UAE,14-02-2023,Suite,Agent,172,14272.61,1,85635.66,February,High Risk,2,16
8158,55,Germany,07-11-2023,Suite,Online,173,3899.02,1,42889.22,November,High Risk,2,2
8159,61,Germany,09-06-2023,Suite,Agent,37,8085.39,1,32341.56,June,Low Risk,2,6
8166,67,USA,27-07-2023,Suite,Corporate,120,12529.32,1,175410.48,July,High Risk,1,2
8173,23,Germany,04-03-2023,Suite,Agent,6,11853.1,0,154090.3,March,Low Risk,1,16
8176,41,UAE,26-12-2023,Suite,Online,62,11787.27,0,70723.62,December,Medium Risk,1,10
8178,35,UAE,14-05-2023,Suite,Online,74,3071.51,0,3071.51,May,Medium Risk,2,5
8181,49,India,21-12-2023,Suite,Agent,170,10495.66,1,52478.3,December,High Risk,2,8
8186,27,UK,18-11-2023,Suite,Corporate,166,14760.73,1,44282.19,November,High Risk,2,15
8188,69,UK,09-07-2023,Suite,Corporate,114,8510.4,1,102124.8,July,High Risk,2,2
8189,59,Germany,14-12-2023,Suite,Corporate,155,8876.13,1,97637.43,December,High Risk,1,2
8193,42,Germany,17-06-2023,Suite,Corporate,61,10808.68,0,129704.16,June,Medium Risk,1,18
8194,28,Germany,19-08-2023,Suite,Online,128,8203.58,1,73832.22,August,High Risk,2,1
8195,40,USA,30-05-2023,Suite,Online,152,12205.01,1,122050.1,May,High Risk,2,11
8200,46,Germany,15-04-2023,Suite,Corporate,156,12216.19,1,24432.38,April,High Risk,2,5
8208,64,USA,26-04-2023,Suite,Agent,41,12345.13,0,86415.91,April,Low Risk,2,17
8210,54,India,06-03-2023,Suite,Online,27,7113.11,1,21339.33,March,Low Risk,1,8
8212,37,Germany,13-07-2023,Suite,Agent,60,3611.83,0,7223.66,July,Medium Risk,1,20
8215,67,UK,02-11-2023,Suite,Online,172,2566.01,1,35924.14,November,High Risk,2,16
8218,41,UK,23-10-2023,Suite,Online,138,14625.65,1,87753.9,October,High Risk,1,20
8219,25,UK,08-02-2023,Suite,Agent,165,6185.87,1,24743.48,February,High Risk,2,11
8221,61,UK,18-06-2023,Suite,Agent,122,14160.1,1,14160.1,June,High Risk,2,4
8222,27,USA,09-03-2023,Suite,Agent,139,13886.05,1,124974.45,March,High Risk,1,19
8224,69,India,26-03-2023,Suite,Agent,136,6401.68,1,89623.52,March,High Risk,2,11
8225,66,India,18-07-2023,Suite,Corporate,149,3463.41,1,6926.82,July,High Risk,1,16
8226,28,Germany,12-05-2023,Suite,Agent,165,14213.41,1,113707.28,May,High Risk,1,9
8237,36,India,21-02-2023,Suite,Corporate,65,8015.03,1,16030.06,February,Medium Risk,1,2
8239,54,Germany,21-01-2023,Suite,Corporate,132,4312.31,1,4312.31,January,High Risk,1,18
8244,18,India,04-12-2023,Suite,Online,82,9269.06,0,64883.42,December,Medium Risk,1,5
8249,35,UAE,01-08-2023,Suite,Online,73,10265.8,0,92392.2,August,Medium Risk,2,8
8251,22,UAE,01-03-2023,Suite,Agent,33,5227.96,1,47051.64,March,Low Risk,2,12
8254,30,UAE,06-05-2023,Suite,Agent,2,4769.16,0,61999.08,May,Low Risk,2,16
8257,20,UAE,01-02-2023,Suite,Corporate,3,12441.96,0,37325.88,February,Low Risk,1,2
8259,57,UK,18-09-2023,Suite,Online,153,12363.11,1,160720.43,September,High Risk,1,10
8260,29,Germany,12-12-2023,Suite,Online,130,7845.02,1,78450.2,December,High Risk,1,10
8262,28,UAE,24-11-2023,Suite,Corporate,176,7538.71,1,60309.68,November,High Risk,1,12
8265,35,UK,11-11-2023,Suite,Corporate,13,3473.28,0,24312.96,November,Low Risk,2,2
8268,39,UK,23-12-2023,Suite,Corporate,85,6309.07,0,88326.98,December,Medium Risk,1,15
8277,33,India,29-01-2023,Suite,Corporate,162,5294.3,1,10588.6,January,High Risk,1,2
8278,40,Germany,24-05-2023,Suite,Corporate,82,8711.84,1,26135.52,May,Medium Risk,1,15
8286,28,India,17-09-2023,Suite,Corporate,50,13715.83,1,13715.83,September,Low Risk,2,18
8287,27,UK,25-03-2023,Suite,Online,153,6354.79,1,88967.06,March,High Risk,1,6
8289,30,UK,14-12-2023,Suite,Corporate,153,9019.22,1,45096.1,December,High Risk,1,7
8300,32,Germany,03-09-2023,Suite,Corporate,12,11633.71,1,11633.71,September,Low Risk,2,11
8301,65,Germany,12-06-2023,Suite,Online,154,5296.31,1,37074.17,June,High Risk,1,18
8304,23,UK,09-10-2023,Suite,Agent,57,8242.33,0,107150.29,October,Medium Risk,1,11
8305,18,UK,21-08-2023,Suite,Corporate,56,9920.4,0,99204,August,Medium Risk,1,6
8319,56,India,04-04-2023,Suite,Corporate,92,3057.74,0,6115.48,April,Medium Risk,2,14
8325,21,UAE,21-09-2023,Suite,Corporate,140,2655.69,1,34523.97,September,High Risk,1,19
8327,33,USA,19-06-2023,Suite,Agent,61,6004.06,0,66044.66,June,Medium Risk,2,4
8328,48,India,06-12-2023,Suite,Online,110,6737,1,40422,December,High Risk,2,19
8335,65,UK,23-05-2023,Suite,Corporate,20,6271.17,0,81525.21,May,Low Risk,1,16
8339,29,UAE,03-04-2023,Suite,Online,137,12980.27,1,77881.62,April,High Risk,2,11
8341,69,UK,07-11-2023,Suite,Corporate,41,7731.7,0,61853.6,November,Low Risk,1,11
8342,45,USA,13-03-2023,Suite,Agent,58,13060.8,1,78364.8,March,Medium Risk,2,7
8347,51,UK,23-12-2023,Suite,Corporate,129,12225.11,1,171151.54,December,High Risk,2,18
8350,59,Germany,20-11-2023,Suite,Agent,156,11884.85,1,23769.7,November,High Risk,2,6
8352,65,USA,25-12-2023,Suite,Online,88,12236.26,0,97890.08,December,Medium Risk,2,19
8353,31,India,02-07-2023,Suite,Online,167,7907.48,1,94889.76,July,High Risk,2,7
8354,28,UAE,16-07-2023,Suite,Corporate,98,11619.25,1,23238.5,July,Medium Risk,2,5
8358,50,India,23-03-2023,Suite,Corporate,177,13817.5,1,96722.5,March,High Risk,2,9
8360,58,UAE,22-08-2023,Suite,Online,135,5114.35,1,66486.55,August,High Risk,1,17
8361,25,India,31-12-2023,Suite,Agent,99,5149.84,1,56648.24,December,Medium Risk,1,7
8362,54,UAE,02-06-2023,Suite,Corporate,54,5147.15,1,66912.95,June,Medium Risk,2,11
8365,60,USA,01-08-2023,Suite,Corporate,73,13578.94,0,67894.7,August,Medium Risk,2,15
8369,22,UK,27-10-2023,Suite,Agent,152,11345.37,1,34036.11,October,High Risk,2,7
8379,57,UAE,24-12-2023,Suite,Agent,24,11463.86,0,114638.6,December,Low Risk,1,18
8387,20,USA,28-10-2023,Suite,Online,128,13746.63,1,68733.15,October,High Risk,1,6
8388,26,UK,14-10-2023,Suite,Online,139,5529.41,1,38705.87,October,High Risk,2,19
8389,35,UAE,18-05-2023,Suite,Online,151,4899.82,1,14699.46,May,High Risk,1,18
8394,31,Germany,31-01-2023,Suite,Corporate,130,10562.37,1,21124.74,January,High Risk,2,8
8396,46,India,01-10-2023,Suite,Agent,148,4829.31,1,53122.41,October,High Risk,2,10
8398,62,India,25-12-2023,Suite,Online,148,12485.26,1,87396.82,December,High Risk,1,16
8400,32,UAE,03-01-2023,Suite,Agent,152,2954.27,1,5908.54,January,High Risk,2,9
8402,59,India,13-03-2023,Suite,Online,123,2521.95,1,12609.75,March,High Risk,1,5
8404,29,Germany,10-05-2023,Suite,Online,32,3221.81,1,41883.53,May,Low Risk,1,3
8408,59,Germany,08-08-2023,Suite,Online,116,13191.15,1,145102.65,August,High Risk,1,13
8410,56,Germany,10-05-2023,Suite,Online,19,10715.87,1,139306.31,May,Low Risk,2,1
8415,44,India,29-11-2023,Suite,Agent,36,11220.79,1,11220.79,November,Low Risk,1,1
8418,63,India,23-12-2023,Suite,Agent,133,5903.58,1,29517.9,December,High Risk,2,2
8419,59,USA,16-02-2023,Suite,Corporate,100,7164.12,0,7164.12,February,Medium Risk,1,6
8422,66,Germany,11-09-2023,Suite,Agent,71,13542.21,1,40626.63,September,Medium Risk,1,6
8427,66,UK,27-01-2023,Suite,Agent,45,8544.04,0,76896.36,January,Low Risk,1,11
8428,26,Germany,28-02-2023,Suite,Agent,57,5360.93,0,64331.16,February,Medium Risk,2,17
8432,19,Germany,08-05-2023,Suite,Agent,136,5396.96,1,37778.72,May,High Risk,1,2
8435,57,Germany,05-12-2023,Suite,Corporate,107,8099.88,1,56699.16,December,High Risk,1,7
8437,64,Germany,23-01-2023,Suite,Online,17,3684.79,1,14739.16,January,Low Risk,1,12
8439,64,UAE,06-07-2023,Suite,Corporate,48,5978.95,0,65768.45,July,Low Risk,2,8
8441,65,India,11-06-2023,Suite,Corporate,116,5298.04,1,74172.56,June,High Risk,2,17
8442,68,USA,13-04-2023,Suite,Agent,129,14564.11,1,43692.33,April,High Risk,2,16
8443,60,UK,31-08-2023,Suite,Corporate,156,2651.75,1,29169.25,August,High Risk,2,12
8445,41,UK,28-12-2023,Suite,Online,153,13836.67,1,13836.67,December,High Risk,1,18
8446,66,India,21-06-2023,Suite,Online,178,8107.93,1,16215.86,June,High Risk,1,5
8449,64,India,11-07-2023,Suite,Online,99,2881.86,0,17291.16,July,Medium Risk,1,6
8452,44,UAE,24-12-2023,Suite,Agent,120,12818.31,1,89728.17,December,High Risk,1,4
8454,33,USA,03-10-2023,Suite,Online,36,9368.21,0,46841.05,October,Low Risk,1,17
8455,47,UK,16-05-2023,Suite,Corporate,124,4117.98,1,28825.86,May,High Risk,2,1
8459,20,India,05-10-2023,Suite,Corporate,119,12007.42,1,108066.78,October,High Risk,1,1
8460,39,USA,11-03-2023,Suite,Corporate,115,12946.1,1,25892.2,March,High Risk,2,19
8464,67,UAE,18-04-2023,Suite,Online,163,11687.21,1,81810.47,April,High Risk,1,16
8467,38,India,22-01-2023,Suite,Online,29,8972.44,1,35889.76,January,Low Risk,2,11
8474,32,USA,26-11-2023,Suite,Agent,91,7940,1,63520,November,Medium Risk,2,8
8483,54,Germany,30-10-2023,Suite,Agent,89,7232.13,0,57857.04,October,Medium Risk,2,6
8495,62,USA,13-03-2023,Suite,Online,144,7496.21,1,44977.26,March,High Risk,2,10
8496,61,UK,31-08-2023,Suite,Corporate,169,4228.95,1,42289.5,August,High Risk,1,12
8498,61,UAE,30-03-2023,Suite,Corporate,110,3973.86,1,27817.02,March,High Risk,2,13
8504,49,Germany,10-02-2023,Suite,Online,7,2228.49,0,6685.47,February,Low Risk,2,15
8507,30,India,28-06-2023,Suite,Online,97,5632.11,1,22528.44,June,Medium Risk,2,13
8510,27,Germany,11-04-2023,Suite,Agent,107,12436.6,1,161675.8,April,High Risk,2,8
8511,27,UAE,31-01-2023,Suite,Corporate,35,12188.68,0,85320.76,January,Low Risk,1,1
8516,25,UAE,19-05-2023,Suite,Corporate,142,12163.65,1,133800.15,May,High Risk,1,18
8518,45,Germany,29-04-2023,Suite,Agent,47,6518.55,0,84741.15,April,Low Risk,2,11
8521,31,India,12-10-2023,Suite,Agent,74,2100.43,0,23104.73,October,Medium Risk,1,15
8524,38,Germany,07-01-2023,Suite,Agent,81,12270.52,1,159516.76,January,Medium Risk,1,8
8526,26,Germany,07-05-2023,Suite,Agent,54,2337.8,1,30391.4,May,Medium Risk,1,19
8527,34,UK,18-03-2023,Suite,Corporate,31,3875.73,0,38757.3,March,Low Risk,1,1
8537,50,India,03-04-2023,Suite,Agent,91,7497.82,1,52484.74,April,Medium Risk,2,20
8539,31,Germany,01-10-2023,Suite,Corporate,111,4691.45,1,18765.8,October,High Risk,2,1
8540,50,UAE,28-06-2023,Suite,Corporate,139,13147.07,1,184058.98,June,High Risk,2,6
8541,46,India,09-05-2023,Suite,Agent,168,11275.85,1,56379.25,May,High Risk,2,2
8545,61,UK,01-03-2023,Suite,Corporate,39,5750.76,0,57507.6,March,Low Risk,1,17
8551,44,India,26-04-2023,Suite,Agent,29,9556.3,1,95563,April,Low Risk,1,13
8552,38,USA,02-09-2023,Suite,Online,40,9503.76,1,19007.52,September,Low Risk,2,1
8553,45,UAE,28-05-2023,Suite,Online,43,4447.01,0,57811.13,May,Low Risk,1,10
8554,33,USA,02-04-2023,Suite,Online,36,14895.11,1,178741.32,April,Low Risk,1,8
8556,40,Germany,28-03-2023,Suite,Online,133,10633.89,1,106338.9,March,High Risk,2,7
8557,69,USA,30-04-2023,Suite,Corporate,82,5859.31,1,41015.17,April,Medium Risk,2,20
8558,37,USA,06-12-2023,Suite,Online,123,10454.97,1,10454.97,December,High Risk,2,15
8562,22,UAE,08-12-2023,Suite,Agent,25,3932.82,0,19664.1,December,Low Risk,1,4
8563,38,USA,28-09-2023,Suite,Agent,144,4376.76,1,17507.04,September,High Risk,2,17
8568,36,UK,21-08-2023,Suite,Agent,82,9734.33,0,116811.96,August,Medium Risk,1,10
8575,52,UAE,21-04-2023,Suite,Agent,74,4643.86,0,37150.88,April,Medium Risk,1,13
8576,58,Germany,15-11-2023,Suite,Agent,24,8898.99,0,88989.9,November,Low Risk,1,3
8577,57,UK,14-12-2023,Suite,Corporate,123,4026.16,1,40261.6,December,High Risk,1,11
8578,20,UAE,25-05-2023,Suite,Agent,82,9860.87,1,98608.7,May,Medium Risk,1,2
8583,37,India,02-04-2023,Suite,Corporate,39,7513.85,0,90166.2,April,Low Risk,1,15
8584,69,Germany,12-11-2023,Suite,Corporate,174,7816.91,1,62535.28,November,High Risk,2,5
8600,36,Germany,19-01-2023,Suite,Corporate,97,9572.99,0,86156.91,January,Medium Risk,1,12
8606,34,India,26-08-2023,Suite,Corporate,16,9704.26,0,48521.3,August,Low Risk,2,4
8613,22,UK,27-05-2023,Suite,Agent,62,2862.76,0,5725.52,May,Medium Risk,1,20
8616,24,USA,12-02-2023,Suite,Agent,149,4274.26,1,59839.64,February,High Risk,2,3
8622,21,UAE,13-12-2023,Suite,Agent,132,13618.68,1,40856.04,December,High Risk,1,2
8623,55,Germany,27-10-2023,Suite,Online,28,3774.43,0,7548.86,October,Low Risk,1,14
8628,21,India,08-11-2023,Suite,Online,151,8510.44,1,76593.96,November,High Risk,1,8
8630,46,Germany,14-10-2023,Suite,Online,148,11650.21,1,93201.68,October,High Risk,2,2
8639,36,USA,22-08-2023,Suite,Online,132,8031.94,1,104415.22,August,High Risk,1,7
8641,35,India,01-09-2023,Suite,Corporate,131,6159.3,1,80070.9,September,High Risk,2,10
8651,49,UAE,17-07-2023,Suite,Agent,109,9563.06,1,47815.3,July,High Risk,1,16
8658,44,Germany,24-09-2023,Suite,Agent,94,10184.34,0,40737.36,September,Medium Risk,2,8
8659,36,USA,26-04-2023,Suite,Online,161,13024.9,1,104199.2,April,High Risk,1,20
8661,29,USA,19-08-2023,Suite,Agent,27,2458.68,0,22128.12,August,Low Risk,2,3
8664,38,Germany,21-10-2023,Suite,Agent,163,4725.19,1,23625.95,October,High Risk,1,16
8665,66,USA,04-04-2023,Suite,Corporate,162,2671.3,1,16027.8,April,High Risk,2,19
8666,62,UK,05-02-2023,Suite,Corporate,168,11819.89,1,94559.12,February,High Risk,1,6
8676,49,Germany,01-10-2023,Suite,Corporate,35,8924.52,0,116018.76,October,Low Risk,1,16
8678,45,India,18-12-2023,Suite,Corporate,153,12646.09,1,151753.08,December,High Risk,2,17
8686,48,UK,27-10-2023,Suite,Corporate,89,5698.61,0,79780.54,October,Medium Risk,2,9
8688,24,UK,22-12-2023,Suite,Corporate,71,3426.24,0,20557.44,December,Medium Risk,1,4
8689,53,UK,28-08-2023,Suite,Online,79,12663.05,0,113967.45,August,Medium Risk,2,15
8690,35,India,21-02-2023,Suite,Agent,33,10047.5,0,100475,February,Low Risk,1,15
8692,26,Germany,15-03-2023,Suite,Agent,26,9088.58,0,90885.8,March,Low Risk,2,8
8693,26,India,22-10-2023,Suite,Corporate,163,5769.46,1,75002.98,October,High Risk,2,8
8695,25,UAE,16-06-2023,Suite,Corporate,105,5012.55,1,60150.6,June,High Risk,1,18
8700,31,Germany,13-09-2023,Suite,Agent,177,5439.24,1,54392.4,September,High Risk,1,20
8701,45,India,05-10-2023,Suite,Agent,112,14837.12,1,133534.08,October,High Risk,2,18
8702,47,Germany,04-01-2023,Suite,Agent,69,10137.47,1,40549.88,January,Medium Risk,2,7
8704,56,UAE,31-07-2023,Suite,Online,89,5677.91,0,5677.91,July,Medium Risk,2,10
8707,45,UK,16-01-2023,Suite,Online,160,5577.49,1,50197.41,January,High Risk,2,16
8712,39,USA,19-01-2023,Suite,Online,150,6597.14,1,65971.4,January,High Risk,2,5
8713,48,UK,21-11-2023,Suite,Online,86,14687.66,1,88125.96,November,Medium Risk,1,4
8715,65,India,18-09-2023,Suite,Online,87,6088.09,1,54792.81,September,Medium Risk,2,5
8720,41,USA,26-12-2023,Suite,Online,145,7453.61,1,37268.05,December,High Risk,2,3
8723,24,India,31-07-2023,Suite,Agent,93,8357.43,1,58502.01,July,Medium Risk,2,13
8724,48,UK,25-08-2023,Suite,Online,129,12484.91,1,162303.83,August,High Risk,1,19
8726,59,India,16-01-2023,Suite,Online,7,6427.11,1,25708.44,January,Low Risk,1,19
8729,67,USA,03-01-2023,Suite,Agent,169,5844.35,1,64287.85,January,High Risk,1,16
8734,35,UAE,16-03-2023,Suite,Online,108,2626.75,1,23640.75,March,High Risk,2,19
8735,19,UK,09-02-2023,Suite,Agent,87,2994.93,0,11979.72,February,Medium Risk,1,10
8736,27,India,29-10-2023,Suite,Corporate,160,3663.4,1,14653.6,October,High Risk,1,16
8741,21,USA,18-01-2023,Suite,Corporate,106,2257.64,1,27091.68,January,High Risk,1,13
8746,56,USA,22-08-2023,Suite,Agent,40,8649.76,0,103797.12,August,Low Risk,1,15
8748,23,UK,14-04-2023,Suite,Agent,161,4489.15,1,17956.6,April,High Risk,1,13
8751,62,India,02-02-2023,Suite,Agent,159,13271.1,1,185795.4,February,High Risk,1,7
8754,61,UAE,27-06-2023,Suite,Online,117,14829.7,1,207615.8,June,High Risk,1,6
8756,31,UAE,17-12-2023,Suite,Corporate,171,14510.1,1,87060.6,December,High Risk,1,17
8758,67,India,05-11-2023,Suite,Online,83,12749.83,0,152997.96,November,Medium Risk,1,8
8759,54,Germany,26-09-2023,Suite,Agent,36,3622.8,0,25359.6,September,Low Risk,1,2
8762,20,USA,06-09-2023,Suite,Corporate,13,3007.04,1,30070.4,September,Low Risk,1,9
8767,68,UK,18-11-2023,Suite,Online,176,6215.96,1,68375.56,November,High Risk,2,20
8768,20,UAE,05-02-2023,Suite,Corporate,97,8582.48,0,25747.44,February,Medium Risk,1,4
8772,34,UAE,23-10-2023,Suite,Corporate,74,3001.72,1,39022.36,October,Medium Risk,2,15
8773,24,USA,24-11-2023,Suite,Online,154,7814.07,1,39070.35,November,High Risk,2,8
8778,56,USA,09-05-2023,Suite,Corporate,130,8296.6,1,107855.8,May,High Risk,1,17
8782,23,UK,27-11-2023,Suite,Agent,38,7492.97,0,37464.85,November,Low Risk,1,14
8783,36,UK,26-05-2023,Suite,Corporate,3,13016.99,0,182237.86,May,Low Risk,2,5
8784,22,UK,29-09-2023,Suite,Online,29,2557,1,25570,September,Low Risk,2,20
8786,27,USA,07-10-2023,Suite,Online,50,9684.05,0,87156.45,October,Low Risk,2,18
8789,30,USA,31-08-2023,Suite,Agent,112,14208.4,1,142084,August,High Risk,2,20
8790,36,India,20-07-2023,Suite,Agent,116,2311.04,1,11555.2,July,High Risk,1,16
8791,38,USA,28-06-2023,Suite,Corporate,59,3012.89,0,15064.45,June,Medium Risk,1,11
8794,21,USA,22-04-2023,Suite,Agent,14,8120.27,0,64962.16,April,Low Risk,1,12
8796,52,UAE,04-12-2023,Suite,Online,123,13473.35,1,13473.35,December,High Risk,1,14
8800,57,UK,13-03-2023,Suite,Online,163,2332.61,1,9330.44,March,High Risk,2,17
8807,30,UAE,10-06-2023,Suite,Agent,9,3051.24,0,42717.36,June,Low Risk,2,19
8808,21,Germany,30-05-2023,Suite,Corporate,89,11155.73,0,100401.57,May,Medium Risk,1,12
8812,44,USA,10-12-2023,Suite,Agent,19,8444.33,1,92887.63,December,Low Risk,1,12
8813,23,USA,17-09-2023,Suite,Online,110,11013.35,1,154186.9,September,High Risk,1,15
8814,34,UK,18-11-2023,Suite,Agent,68,12530.37,0,50121.48,November,Medium Risk,1,17
8816,57,USA,20-04-2023,Suite,Online,88,2758.34,1,24825.06,April,Medium Risk,2,1
8822,30,Germany,19-07-2023,Suite,Corporate,132,2571.77,1,30861.24,July,High Risk,1,13
8827,60,Germany,01-02-2023,Suite,Online,54,6879.06,0,96306.84,February,Medium Risk,1,16
8828,43,UAE,29-09-2023,Suite,Online,60,2835.75,0,36864.75,September,Medium Risk,1,10
8829,39,UAE,20-11-2023,Suite,Agent,100,8843.46,1,44217.3,November,Medium Risk,2,8
8832,20,UK,12-11-2023,Suite,Agent,23,6191.51,0,37149.06,November,Low Risk,2,7
8833,52,UAE,19-03-2023,Suite,Agent,53,5040.28,1,40322.24,March,Medium Risk,2,15
8834,29,Germany,17-03-2023,Suite,Agent,148,6707.27,1,46950.89,March,High Risk,1,11
8843,29,USA,14-03-2023,Suite,Corporate,148,2251.49,1,11257.45,March,High Risk,2,14
8857,59,USA,16-10-2023,Suite,Corporate,81,4433.09,0,44330.9,October,Medium Risk,2,8
8863,28,USA,26-01-2023,Suite,Online,84,5244.88,1,47203.92,January,Medium Risk,2,19
8880,62,India,04-05-2023,Suite,Corporate,12,11934.19,1,131276.09,May,Low Risk,2,5
8881,28,India,13-09-2023,Suite,Agent,40,9769.02,1,87921.18,September,Low Risk,2,8
8883,40,USA,25-07-2023,Suite,Agent,40,7888.63,0,110440.82,July,Low Risk,2,10
8884,44,UK,16-02-2023,Suite,Corporate,74,6795.69,0,67956.9,February,Medium Risk,1,20
8887,55,USA,16-12-2023,Suite,Online,34,13299.69,0,93097.83,December,Low Risk,1,11
8888,19,India,03-05-2023,Suite,Online,162,8094.81,1,97137.72,May,High Risk,1,18
8889,39,UAE,31-01-2023,Suite,Corporate,66,10700.53,1,96304.77,January,Medium Risk,1,13
8892,32,Germany,13-10-2023,Suite,Agent,93,12909.15,0,25818.3,October,Medium Risk,1,17
8895,25,Germany,12-10-2023,Suite,Online,83,7235.7,0,7235.7,October,Medium Risk,1,10
8898,69,India,05-02-2023,Suite,Online,3,9971.54,1,109686.94,February,Low Risk,1,11
8899,50,UAE,11-09-2023,Suite,Online,167,13519.62,1,189274.68,September,High Risk,1,2
8900,39,Germany,11-06-2023,Suite,Corporate,170,10442.9,1,31328.7,June,High Risk,2,18
8901,67,USA,21-01-2023,Suite,Corporate,57,10340.51,0,113745.61,January,Medium Risk,2,1
8905,35,USA,27-06-2023,Suite,Agent,21,9492.45,0,132894.3,June,Low Risk,2,15
8906,55,Germany,06-02-2023,Suite,Online,3,13743.85,1,27487.7,February,Low Risk,1,19
8909,68,USA,01-01-2023,Suite,Agent,34,7786.67,0,101226.71,January,Low Risk,2,18
8915,61,USA,20-06-2023,Suite,Online,63,2257.64,0,2257.64,June,Medium Risk,2,4
8917,40,Germany,03-11-2023,Suite,Corporate,170,14602.9,1,131426.1,November,High Risk,2,12
8919,33,UAE,23-05-2023,Suite,Online,2,12853.05,0,154236.6,May,Low Risk,1,16
8920,55,USA,08-01-2023,Suite,Agent,58,3193.4,0,41514.2,January,Medium Risk,1,11
8923,45,India,07-01-2023,Suite,Agent,63,10463.32,1,146486.48,January,Medium Risk,2,14
8925,47,India,12-01-2023,Suite,Agent,59,10263.7,0,61582.2,January,Medium Risk,1,16
8927,58,USA,15-12-2023,Suite,Online,169,13800.15,1,55200.6,December,High Risk,1,5
8935,44,USA,06-10-2023,Suite,Online,105,8264.29,1,115700.06,October,High Risk,2,2
8940,24,Germany,25-02-2023,Suite,Corporate,23,6234.17,0,68575.87,February,Low Risk,2,15
8944,22,UK,28-03-2023,Suite,Agent,39,6363.35,0,57270.15,March,Low Risk,2,19
8945,40,Germany,10-09-2023,Suite,Agent,25,8036.42,0,40182.1,September,Low Risk,1,8
8946,45,USA,06-07-2023,Suite,Online,172,8395.3,1,58767.1,July,High Risk,1,6
8947,51,USA,21-08-2023,Suite,Online,29,2305.25,1,32273.5,August,Low Risk,1,12
8949,49,UAE,12-08-2023,Suite,Online,110,3001.42,1,33015.62,August,High Risk,1,14
8950,43,Germany,06-12-2023,Suite,Agent,72,6248.93,1,49991.44,December,Medium Risk,1,15
8951,65,UAE,04-01-2023,Suite,Corporate,87,14681.14,0,44043.42,January,Medium Risk,1,2
8955,46,India,21-05-2023,Suite,Corporate,136,4631.39,1,60208.07,May,High Risk,2,19
8960,46,UAE,10-02-2023,Suite,Agent,139,6339.99,1,19019.97,February,High Risk,2,11
8966,44,India,26-04-2023,Suite,Agent,73,14812.5,0,177750,April,Medium Risk,1,17
8969,56,UAE,27-09-2023,Suite,Corporate,64,12434.12,0,99472.96,September,Medium Risk,1,1
8970,48,UK,15-12-2023,Suite,Corporate,161,7114.69,1,78261.59,December,High Risk,2,10
8978,35,India,10-01-2023,Suite,Corporate,107,13792.6,1,82755.6,January,High Risk,1,13
8979,18,Germany,25-01-2023,Suite,Agent,175,13395.56,1,13395.56,January,High Risk,2,4
8982,48,India,11-01-2023,Suite,Agent,67,10599.78,0,52998.9,January,Medium Risk,2,12
8986,42,Germany,24-03-2023,Suite,Online,144,14744.08,1,206417.12,March,High Risk,1,1
8989,37,UK,18-09-2023,Suite,Online,40,5533.22,0,60865.42,September,Low Risk,1,19
8993,35,Germany,30-03-2023,Suite,Agent,76,10670.49,0,53352.45,March,Medium Risk,2,16
8994,61,USA,15-01-2023,Suite,Agent,73,4197.94,0,4197.94,January,Medium Risk,1,5
8998,19,UK,30-11-2023,Suite,Agent,147,13975.1,1,83850.6,November,High Risk,2,10
9001,48,USA,17-05-2023,Suite,Corporate,92,6383.24,0,12766.48,May,Medium Risk,1,19
9002,27,Germany,18-11-2023,Suite,Online,71,13075,0,52300,November,Medium Risk,2,10
9004,29,USA,04-08-2023,Suite,Online,88,6800.97,1,34004.85,August,Medium Risk,1,14
9007,66,USA,03-09-2023,Suite,Online,140,2098.82,1,16790.56,September,High Risk,2,19
9009,23,Germany,24-12-2023,Suite,Corporate,76,13362.93,0,53451.72,December,Medium Risk,1,14
9012,20,India,20-10-2023,Suite,Agent,93,13057.75,0,182808.5,October,Medium Risk,2,7
9014,22,UK,23-03-2023,Suite,Online,134,13220.21,1,105761.68,March,High Risk,1,1
9015,63,USA,08-12-2023,Suite,Agent,54,9470.87,0,28412.61,December,Medium Risk,1,3
9017,38,Germany,03-11-2023,Suite,Agent,75,9732.65,0,126524.45,November,Medium Risk,2,17
9020,55,USA,25-05-2023,Suite,Online,105,5068.75,1,35481.25,May,High Risk,1,1
9021,61,Germany,06-03-2023,Suite,Corporate,144,9540.7,1,133569.8,March,High Risk,1,9
9022,43,UK,09-01-2023,Suite,Online,76,7218.27,0,86619.24,January,Medium Risk,2,16
9023,25,India,23-12-2023,Suite,Online,128,9036.76,1,36147.04,December,High Risk,2,20
9025,32,USA,07-06-2023,Suite,Online,110,8029.69,1,80296.9,June,High Risk,1,19
9031,69,UAE,28-02-2023,Suite,Agent,12,9163.15,0,73305.2,February,Low Risk,1,11
9033,48,Germany,11-12-2023,Suite,Agent,61,13684.52,1,27369.04,December,Medium Risk,1,4
9036,60,UAE,12-12-2023,Suite,Agent,40,4836.43,0,58037.16,December,Low Risk,2,12
9037,38,India,09-10-2023,Suite,Agent,54,2864.88,1,5729.76,October,Medium Risk,1,18
9040,55,Germany,17-01-2023,Suite,Corporate,134,4633.41,1,23167.05,January,High Risk,2,6
9041,43,UK,20-11-2023,Suite,Agent,1,6061.12,0,48488.96,November,Low Risk,1,9
9043,63,India,09-01-2023,Suite,Agent,155,13996.58,1,27993.16,January,High Risk,1,10
9045,28,USA,14-02-2023,Suite,Agent,93,6573.54,0,19720.62,February,Medium Risk,2,1
9046,25,UAE,27-11-2023,Suite,Agent,57,5356.01,0,32136.06,November,Medium Risk,2,4
9049,24,USA,20-05-2023,Suite,Corporate,103,6076.9,1,48615.2,May,High Risk,2,1
9056,25,India,29-11-2023,Suite,Online,47,14377.16,0,57508.64,November,Low Risk,1,11
9059,67,India,12-10-2023,Suite,Agent,136,7779.86,1,108918.04,October,High Risk,1,4
9061,65,UAE,25-11-2023,Suite,Corporate,26,10151.46,0,142120.44,November,Low Risk,1,2
9064,47,UK,21-10-2023,Suite,Agent,138,14910.93,1,74554.65,October,High Risk,2,19
9069,53,UAE,23-02-2023,Suite,Online,176,10590.78,1,63544.68,February,High Risk,1,18
9074,24,USA,23-06-2023,Suite,Online,142,8645.19,1,60516.33,June,High Risk,2,19
9075,40,India,08-07-2023,Suite,Agent,47,11952.42,0,95619.36,July,Low Risk,2,5
9077,57,India,06-09-2023,Suite,Online,45,10527.25,1,10527.25,September,Low Risk,1,9
9090,30,Germany,05-06-2023,Suite,Agent,89,3018.8,1,12075.2,June,Medium Risk,2,14
9094,66,UAE,25-01-2023,Suite,Agent,134,13625.24,1,177128.12,January,High Risk,2,7
9102,59,Germany,16-11-2023,Suite,Online,151,8245.55,1,115437.7,November,High Risk,1,11
9105,53,USA,05-06-2023,Suite,Corporate,68,8587.4,0,8587.4,June,Medium Risk,1,15
9107,44,India,03-05-2023,Suite,Corporate,163,14112.7,1,84676.2,May,High Risk,1,7
9115,27,India,27-01-2023,Suite,Corporate,30,7646.6,1,30586.4,January,Low Risk,2,15
9118,42,USA,05-03-2023,Suite,Agent,168,2266.53,1,20398.77,March,High Risk,1,10
9127,39,India,11-11-2023,Suite,Agent,17,8389.45,0,58726.15,November,Low Risk,2,6
9128,54,UAE,27-04-2023,Suite,Corporate,116,8076.19,1,64609.52,April,High Risk,1,7
9129,37,USA,13-06-2023,Suite,Agent,9,7467.01,0,52269.07,June,Low Risk,2,9
9137,18,USA,08-08-2023,Suite,Online,175,14873.62,1,14873.62,August,High Risk,2,13
9138,69,India,29-06-2023,Suite,Online,18,11767.24,0,23534.48,June,Low Risk,2,4
9139,62,USA,24-12-2023,Suite,Agent,20,11741.44,1,140897.28,December,Low Risk,1,5
9144,63,USA,04-01-2023,Suite,Online,170,2777.2,1,36103.6,January,High Risk,1,9
9147,39,Germany,11-09-2023,Suite,Corporate,35,14738.17,0,88429.02,September,Low Risk,1,7
9148,61,India,02-06-2023,Suite,Agent,5,11055.26,0,77386.82,June,Low Risk,1,14
9150,43,UK,24-02-2023,Suite,Corporate,45,9423.96,0,122511.48,February,Low Risk,2,4
9153,41,India,17-11-2023,Suite,Online,165,12922.43,1,51689.72,November,High Risk,2,18
9165,33,USA,12-06-2023,Suite,Online,72,3891.01,1,31128.08,June,Medium Risk,1,4
9167,51,India,10-09-2023,Suite,Corporate,100,10459.9,0,41839.6,September,Medium Risk,1,16
9169,18,Germany,18-07-2023,Suite,Agent,37,7052.13,0,63469.17,July,Low Risk,1,8
9181,51,UK,03-03-2023,Suite,Corporate,97,11125.13,0,122376.43,March,Medium Risk,2,6
9183,58,UAE,30-01-2023,Suite,Online,82,3627.59,0,32648.31,January,Medium Risk,2,9
9191,24,Germany,14-08-2023,Suite,Online,87,6127.94,1,49023.52,August,Medium Risk,1,19
9199,58,USA,06-07-2023,Suite,Corporate,17,13868.73,1,194162.22,July,Low Risk,1,16
9202,21,UK,31-07-2023,Suite,Corporate,173,14270.85,1,171250.2,July,High Risk,2,11
9206,49,UAE,18-03-2023,Suite,Agent,86,11376.94,0,68261.64,March,Medium Risk,2,15
9209,18,UAE,02-11-2023,Suite,Online,77,2028.32,1,14198.24,November,Medium Risk,1,11
9210,52,UK,30-11-2023,Suite,Online,13,8628.69,1,34514.76,November,Low Risk,2,16
9213,53,Germany,14-06-2023,Suite,Corporate,104,8926.23,1,44631.15,June,High Risk,2,4
9214,42,UK,03-09-2023,Suite,Agent,176,6087.32,1,48698.56,September,High Risk,2,10
9215,33,USA,19-04-2023,Suite,Corporate,15,12897.12,0,128971.2,April,Low Risk,1,12
9216,36,UK,29-03-2023,Suite,Online,81,3303.3,0,19819.8,March,Medium Risk,1,13
9220,39,India,17-07-2023,Suite,Corporate,70,14163.15,0,169957.8,July,Medium Risk,1,18
9222,60,India,02-06-2023,Suite,Agent,114,8891.43,1,88914.3,June,High Risk,2,7
9229,53,UK,01-02-2023,Suite,Online,111,8207.95,1,32831.8,February,High Risk,1,6
9237,19,Germany,14-09-2023,Suite,Agent,66,9253.32,1,64773.24,September,Medium Risk,2,16
9240,61,UAE,30-04-2023,Suite,Online,59,11881,0,35643,April,Medium Risk,2,2
9242,64,Germany,31-03-2023,Suite,Agent,0,9226.9,0,64588.3,March,Low Risk,2,13
9246,38,India,10-05-2023,Suite,Corporate,148,3516.53,1,35165.3,May,High Risk,2,7
9253,31,India,14-07-2023,Suite,Corporate,4,11954.69,0,47818.76,July,Low Risk,1,5
9255,54,Germany,03-06-2023,Suite,Online,166,3274.53,1,19647.18,June,High Risk,1,11
9260,31,UK,13-03-2023,Suite,Online,77,13124.07,1,131240.7,March,Medium Risk,1,16
9261,50,USA,26-06-2023,Suite,Online,14,13667.04,0,82002.24,June,Low Risk,1,20
9269,58,USA,03-03-2023,Suite,Agent,89,9140.42,0,54842.52,March,Medium Risk,1,11
9270,36,UAE,26-05-2023,Suite,Corporate,18,8906.13,1,53436.78,May,Low Risk,2,18
9274,21,UK,19-04-2023,Suite,Corporate,61,5524.42,0,77341.88,April,Medium Risk,1,14
9276,46,India,01-05-2023,Suite,Online,111,2937.63,1,26438.67,May,High Risk,1,16
9277,24,UAE,12-02-2023,Suite,Online,178,3825.06,1,30600.48,February,High Risk,2,13
9279,29,USA,13-07-2023,Suite,Corporate,162,9214.74,1,55288.44,July,High Risk,2,12
9280,52,India,07-11-2023,Suite,Online,23,3636.74,0,40004.14,November,Low Risk,1,9
9285,27,UAE,13-12-2023,Suite,Online,122,4919.06,1,68866.84,December,High Risk,1,4
9286,60,Germany,29-09-2023,Suite,Agent,136,3268.67,1,19612.02,September,High Risk,2,18
9287,34,USA,09-11-2023,Suite,Online,99,4675.05,0,18700.2,November,Medium Risk,1,12
9300,31,India,24-12-2023,Suite,Agent,87,9189.3,1,45946.5,December,Medium Risk,1,8
9304,59,India,19-10-2023,Suite,Agent,70,5694,0,17082,October,Medium Risk,1,8
9305,46,UK,01-11-2023,Suite,Agent,162,8617.9,1,8617.9,November,High Risk,1,10
9308,21,UAE,19-12-2023,Suite,Online,176,8984,1,89840,December,High Risk,1,7
9309,35,USA,24-12-2023,Suite,Online,109,5883.18,1,70598.16,December,High Risk,2,11
9311,66,UAE,19-09-2023,Suite,Agent,114,14444.84,1,115558.72,September,High Risk,1,7
9317,20,UK,21-09-2023,Suite,Corporate,75,11777.24,1,105995.16,September,Medium Risk,1,14
9326,65,Germany,23-05-2023,Suite,Corporate,94,6992.88,0,55943.04,May,Medium Risk,2,9
9336,25,Germany,28-06-2023,Suite,Corporate,27,8668.75,1,112693.75,June,Low Risk,1,13
9337,61,Germany,30-09-2023,Suite,Corporate,177,13467.98,1,161615.76,September,High Risk,1,16
9341,22,UAE,13-12-2023,Suite,Online,166,2143.69,1,6431.07,December,High Risk,1,12
9345,59,USA,12-09-2023,Suite,Corporate,12,3448.26,0,37930.86,September,Low Risk,1,2
9346,49,India,30-01-2023,Suite,Online,119,4631.32,1,37050.56,January,High Risk,1,15
9347,50,UK,26-03-2023,Suite,Agent,58,7446.79,1,29787.16,March,Medium Risk,1,7
9351,29,India,08-04-2023,Suite,Corporate,46,6333.01,0,82329.13,April,Low Risk,1,17
9357,43,UK,14-05-2023,Suite,Online,110,7910.39,1,31641.56,May,High Risk,1,8
9359,20,USA,31-12-2023,Suite,Agent,175,4044.03,1,24264.18,December,High Risk,1,20
9361,21,Germany,04-03-2023,Suite,Online,30,13871.57,1,152587.27,March,Low Risk,2,4
9362,42,Germany,25-09-2023,Suite,Corporate,170,8807.04,1,35228.16,September,High Risk,2,4
9369,26,Germany,02-11-2023,Suite,Online,98,2803.29,0,16819.74,November,Medium Risk,1,16
9370,19,UK,14-02-2023,Suite,Corporate,177,4117.81,1,53531.53,February,High Risk,2,7
9373,48,USA,26-02-2023,Suite,Agent,12,13796.99,0,82781.94,February,Low Risk,2,4
9374,61,Germany,02-02-2023,Suite,Corporate,59,13657.45,1,40972.35,February,Medium Risk,1,4
9376,19,UK,27-10-2023,Suite,Corporate,108,3231.22,1,42005.86,October,High Risk,1,3
9378,35,UK,25-02-2023,Suite,Online,151,11113.7,1,44454.8,February,High Risk,1,10
9379,30,USA,13-02-2023,Suite,Corporate,91,5486.54,0,49378.86,February,Medium Risk,1,2
9380,63,Germany,31-07-2023,Suite,Corporate,128,14908.1,1,74540.5,July,High Risk,1,9
9383,61,India,03-02-2023,Suite,Online,21,13340.62,1,40021.86,February,Low Risk,2,15
9390,24,USA,24-03-2023,Suite,Agent,109,9960.03,1,39840.12,March,High Risk,1,14
9392,20,USA,17-05-2023,Suite,Corporate,173,12479.68,1,99837.44,May,High Risk,2,4
9394,20,India,26-06-2023,Suite,Corporate,4,3423.7,0,20542.2,June,Low Risk,1,15
9396,41,USA,02-11-2023,Suite,Corporate,58,4055.79,1,40557.9,November,Medium Risk,1,18
9399,66,UAE,20-12-2023,Suite,Online,95,5615.8,0,5615.8,December,Medium Risk,2,6
9403,53,Germany,09-06-2023,Suite,Agent,54,11797.88,1,129776.68,June,Medium Risk,1,15
9404,19,India,12-01-2023,Suite,Agent,70,10404.65,1,114451.15,January,Medium Risk,1,15
9406,56,India,08-11-2023,Suite,Agent,90,3851.81,1,26962.67,November,Medium Risk,2,5
9408,43,India,14-01-2023,Suite,Agent,111,9193.25,1,9193.25,January,High Risk,1,20
9412,57,Germany,27-02-2023,Suite,Agent,107,3989.98,1,23939.88,February,High Risk,2,4
9416,39,India,14-03-2023,Suite,Corporate,44,7669.23,0,15338.46,March,Low Risk,2,20
9417,47,UAE,05-09-2023,Suite,Corporate,128,12291.64,1,86041.48,September,High Risk,2,12
9424,26,UK,12-08-2023,Suite,Corporate,156,10819.56,1,108195.6,August,High Risk,1,6
9430,22,India,18-04-2023,Suite,Corporate,40,7253.96,0,65285.64,April,Low Risk,1,16
9433,25,UK,31-12-2023,Suite,Agent,169,4082.58,1,20412.9,December,High Risk,2,10
9434,36,USA,16-01-2023,Suite,Agent,43,9795.61,0,97956.1,January,Low Risk,2,16
9435,40,USA,20-04-2023,Suite,Agent,158,4224.39,1,29570.73,April,High Risk,1,17
9436,44,USA,20-09-2023,Suite,Online,115,2774.75,1,33297,September,High Risk,2,19
9437,57,India,09-06-2023,Suite,Online,138,14448.5,1,202279,June,High Risk,2,17
9443,59,Germany,27-12-2023,Suite,Corporate,66,8530.41,1,25591.23,December,Medium Risk,2,13
9446,58,USA,14-11-2023,Suite,Corporate,27,10019.01,1,70133.07,November,Low Risk,2,7
9447,50,UAE,13-10-2023,Suite,Online,146,12253.86,1,159300.18,October,High Risk,2,14
9448,36,India,05-09-2023,Suite,Agent,156,2850.72,1,19955.04,September,High Risk,1,6
9450,36,India,15-02-2023,Suite,Online,18,14604.39,0,146043.9,February,Low Risk,2,10
9451,50,USA,12-02-2023,Suite,Agent,55,2709.63,1,5419.26,February,Medium Risk,1,6
9455,24,UAE,18-07-2023,Suite,Online,87,8976.76,1,53860.56,July,Medium Risk,2,8
9459,25,USA,23-04-2023,Suite,Corporate,40,8508.19,1,76573.71,April,Low Risk,1,13
9462,45,India,26-05-2023,Suite,Agent,98,10846.73,1,108467.3,May,Medium Risk,1,15
9464,66,India,06-01-2023,Suite,Agent,23,10875.79,0,87006.32,January,Low Risk,2,13
9465,43,USA,06-12-2023,Suite,Online,160,2604.55,1,20836.4,December,High Risk,2,6
9471,50,UK,10-04-2023,Suite,Corporate,145,9654.05,1,77232.4,April,High Risk,1,17
9472,60,USA,23-11-2023,Suite,Agent,170,14562.47,1,174749.64,November,High Risk,2,11
9474,50,India,23-05-2023,Suite,Online,26,10247.3,0,81978.4,May,Low Risk,1,15
9478,47,USA,30-04-2023,Suite,Corporate,18,7579.6,0,98534.8,April,Low Risk,1,8
9480,33,Germany,15-12-2023,Suite,Online,25,12000.94,0,24001.88,December,Low Risk,1,14
9483,50,India,18-11-2023,Suite,Corporate,145,9690.87,1,106599.57,November,High Risk,2,3
9486,18,UAE,27-07-2023,Suite,Corporate,146,12626.01,1,164138.13,July,High Risk,1,7
9488,55,USA,31-05-2023,Suite,Corporate,104,2846.08,1,39845.12,May,High Risk,2,14
9493,67,UAE,29-04-2023,Suite,Online,41,6932.12,1,41592.72,April,Low Risk,2,17
9494,55,India,16-07-2023,Suite,Corporate,164,14176.09,1,56704.36,July,High Risk,1,18
9495,59,UAE,23-02-2023,Suite,Online,40,4122.06,1,12366.18,February,Low Risk,2,16
9498,44,India,09-12-2023,Suite,Online,93,8010.2,0,24030.6,December,Medium Risk,2,3
9499,58,India,08-11-2023,Suite,Agent,87,12697.81,0,152373.72,November,Medium Risk,1,6
9500,25,USA,02-01-2023,Suite,Agent,0,3999.87,1,31998.96,January,Low Risk,1,7
9505,23,UK,19-05-2023,Suite,Corporate,4,8377.69,0,83776.9,May,Low Risk,2,2
9506,31,UAE,12-07-2023,Suite,Corporate,158,4374.4,1,21872,July,High Risk,2,17
9510,56,USA,13-02-2023,Suite,Corporate,152,10504.46,1,105044.6,February,High Risk,1,16
9515,68,UK,30-08-2023,Suite,Online,37,4068.18,0,8136.36,August,Low Risk,1,12
9516,40,India,15-09-2023,Suite,Corporate,175,11989.14,1,167847.96,September,High Risk,2,4
9518,24,UK,16-10-2023,Suite,Corporate,147,11911.01,1,107199.09,October,High Risk,2,9
9526,26,India,09-05-2023,Suite,Corporate,44,13002.49,1,91017.43,May,Low Risk,2,10
9527,32,UK,22-05-2023,Suite,Agent,148,11766.66,1,141199.92,May,High Risk,1,12
9528,69,USA,12-12-2023,Suite,Agent,179,14250.32,1,128252.88,December,High Risk,2,8
9529,19,UAE,29-10-2023,Suite,Corporate,147,4986.22,1,14958.66,October,High Risk,1,9
9531,30,UK,15-05-2023,Suite,Online,94,4692.37,0,9384.74,May,Medium Risk,1,8
9532,51,UK,24-02-2023,Suite,Corporate,136,9346.66,1,84119.94,February,High Risk,1,5
9536,55,UK,05-12-2023,Suite,Corporate,166,3861.38,1,46336.56,December,High Risk,2,11
9538,59,Germany,12-05-2023,Suite,Corporate,93,9886.22,1,29658.66,May,Medium Risk,1,9
9545,56,Germany,14-12-2023,Suite,Online,119,2264.74,1,24912.14,December,High Risk,2,6
9551,28,UAE,11-04-2023,Suite,Online,101,13281.22,1,92968.54,April,High Risk,1,8
9555,18,UK,09-01-2023,Suite,Agent,32,4247.88,0,21239.4,January,Low Risk,1,19
9556,44,UK,25-07-2023,Suite,Online,136,4744.18,1,61674.34,July,High Risk,2,1
9559,35,UAE,29-06-2023,Suite,Corporate,150,12066,1,72396,June,High Risk,2,6
9560,29,UAE,14-04-2023,Suite,Online,21,6740.36,0,20221.08,April,Low Risk,2,9
9561,30,Germany,06-05-2023,Suite,Corporate,71,13940.25,0,69701.25,May,Medium Risk,2,18
9566,33,USA,16-10-2023,Suite,Corporate,146,9711.98,1,67983.86,October,High Risk,2,4
9569,52,Germany,02-04-2023,Suite,Agent,133,13512.51,1,94587.57,April,High Risk,1,9
9570,39,India,10-04-2023,Suite,Corporate,179,9694.31,1,126026.03,April,High Risk,1,11
9577,32,UK,08-02-2023,Suite,Corporate,138,3068.05,1,27612.45,February,High Risk,2,1
9579,59,USA,10-01-2023,Suite,Online,159,13038.08,1,182533.12,January,High Risk,2,3
9594,57,USA,04-06-2023,Suite,Agent,123,9340.37,1,130765.18,June,High Risk,1,16
9603,43,Germany,15-08-2023,Suite,Corporate,158,7386.72,1,66480.48,August,High Risk,1,2
9610,38,USA,10-09-2023,Suite,Online,25,3302.65,0,39631.8,September,Low Risk,1,15
9612,59,USA,22-04-2023,Suite,Agent,109,8286.11,1,82861.1,April,High Risk,1,18
9614,61,USA,18-02-2023,Suite,Corporate,96,12706.88,0,114361.92,February,Medium Risk,2,2
9618,34,UAE,28-11-2023,Suite,Online,122,5214.94,1,5214.94,November,High Risk,1,17
9620,69,India,05-03-2023,Suite,Online,61,10415.54,0,62493.24,March,Medium Risk,1,6
9624,29,UK,23-11-2023,Suite,Online,92,12417.89,0,86925.23,November,Medium Risk,2,19
9625,19,UK,29-12-2023,Suite,Corporate,3,12826.59,1,179572.26,December,Low Risk,2,5
9626,63,India,18-06-2023,Suite,Agent,130,12360.69,1,49442.76,June,High Risk,1,8
9631,26,UK,15-05-2023,Suite,Corporate,69,5248.96,0,20995.84,May,Medium Risk,1,10
9632,38,Germany,04-02-2023,Suite,Online,68,14111.27,0,169335.24,February,Medium Risk,2,14
9633,28,UK,08-08-2023,Suite,Online,7,8552.84,0,119739.76,August,Low Risk,2,10
9637,66,Germany,08-12-2023,Suite,Corporate,111,14310.86,1,42932.58,December,High Risk,2,14
9638,19,Germany,29-08-2023,Suite,Corporate,71,7073.69,0,84884.28,August,Medium Risk,1,14
9642,56,UAE,12-07-2023,Suite,Online,45,13458.96,0,121130.64,July,Low Risk,2,6
9646,68,UK,21-10-2023,Suite,Online,4,12794.87,1,63974.35,October,Low Risk,2,8
9647,45,UAE,25-10-2023,Suite,Agent,152,4672.79,1,28036.74,October,High Risk,1,17
9648,48,India,05-09-2023,Suite,Agent,174,8355.12,1,66840.96,September,High Risk,1,18
9649,28,Germany,14-06-2023,Suite,Corporate,170,3473.12,1,13892.48,June,High Risk,2,2
9651,19,India,12-03-2023,Suite,Corporate,158,13094.2,1,39282.6,March,High Risk,2,18
9655,52,India,22-01-2023,Suite,Agent,139,2588.62,1,12943.1,January,High Risk,2,7
9659,38,UK,21-10-2023,Suite,Agent,124,13575.37,1,190055.18,October,High Risk,1,16
9660,22,India,08-02-2023,Suite,Corporate,35,7812.54,0,46875.24,February,Low Risk,1,8
9663,38,USA,26-10-2023,Suite,Corporate,174,3815.98,1,30527.84,October,High Risk,1,10
9670,19,UK,02-05-2023,Suite,Online,93,7365.78,0,22097.34,May,Medium Risk,1,15
9678,68,UAE,04-11-2023,Suite,Agent,138,11672.05,1,81704.35,November,High Risk,2,15
9679,22,USA,17-02-2023,Suite,Agent,134,14127.17,1,155398.87,February,High Risk,2,19
9682,29,USA,23-10-2023,Suite,Online,33,11628.36,1,127911.96,October,Low Risk,1,11
9683,65,USA,27-11-2023,Suite,Corporate,62,13271.94,0,53087.76,November,Medium Risk,1,18
9685,68,Germany,10-03-2023,Suite,Online,134,4886.2,1,63520.6,March,High Risk,1,14
9686,52,UK,26-03-2023,Suite,Online,42,6381.74,1,51053.92,March,Low Risk,1,17
9691,39,India,07-09-2023,Suite,Online,51,5660.01,1,50940.09,September,Medium Risk,2,8
9694,64,Germany,28-10-2023,Suite,Agent,45,3567.96,0,24975.72,October,Low Risk,1,9
9695,20,Germany,30-09-2023,Suite,Agent,102,7415.86,1,59326.88,September,High Risk,2,15
9696,37,UK,18-06-2023,Suite,Online,41,9254.06,1,18508.12,June,Low Risk,1,12
9697,48,Germany,29-11-2023,Suite,Agent,59,6054.94,1,60549.4,November,Medium Risk,1,13
9699,41,UK,13-12-2023,Suite,Agent,103,11873.4,1,166227.6,December,High Risk,2,2
9702,25,UK,25-12-2023,Suite,Agent,123,5340.85,1,37385.95,December,High Risk,2,3
9710,30,USA,28-08-2023,Suite,Agent,136,12322.87,1,36968.61,August,High Risk,1,10
9724,40,USA,27-01-2023,Suite,Online,60,4156.13,0,16624.52,January,Medium Risk,1,6
9727,49,India,09-03-2023,Suite,Online,59,11852.41,0,118524.1,March,Medium Risk,1,10
9728,67,USA,28-05-2023,Suite,Corporate,133,13797.68,1,96583.76,May,High Risk,2,4
9730,53,UK,24-11-2023,Suite,Corporate,70,12698.02,0,165074.26,November,Medium Risk,1,16
9737,41,UK,11-10-2023,Suite,Agent,134,13549.76,1,135497.6,October,High Risk,1,6
9740,35,Germany,22-04-2023,Suite,Online,134,9238.71,1,46193.55,April,High Risk,2,15
9742,21,India,28-09-2023,Suite,Corporate,70,11168.27,0,134019.24,September,Medium Risk,1,1
9743,43,UK,20-04-2023,Suite,Online,177,11740.41,1,58702.05,April,High Risk,1,5
9745,33,India,12-12-2023,Suite,Corporate,117,3998.76,1,15995.04,December,High Risk,1,14
9746,52,USA,20-10-2023,Suite,Online,142,10489.38,1,73425.66,October,High Risk,1,13
9750,40,UK,06-12-2023,Suite,Corporate,155,14320,1,57280,December,High Risk,1,18
9754,50,India,27-03-2023,Suite,Corporate,130,6064.06,1,42448.42,March,High Risk,1,18
9761,31,Germany,07-01-2023,Suite,Agent,138,13026.48,1,52105.92,January,High Risk,1,11
9764,47,USA,28-01-2023,Suite,Corporate,120,14799.5,1,192393.5,January,High Risk,2,10
9767,30,India,08-09-2023,Suite,Online,111,9585.19,1,76681.52,September,High Risk,1,15
9769,40,India,26-10-2023,Suite,Corporate,4,14541.56,0,87249.36,October,Low Risk,1,10
9774,35,India,12-07-2023,Suite,Agent,27,5456.09,1,5456.09,July,Low Risk,1,17
9777,49,Germany,23-11-2023,Suite,Online,149,12122.23,1,109100.07,November,High Risk,2,17
9784,51,India,28-06-2023,Suite,Corporate,40,14351.96,1,100463.72,June,Low Risk,2,5
9787,21,USA,19-11-2023,Suite,Agent,80,3843.1,0,46117.2,November,Medium Risk,2,7
9792,28,Germany,06-07-2023,Suite,Corporate,32,2810.95,1,5621.9,July,Low Risk,1,18
9793,44,UK,13-12-2023,Suite,Online,81,6477.63,1,90686.82,December,Medium Risk,2,11
9796,47,India,12-03-2023,Suite,Agent,173,6781.21,1,74593.31,March,High Risk,1,1
9798,33,Germany,23-11-2023,Suite,Online,70,12883.43,1,154601.16,November,Medium Risk,2,1
9801,52,Germany,18-04-2023,Suite,Corporate,19,6767.81,0,74445.91,April,Low Risk,1,18
9808,67,UAE,04-08-2023,Suite,Online,112,9360.57,1,84245.13,August,High Risk,1,5
9810,53,USA,14-09-2023,Suite,Agent,13,11704.71,0,117047.1,September,Low Risk,1,7
9814,58,USA,28-09-2023,Suite,Corporate,169,12003.72,1,168052.08,September,High Risk,2,4
9817,44,UAE,07-03-2023,Suite,Corporate,162,2191.89,1,10959.45,March,High Risk,1,16
9819,42,Germany,17-05-2023,Suite,Corporate,30,11791.97,1,23583.94,May,Low Risk,2,4
9822,45,India,26-05-2023,Suite,Agent,173,10393.54,1,10393.54,May,High Risk,1,16
9832,62,Germany,02-01-2023,Suite,Agent,91,9768.24,0,68377.68,January,Medium Risk,1,5
9833,51,India,20-08-2023,Suite,Online,62,6204.2,0,12408.4,August,Medium Risk,2,19
9839,24,UAE,31-01-2023,Suite,Agent,93,5572.12,1,16716.36,January,Medium Risk,1,13
9840,63,UAE,04-06-2023,Suite,Agent,46,9544.03,0,114528.36,June,Low Risk,1,8
9841,48,USA,01-05-2023,Suite,Agent,161,11511.94,1,34535.82,May,High Risk,1,7
9844,46,Germany,25-06-2023,Suite,Corporate,152,9542.49,1,85882.41,June,High Risk,1,15
9852,41,UK,24-11-2023,Suite,Agent,5,3357.57,1,23502.99,November,Low Risk,1,2
9854,44,Germany,05-09-2023,Suite,Online,82,12874.49,1,167368.37,September,Medium Risk,2,4
9856,49,India,10-02-2023,Suite,Corporate,174,4299.67,1,34397.36,February,High Risk,2,19
9858,35,Germany,04-10-2023,Suite,Online,33,5614.31,0,22457.24,October,Low Risk,1,10
9860,35,Germany,12-03-2023,Suite,Agent,140,4925.12,1,68951.68,March,High Risk,2,5
9863,26,USA,14-03-2023,Suite,Online,96,11850.18,1,23700.36,March,Medium Risk,2,11
9866,37,UK,17-03-2023,Suite,Corporate,33,14682.35,0,132141.15,March,Low Risk,1,19
9867,59,Germany,02-10-2023,Suite,Online,109,7279.88,1,36399.4,October,High Risk,1,16
9868,39,UAE,10-10-2023,Suite,Online,24,14739.83,1,206357.62,October,Low Risk,1,19
9869,36,UAE,26-05-2023,Suite,Corporate,81,5196.78,1,62361.36,May,Medium Risk,1,8
9870,47,USA,13-01-2023,Suite,Corporate,106,14408.99,1,115271.92,January,High Risk,1,9
9874,28,Germany,26-03-2023,Suite,Corporate,176,11202.97,1,112029.7,March,High Risk,1,4
9875,48,UAE,11-06-2023,Suite,Online,161,4491.07,1,49401.77,June,High Risk,1,6
9877,65,India,20-02-2023,Suite,Agent,29,8952.49,1,62667.43,February,Low Risk,1,11
9879,53,USA,01-01-2023,Suite,Agent,37,5906.93,0,41348.51,January,Low Risk,1,7
9883,29,UK,02-07-2023,Suite,Online,131,12053.66,1,108482.94,July,High Risk,1,15
9892,60,UK,27-08-2023,Suite,Corporate,138,11162.53,1,33487.59,August,High Risk,1,7
9894,61,USA,04-04-2023,Suite,Agent,49,9710.18,0,38840.72,April,Low Risk,1,9
9897,32,India,18-01-2023,Suite,Corporate,37,13295.01,0,79770.06,January,Low Risk,1,20
9903,40,India,21-09-2023,Suite,Corporate,89,13594.23,1,108753.84,September,Medium Risk,2,17
9909,25,India,09-01-2023,Suite,Online,24,13194.71,1,26389.42,January,Low Risk,1,15
9910,46,UAE,12-12-2023,Suite,Online,101,13161.68,1,52646.72,December,High Risk,2,7
9911,28,Germany,31-10-2023,Suite,Online,95,2859.85,0,14299.25,October,Medium Risk,1,18
9918,26,UK,24-04-2023,Suite,Agent,0,6019.79,0,24079.16,April,Low Risk,1,13
9919,52,India,01-10-2023,Suite,Online,158,3227.95,1,16139.75,October,High Risk,1,7
9920,28,UK,29-01-2023,Suite,Agent,60,6977.96,0,90713.48,January,Medium Risk,2,8
9921,61,India,22-07-2023,Suite,Online,2,8122.71,1,73104.39,July,Low Risk,1,12
9926,45,UAE,08-04-2023,Suite,Corporate,161,13476,1,107808,April,High Risk,2,1
9927,28,UK,27-04-2023,Suite,Online,17,9686.12,1,87175.08,April,Low Risk,1,13
9936,39,UAE,29-09-2023,Suite,Agent,147,11520.88,1,138250.56,September,High Risk,1,7
9939,61,USA,19-05-2023,Suite,Online,120,6185.62,1,24742.48,May,High Risk,2,11
9947,31,India,25-11-2023,Suite,Corporate,44,14790.5,0,44371.5,November,Low Risk,1,3
9949,26,USA,09-09-2023,Suite,Agent,49,6610.2,0,72712.2,September,Low Risk,2,17
9953,38,UK,02-05-2023,Suite,Corporate,97,9230.73,1,46153.65,May,Medium Risk,2,13
9954,35,UK,04-02-2023,Suite,Online,115,9502.92,1,85526.28,February,High Risk,1,14
9955,50,UAE,10-03-2023,Suite,Agent,122,3385.78,1,10157.34,March,High Risk,1,2
9959,34,Germany,05-05-2023,Suite,Agent,5,2331.59,1,18652.72,May,Low Risk,1,9
9960,60,Germany,26-10-2023,Suite,Agent,167,9118.06,1,45590.3,October,High Risk,1,16
9965,31,USA,24-08-2023,Suite,Agent,4,5270.21,0,63242.52,August,Low Risk,2,7
9967,29,UK,15-09-2023,Suite,Agent,98,2518.14,0,22663.26,September,Medium Risk,2,20
9971,19,India,08-08-2023,Suite,Online,54,10544.27,0,73809.89,August,Medium Risk,2,19
9972,19,USA,13-08-2023,Suite,Online,165,2333.79,1,32673.06,August,High Risk,2,3
9973,32,UK,11-04-2023,Suite,Agent,22,13504.98,0,189069.72,April,Low Risk,1,14
9974,40,UAE,08-12-2023,Suite,Online,134,8502.76,1,85027.6,December,High Risk,2,19
9975,46,India,02-05-2023,Suite,Corporate,37,9197.77,0,73582.16,May,Low Risk,2,16
9976,34,UAE,06-08-2023,Suite,Online,108,8016.02,1,40080.1,August,High Risk,2,13
9983,47,UK,30-11-2023,Suite,Corporate,105,3701.62,1,44419.44,November,High Risk,1,4
9984,34,Germany,06-06-2023,Suite,Agent,56,11921.23,0,154975.99,June,Medium Risk,2,19
9985,49,India,30-07-2023,Suite,Corporate,91,7448.35,0,59586.8,July,Medium Risk,1,8
9990,23,UK,12-01-2023,Suite,Online,2,11166.58,0,22333.16,January,Low Risk,2,7
9991,44,UK,24-03-2023,Suite,Agent,116,3128.19,1,43794.66,March,High Risk,2,13
9992,35,India,23-04-2023,Suite,Online,157,6337.34,1,50698.72,April,High Risk,2,9
10000,32,Germany,25-07-2023,Suite,Corporate,33,14198.5,0,156183.5,July,Low Risk,1,3
